key,input,pampa7.4_proba1
KYLIZBIRMBGUOP-UHFFFAOYSA-N,COc1ccc(-c2cc(=S)ss2)cc1,0.1
OCSOHUROTFFTFO-UHFFFAOYSA-N,NC(=O)OCC(O)c1ccccc1,0.86
MSJLJWCAEPENBL-UHFFFAOYSA-N,CCOCCN(Cc1ccc(CN(CCOCC)C(=O)C(Cl)Cl)cc1)C(=O)C(Cl)Cl,0.326
MPTJIDOGFUQSQH-UHFFFAOYSA-N,Clc1cc(Cl)c2c(c1)CCc1ccccc1C2n1ccnc1,0.458
IUVKMZGDUIUOCP-BTNSXGMBSA-N,C[C@]12CC[C@H]3[C@@H](CCC4=CC(=O)C=C[C@@]43C)[C@@H]1CC[C@@H]2OC1=CCCC1,0.174
OHTXTCNTQJFRIG-UHFFFAOYSA-N,O=C1OC(c2ccc(O)c(S(=O)(=O)O)c2)(c2ccc(O)c(S(=O)(=O)O)c2)c2c(Br)c(Br)c(Br)c(Br)c21,1.0
NGGMYCMLYOUNGM-CSDLUJIJSA-N,CO[C@@H]1[C@H](OC(=O)/C=C/C=C/C=C/C=C/C(=O)O)CC[C@]2(CO2)[C@H]1[C@@]1(C)O[C@@H]1CC=C(C)C,0.155
QYKIQEUNHZKYBP-UHFFFAOYSA-N,C=COC=C,0.002
GCHKUUOPYMFGEY-VMPITWQZSA-N,CCOC(=O)/C(=C/c1ncc([N+](=O)[O-])n1C)C(C)=O,0.225
FIOAEFCJGZJUPW-ODFYUTSGSA-N,CC(C)CCC[C@@H](C)[C@H]1CC[C@H]2[C@@H]3CC=C4C[C@@H](O)CC[C@]4(C[131I])[C@H]3CC[C@]12C,0.993
YMOXVLQZFAUUKI-UHFFFAOYSA-N,CCCC(=O)Nc1c(I)cc(I)c(CC(CC)C(=O)O)c1I,0.23
JOAHPSVPXZTVEP-YXJHDRRASA-N,CCN(CC)C(=O)N[C@H]1C[C@@H]2c3cccc4[nH]cc(c34)C[C@H]2N(C)C1,0.06
KZNICNPSHKQLFF-UHFFFAOYSA-N,O=C1CCC(=O)N1,1.0
LAYLQVBQIBQVLL-UHFFFAOYSA-N,CCOC(=O)CCCCCCCCC(C)c1ccc(I)cc1,0.999
HHFIATHHSBFCBY-UHFFFAOYSA-N,CNC(=O)CNC(=O)c1c(I)c(NC(C)=O)c(I)c(C(=O)O)c1I,1.0
VWYQKFLLGRBICZ-UHFFFAOYSA-N,CCCCNCC(=O)Nc1c(C)cccc1Cl,0.001
ZTVIKZXZYLEVOL-MCOXGKPRSA-N,CN1[C@@H]2CC[C@H]1C[C@@H](OC(=O)C(O)c1ccccc1)C2,0.97
JMFOSJNGKJCTMJ-ZHZULCJRSA-N,C/C(=C(/OCCOc1ccc(Cl)cc1)c1ccc(Cl)cc1Cl)n1ccnc1,0.488
ZCJYUTQZBAIHBS-UHFFFAOYSA-N,Clc1ccc(C(Cn2ccnc2)OCc2ccc(Sc3ccccc3)cc2)c(Cl)c1,0.807
GZZZSOOGQLOEOB-UHFFFAOYSA-N,CN(C(=O)C(Cl)Cl)c1ccc(O)cc1,0.848
ZYPGADGCNXOUJP-CXVPHVKISA-N,CCCC[C@@H](O)/C=C(C)/C=C/C=C/C(=O)N1CCCC1=O,0.039
CANPFCFJURGKAX-SCBSARHOSA-N,CCN1CCC[C@H]1CNC(=O)c1c(OC)ccc([123I])c1O,0.02
AGJUUQSLGVCRQA-SWOUQTJZSA-N,CCCCC[C@@H](O)[C@H]1C(=O)O[C@H](C)[C@@H](O)/C=C/C=C/C=C/C=C/C=C(\C)[C@@H](O)[C@H](O)[C@H](O)C[C@H](O)C[C@H](O)C[C@H](O)C[C@H](O)C[C@@H]1O,1.0
IPOPQVVNCFQFRK-UHFFFAOYSA-N,CCOC(=O)C1(c2ccccc2)CCN(CCC(O)c2ccccc2)CC1,0.11
OMDMTHRBGUBUCO-IUCAKERBSA-N,CC1=CC[C@H](C(C)(C)O)C[C@@H]1O,1.0
FJYJNLIEGUTPIJ-UHFFFAOYSA-N,Nc1c(I)cc(I)c(C(=O)N(CCC(=O)O)c2ccccc2)c1I,0.038
HHPZZKDXAFJLOH-QZIXMDIESA-N,CC(=O)O[C@@H](C)C(=O)[C@@]1(O)CC[C@H]2[C@@H]3CCC4=CC(=O)C=C[C@]4(C)[C@@]3(F)[C@@H](O)C[C@@]21C,1.0
VVDGWALACJEJKG-UHFFFAOYSA-N,CC(=O)NCc1c(I)c(NC(C)=O)c(I)c(C(=O)O)c1I,1.0
UXZFQZANDVDGMM-UHFFFAOYSA-N,Oc1c(I)cc(I)c2cccnc12,0.997
IKOCLISPVJZJEA-UHFFFAOYSA-N,CCOC(=O)CSCCC1NC(C(=O)O)CS1,1.0
JNYSEDHQJCOWQU-UHFFFAOYSA-N,CC(SC(=O)c1cccs1)C(=O)NCC(=O)O,1.0
GEGSSUSEWOHAFE-UHFFFAOYSA-N,OCCOc1ccc(Cl)cc1,0.113
BSHWLCACYCVCJE-UHFFFAOYSA-N,CCOC(CN1CCN(CC(C)C(=O)c2ccccc2)CC1)c1ccccc1,0.008
DUHUCHOQIDJXAT-OLVMNOGESA-N,CC(=O)[C@H]1CC[C@H]2[C@@H]3CC[C@H]4C[C@H](O)CC[C@]4(C)[C@H]3C(=O)C[C@]12C,0.22
ZDASUJMDVPTNTF-UHFFFAOYSA-N,Oc1c(Br)cc(Br)c2cccnc12,0.975
WFJIVOKAWHGMBH-UHFFFAOYSA-N,CCCCCCc1ccc(O)cc1O,0.967
GUFHWUFYAOUKTI-UHFFFAOYSA-N,CCCOC(=O)c1sc(C(=O)OCCC)c(O)c1O,0.79
DCSCXTJOXBUFGB-JGVFFNPUSA-N,CC1=CC(=O)[C@H]2C[C@@H]1C2(C)C,0.241
ZEAJXCPGHPJVNP-UHFFFAOYSA-N,OC(CNc1ccccn1)c1ccccc1,0.002
ODCUSWJXZDHLKV-UHFFFAOYSA-N,O=C(C(Cl)Cl)N(CCO)Cc1ccc(Oc2ccc([N+](=O)[O-])cc2)cc1,0.498
UAXYBJSAPFTPNB-KHPPLWFESA-N,CCOC(=O)/C=C1\SC(N2CCCCC2)C(=O)N1CC,0.003
NEIPZWZQHXCYDV-UHFFFAOYSA-N,OCC1COC(CI)O1,1.0
NUVBSKCKDOMJSU-UHFFFAOYSA-N,CCOC(=O)c1ccc(O)cc1,0.021
WNAQOLSMVPFGTE-UHFFFAOYSA-N,Cc1nc2ccccc2n1Cc1ccc(Cl)cc1,0.298
WWVAPFRKZMUPHZ-UHFFFAOYSA-N,O=C(CCOCCOCCOCCOCCC(=O)Nc1c(I)cc(I)c(C(=O)O)c1I)Nc1c(I)cc(I)c(C(=O)O)c1I,0.778
QDRCGSIKAHSALR-UHFFFAOYSA-N,COc1cc(S(=O)(=O)O)ccc1O,1.0
SRQKTCXJCCHINN-NYYWCZLTSA-N,CSCC1CN(/N=C/c2ccc([N+](=O)[O-])o2)C(=O)O1,0.907
YVHXHNGGPURVOS-SBTDHBFYSA-N,C=C1C[C@H]2[C@@H]3CCC4=CC(=O)C=C[C@]4(C)[C@@]3(F)[C@@H](O)C[C@]2(C)[C@@]1(O)C(=O)CO,1.0
JSNQSLSBBZFGBM-UHFFFAOYSA-N,CC1(C)OC2(C)C(O)CC1CC2O,0.98
OIRFJRBSRORBCM-UHFFFAOYSA-N,CCC(Cc1c(I)cc(I)c(N)c1I)C(=O)O,0.118
WXURHACBFYSXBI-GQKYHHCASA-N,C[C@@H]1C[C@H]2[C@@H]3C[C@H](F)C4=CC(=O)C=C[C@]4(C)[C@@]3(F)[C@@H](O)C[C@]2(C)[C@@]1(O)C(=O)CO,1.0
CAMYKONBWHRPDD-UHFFFAOYSA-N,NC(=O)OCCCc1ccccc1,0.12
GNOGSFBXBWBTIG-UHFFFAOYSA-N,CC(=O)Nc1c(I)cc(I)c(C(=O)O)c1I,0.587
MQHLMHIZUIDKOO-AYHJJNSGSA-N,CCC(C)(C)c1ccc(CC(C)CN2C[C@@H](C)O[C@@H](C)C2)cc1,0.516
GSVQIUGOUKJHRC-UHFFFAOYSA-N,CC(=O)N(CC(C)C(=O)O)c1c(I)cc(I)c(N)c1I,0.148
OKJPEAGHQZHRQV-UHFFFAOYSA-N,IC(I)I,1.0
VOGJJBHRUDVEFM-UHFFFAOYSA-N,CCCCC(CC)C1NC(=O)N(SC(Cl)(Cl)Cl)C1=O,0.763
YTJIBEDMAQUYSZ-FDNPDPBUSA-N,C[C@]12C=CC(=O)C=C1C(Cl)=C[C@@H]1[C@@H]2[C@@H](O)C[C@@]2(C)[C@H]1CC[C@]2(O)C(=O)CO,1.0
XUHXFSYUBXNTHU-UHFFFAOYSA-N,CN(C(=O)CC(=O)N(C)c1c(I)c(C(=O)NC(CO)C(O)CO)c(I)c(C(=O)NC(CO)C(O)CO)c1I)c1c(I)c(C(=O)NC(CO)C(O)CO)c(I)c(C(=O)NC(CO)C(O)CO)c1I,1.0
BELBBZDIHDAJOR-UHFFFAOYSA-N,O=S1(=O)OC(c2ccc(O)cc2)(c2ccc(O)cc2)c2ccccc21,0.983
UQZVCDCIMBLVNR-TWYODKAFSA-N,CS(=O)(=O)NC(=O)CCC/C=C\C[C@H]1C(=O)C[C@@H](O)[C@@H]1/C=C/[C@@H](O)COc1ccccc1,0.997
XXLZPUYGHQWHRN-RPBOFIJWSA-N,CCC1=C(C[C@H]2NCCc3cc(OC)c(OC)cc32)C[C@H]2c3cc(OC)c(OC)cc3CCN2C1,0.062
LJOQGZACKSYWCH-WGFDLZGGSA-N,CCC1CN2CCC1CC2[C@H](O)c1ccnc2ccc(OC)cc12,0.01
QFVAWNPSRQWSDU-UHFFFAOYSA-N,S=C1SCN(Cc2ccccc2)CN1Cc1ccccc1,0.884
JVVRCYWZTJLJSG-UHFFFAOYSA-N,CN(C)c1ccc(O)cc1,0.039
MFBMYAOAMQLLPK-FZNHGJLXSA-N,CCC(=O)O[C@]1(C(=O)COC(C)=O)CC[C@H]2[C@@H]3CCC4=CC(=O)CC[C@]4(C)[C@H]3[C@@H](O)C[C@@]21C,0.982
PQSUYGKTWSAVDQ-ZVIOFETBSA-N,C[C@]12CCC(=O)C=C1CC[C@@H]1[C@@H]2[C@@H](O)C[C@]2(C=O)[C@@H](C(=O)CO)CC[C@@H]12,0.99
YCWSUKQGVSGXJO-NTUHNPAUSA-N,O=C(N/N=C/c1ccc([N+](=O)[O-])o1)c1ccc(O)cc1,0.998
XUUGOSKUEDWDAS-COJKEBBMSA-N,C[N+](C)(C)CCOCC[18F],1.0
LHIALLMPKJMSIQ-NSCUHMNNSA-N,Cn1c([N+](=O)[O-])cnc1/C=C/c1ccnc(N)n1,0.999
ZQBAKBUEJOMQEX-UHFFFAOYSA-N,O=C(Oc1ccccc1)c1ccccc1O,0.815
RDFJFVXMRYVOAC-UHFFFAOYSA-N,O=S(=O)(O)CI,1.0
DNKPFCQEGBJJTE-UHFFFAOYSA-N,OC(CI)CI,0.996
KBGAYAKRZNYFFG-BOHATCBPSA-N,CC(=O)N[C@@H]([C@@H](O)[C@H](O)[C@H](O)CO)[C@@H](O)CC(=O)C(=O)O,1.0
NRFJZTXWLKPZAV-UHFFFAOYSA-N,CC(=O)NC1CCSC1=O,1.0
BDERNNFJNOPAEC-UHFFFAOYSA-N,CCCO,1.0
WGMASVSHOSNKMF-UHFFFAOYSA-N,C=C(Br)CC1(C(C)C)C(=O)NC(=O)N(C)C1=O,0.793
POPOYOKQQAEISW-UHFFFAOYSA-N,O=c1[nH]sc2cc(Cl)ccc12,0.116
QTRALMGDQMIVFF-UHFFFAOYSA-N,CCOCCN(Cc1ccc(Oc2ccc([N+](=O)[O-])cc2)cc1)C(=O)C(Cl)Cl,0.343
QFVDKARCPMTZCS-UHFFFAOYSA-N,CN(C)c1ccc(C(O)(c2ccc(N(C)C)cc2)c2ccc(N(C)C)cc2)cc1,0.125
DIDCGVRALANKIU-OTEFFYEFSA-N,CSCC[C@H](NC(=O)[C@H](CO)NC(=O)[C@H](Cc1ccc(O)cc1)NC(=O)CCN)C(=O)N[C@@H](CCC(=O)O)C(=O)N[C@@H](Cc1c[nH]cn1)C(=O)N[C@@H](Cc1ccccc1)C(=O)N[C@@H](CCCNC(=N)N)C(=O)N[C@@H](Cc1c[nH]c2ccccc12)C(=O)NCC(=O)N[C@@H](CCCCN)C(=O)N1CCC[C@H]1C(=O)N[C@H](C(=O)NCC(=O)N[C@@H](CCCCN)C(=O)N[C@@H](CCCCN)C(=O)N[C@@H](CCCCN)C(=O)NCCCCN)C(C)C,1.0
IUNJANQVIJDFTQ-UHFFFAOYSA-N,COCC(O)CN(C(C)=O)c1c(I)c(C(=O)NCC(O)CO)c(I)c(C(=O)NCC(O)CO)c1I,1.0
XJGFWWJLMVZSIG-UHFFFAOYSA-N,Nc1c2ccccc2nc2ccccc12,0.002
PGAUJQOPTMSERF-QWQRBHLCSA-N,CC(=O)O[C@H]1CC[C@H]2[C@@H]3CC[C@H]4CC(=O)C=C(C)[C@]4(C)[C@H]3CC[C@]12C,0.074
ROSXARVHJNYYDO-UHFFFAOYSA-N,CCCOC(=O)Cn1cc(I)c(=O)c(I)c1,0.24
QJHZPCLORSPENH-YVJYXHLXSA-N,CC(C)CCC[C@@H](C)[C@H]1CC[C@H]2[C@@H]3C[C@@H](CI)C4=C(CC[C@H](O)C4)[C@H]3CC[C@]12C,0.997
DBZJJPROPLPMSN-UHFFFAOYSA-N,O=C1OC2(c3ccccc31)c1cc(Br)c(O)c(Br)c1Oc1c2cc(Br)c(O)c1Br,0.988
RQXCLMGKHJWMOA-UHFFFAOYSA-N,OC(CCN1CCCCC1)(c1ccccc1)c1ccccc1,0.014
NIVFTEMPSCMWDE-UHFFFAOYSA-N,CCC(C(=O)O)C1(O)CCCCC1,1.0
SKVLYVHULOWXTD-UHFFFAOYSA-N,O=C(O)CCC(=O)Nc1ccc(S(=O)(=O)Nc2nccs2)cc1,1.0
WZHJKEUHNJHDLS-QTGUNEKASA-N,CN1C[C@H](CNC(=O)OCc2ccccc2)C[C@@H]2c3cccc4c3c(cn4C)C[C@H]21,0.057
DALKLAYLIPSCQL-YPYQNWSCSA-N,CCC(=O)O[C@]1(C(=O)COC(C)=O)CC[C@H]2[C@@H]3C[C@H](C)C4=CC(=O)C=C[C@]4(C)[C@H]3[C@@H](O)C[C@@]21C,0.984
UOWZUVNAGUAEQC-UHFFFAOYSA-N,O=C(O)Cc1cc(I)c(Oc2ccc(O)c(I)c2)c(I)c1,0.981
MLMFUKWWZIZRHX-UHFFFAOYSA-N,N=C(N)NN=C1C=CC(=NNC(N)=S)C=C1,1.0
XSTXAVWGXDQKEL-UHFFFAOYSA-N,ClC=C(Cl)Cl,1.0
SIYLLGKDQZGJHK-UHFFFAOYSA-N,CC(C)(C)CC(C)(C)c1ccc(OCCOCC[N+](C)(C)Cc2ccccc2)cc1,0.971
SPPTWHFVYKCNNK-FQEVSTJZSA-N,O=C(O)c1ccc(NC(=O)[C@H](Cc2ccc(O)cc2)NC(=O)c2ccccc2)cc1,1.0
JLMHZVYLAQPMOZ-UHFFFAOYSA-N,CNC(=S)NCO,1.0
HLDCSYXMVXILQC-UHFFFAOYSA-N,CCN(CC)CCOC(=O)c1cccc(-c2ccccc2)c1O,0.105
GGXMRPUKBWXVHE-MIHLVHIWSA-N,C[C@@H]1C[C@H]2[C@@H]3C[C@H](F)C4=CC(=O)C(Cl)=C[C@]4(C)[C@@]3(F)[C@@H](O)C[C@]2(C)[C@@]1(O)C(=O)CO,0.999
HTNIWVLUZVMSEC-ZDMUHYFLSA-N,C[C@]12CC[C@H]3[C@@H](CCC4C(=O)C(=O)CC[C@@H]43)[C@@H]1CC[C@@H]2OC(=O)CCC1CCCC1,0.025
ZLOXYEZYWCTXHU-UHFFFAOYSA-N,O=C(Nc1ncc([N+](=O)[O-])s1)c1cccs1,0.935
VTWKPILBIUBMDS-OTJLYDAYSA-N,C[C@]12C=CC(=O)C=C1[C@@H](F)C[C@H]1[C@@H]3C[C@@H](O)[C@](O)(C(=O)CO)[C@@]3(C)C[C@H](Cl)[C@@]12Cl,0.997
UIQMVEYFGZJHCZ-SSTWWWIQSA-N,C=CCN1CC[C@]23c4c5ccc(O)c4O[C@H]2[C@@H](O)C=C[C@H]3[C@H]1C5,0.03
QHZQILHUJDRDAI-UHFFFAOYSA-N,CCCCOCC(CN1C(=O)NC(=O)C(CC)(c2ccccc2)C1=O)OC(N)=O,1.0
FZDZULUFHNDEDJ-UHFFFAOYSA-N,O=C(COCC(=O)Nc1c(I)cc(I)c(C(=O)O)c1I)Nc1c(I)cc(I)c(C(=O)O)c1I,0.512
TZADDXVKYWMEHX-UHFFFAOYSA-N,O=c1c(I)cn(CC(O)CO)cc1I,0.999
MPIPASJGOJYODL-UHFFFAOYSA-N,Clc1ccc(C(Cn2ccnc2)OCc2c(Cl)cccc2Cl)c(Cl)c1,0.7
ZYVXHFWBYUDDBM-UHFFFAOYSA-N,CNC(=O)c1cccnc1,1.0
QJBZDBLBQWFTPZ-UHFFFAOYSA-N,O=[N+]([O-])c1c(Cl)cccc1-c1c[nH]cc1Cl,0.344
XWTIDFOGTCVGQB-FHIVUSPVSA-N,CCCCOC(=O)C(=O)[C@H]1[C@H](C)C[C@H]2[C@@H]3C[C@H](F)C4=CC(=O)C=C[C@]4(C)[C@H]3[C@@H](O)C[C@@]21C,0.045
ARPLCFGLEYFDCN-CDACMRRYSA-N,CC(=O)OCC(=O)[C@H]1[C@H](C)C[C@H]2[C@@H]3C[C@H](F)C4=CC(=O)C=C[C@]4(C)[C@@]3(Cl)[C@@H](O)C[C@@]21C,0.547
QKHROXOPRBWBDD-UHFFFAOYSA-N,Cc1c(Br)cc(Br)c(O)c1Br,0.999
HIGRLDNHDGYWQJ-UHFFFAOYSA-P,O/N=C/c1cc[n+](COC[n+]2ccc(/C=N/O)cc2)cc1,1.0
JWDYCNIAQWPBHD-UHFFFAOYSA-N,Cc1ccccc1OCC(O)CO,0.995
QBSGXIBYUQJHMJ-UHFFFAOYSA-N,O=C(Nc1ccc(Cl)cc1)c1cc(Br)ccc1O,0.994
NEYNJQRKHLUJRU-DZUOILHNSA-N,CSCC[C@H](NC(=O)[C@H](Cc1c[nH]c2ccccc12)NC(=O)CCNC(=O)OC(C)(C)C)C(=O)N[C@@H](CC(=O)O)C(=O)N[C@@H](Cc1ccccc1)C(N)=O,0.975
JXMIBUGMYLQZGO-UHFFFAOYSA-N,O=C(COCCOCCOCC(=O)Nc1c(I)cc(I)c(C(=O)O)c1I)Nc1c(I)cc(I)c(C(=O)O)c1I,0.762
MUNMIGOEDGHVLE-LGYYRGKSSA-N,NCCC[C@H](NC(=O)[C@@H]1CCCN1C(=O)[C@@H]1CSSC[C@H](N)C(=O)N[C@@H](Cc2ccc(O)cc2)C(=O)N[C@@H](Cc2ccccc2)C(=O)N[C@@H](CCC(N)=O)C(=O)N[C@@H](CC(N)=O)C(=O)N1)C(=O)NCC(N)=O,1.0
PBMSWVPMRUJMPE-UHFFFAOYSA-N,O=C(O)c1ccccc1C(=O)Nc1ccc(S(=O)(=O)Nc2nccs2)cc1,1.0
UUMLTINZBQPNGF-UHFFFAOYSA-N,CC(=O)N(CC(O)CO)c1c(I)c(C(=O)NCCO)c(I)c(C(=O)NCC(O)CO)c1I,1.0
JWRMHDSINXPDHB-OJAGFMMFSA-N,C[C@@H]1C[C@H]2[C@@H]3C[C@H](F)C4=CC(=O)C=C[C@]4(C)[C@@]3(F)[C@@H](O)C[C@]2(C)[C@@]1(O)C(=O)COC(=O)C(C)(C)C,0.902
MUQUYTSLDVKIOF-CHJKCJHBSA-N,C=CC[N@@+]12CC[C@@]34c5ccccc5N5/C=C6/[C@H]7C[C@H]8[C@@]9(CC[N@@+]8(CC=C)C/C7=C/CO)c7ccccc7N(/C=C(/[C@@H](C[C@@H]31)/C(=C\CO)C2)[C@H]54)[C@@H]69,1.0
AHZBEVXBKNYXPU-UHFFFAOYSA-N,CN(CCCCCCN(C)C(=O)Oc1ccc[n+](C)c1)C(=O)Oc1ccc[n+](C)c1,1.0
VVOIQBFMTVCINR-WWMZEODYSA-N,CC(C)(C)C(=O)OCC(=O)[C@H]1CC[C@H]2[C@@H]3CCC4=CC(=O)CC[C@]4(C)[C@H]3CC[C@]12C,0.096
HYRKAAMZBDSJFJ-LFDBJOOHSA-N,CC(=O)OCC(=O)[C@@]1(O)[C@H](C)C[C@H]2[C@@H]3C[C@H](F)C4=CC(=O)C=C[C@]4(C)[C@H]3[C@@H](O)C[C@@]21C,0.998
AMDBBAQNWSUWGN-UHFFFAOYSA-N,O=C(NCC(O)CO)c1c(I)c(C(=O)NCC(O)CO)c(I)c(N(CCO)C(=O)CO)c1I,1.0
BGSZAXLLHYERSY-XQIGCQGXSA-N,CC(=O)O[C@H]1C[C@@H]2CC[C@@H]3[C@H](CC[C@@]4(C)[C@H]3C[C@H]([N+]3(C)CCCCC3)[C@@H]4OC(C)=O)[C@@]2(C)C[C@@H]1N1CCCCC1,0.794
PAJBBDCZSMDSFL-UHFFFAOYSA-N,NC(CCCN1C(=O)NC(c2ccccc2)(c2ccccc2)C1=O)C(=O)O,1.0
RTZKZFJDLAIYFH-UHFFFAOYSA-N,CCOCC,0.0
MBWXNTAXLNYFJB-NKFFZRIASA-N,CC1=C(C/C=C(\C)CCC[C@H](C)CCC[C@H](C)CCCC(C)C)C(=O)c2ccccc2C1=O,0.998
XIQVNETUBQGFHX-UHFFFAOYSA-N,CCN(CC)CC#CCOC(=O)C(O)(c1ccccc1)C1CCCCC1,0.019
BRBKOPJOKNSWSG-UHFFFAOYSA-N,N=C(N)NS(=O)(=O)c1ccc(N)cc1,1.0
WHWZLSFABNNENI-UHFFFAOYSA-N,NC1=NCC2c3ccccc3Cc3ccccc3N12,0.103
BUJAGSGYPOAWEI-UHFFFAOYSA-N,Cc1cccc(C)c1NC(=O)C(C)N,0.362
AQOKCDNYWBIDND-FTOWTWDKSA-N,CCNC(=O)CCC/C=C\C[C@@H]1[C@@H](/C=C/[C@@H](O)CCc2ccccc2)[C@H](O)C[C@@H]1O,0.797
BXZVVICBKDXVGW-NKWVEPMBSA-N,O=c1[nH]cnc2c1ncn2[C@H]1CC[C@@H](CO)O1,1.0
UEJJHQNACJXSKW-UHFFFAOYSA-N,O=C1CCC(N2C(=O)c3ccccc3C2=O)C(=O)N1,0.999
BYPIURIATSUHDW-UHFFFAOYSA-N,CC(C)Cc1ccc(C(C)C(=O)NO)cc1,0.055
SBDNJUWAMKYJOX-UHFFFAOYSA-N,Cc1ccc(Cl)c(Nc2ccccc2C(=O)O)c1Cl,0.056
JBIMVDZLSHOPLA-LSCVHKIXSA-N,CN(C)CC/C=C1/c2ccccc2COc2ccc(CC(=O)O)cc21,1.0
MFDFERRIHVXMIY-UHFFFAOYSA-N,CCN(CC)CCOC(=O)c1ccc(N)cc1,0.038
AIJTTZAVMXIJGM-UHFFFAOYSA-N,Cc1c(F)c(N2CCNC(C)C2)cc2c1c(=O)c(C(=O)O)cn2C1CC1,1.0
BJDCWCLMFKKGEE-CMDXXVQNSA-N,C[C@H]1[C@@H](O)O[C@@H]2O[C@]3(C)CC[C@H]4[C@H](C)CC[C@@H]1[C@@]24OO3,0.076
MUCZHBLJLSDCSD-UHFFFAOYSA-N,CC(C)OP(=O)(F)OC(C)C,0.006
BXMFKNRZTLNAFY-UHFFFAOYSA-N,CC(C)CNCCOC(=O)c1cccc(N)c1,0.482
TYUACEBEGBGGMO-JZRMKITLSA-N,C[N+](C)(C)CCOC[18F],1.0
CKHJPWQVLKHBIH-ZDSKVHJSSA-N,C/C(=C(\CCOC(=O)C(C)C)SS/C(CCOC(=O)C(C)C)=C(/C)N(C=O)Cc1cnc(C)nc1N)N(C=O)Cc1cnc(C)nc1N,0.951
SSLHKNBKUBAHJY-HDJSIYSDSA-N,O=C(Nc1c(Br)cc(Br)cc1CN[C@H]1CC[C@H](O)CC1)c1cccs1,0.357
VLPADTBFADIFKG-UHFFFAOYSA-N,O=C1C(=O)c2ncccc2-c2cccnc21,0.561
QHMWCHQXCUNUAK-UHFFFAOYSA-N,Fc1ccc(C(c2ccccc2)(c2ccccc2F)n2ccnc2)cc1,0.472
SMQYOVYWPWASGU-UHFFFAOYSA-N,CNC(=O)c1c(I)c(NC(=O)CCCCC(=O)Nc2c(I)c(C(=O)O)c(I)c(C(=O)NC)c2I)c(I)c(C(=O)O)c1I,0.999
KXVSBTJVTUVNPM-UKPNQBOSSA-N,CN(C)C(=O)C(CC[N@+]1([O-])CC[C@@](O)(c2ccc(Cl)cc2)CC1)(c1ccccc1)c1ccccc1,0.049
IDUMOVRJNBNOTR-BIZLIJPVSA-N,O=C(N/N=C/C=C/c1ccc([N+](=O)[O-])o1)c1ccc([N+](=O)[O-])s1,0.989
SIIICDNNMDMWCI-SRVHVDJVSA-N,COC(=O)[C@H]1[C@@H](c2ccc([124I])cc2)C[C@H]2CC[C@@H]1N2C,0.134
CANCCLAKQQHLNK-UHFFFAOYSA-N,Cc1cccc(N(C)C(=S)Oc2ccc3c(c2)C2CCC3C2)c1,0.967
SGRUZFCHLOFYHZ-MWLCHTKSSA-N,[N-]=[N+]=NCC(=O)N[C@H](CO)[C@H](O)c1ccc([N+](=O)[O-])cc1,1.0
LRCXRAABFLIVAI-UHFFFAOYSA-N,NCC(O)c1cccc(O)c1,1.0
YZZCJYJBCUJISI-UHFFFAOYSA-N,CCC(CO[N+](=O)[O-])(CO[N+](=O)[O-])CO[N+](=O)[O-],1.0
OYTKINVCDFNREN-UHFFFAOYSA-N,Nc1ccncc1N,1.0
FDDDEECHVMSUSB-UHFFFAOYSA-N,Nc1ccc(S(N)(=O)=O)cc1,1.0
FTQDJVZNPJRVPG-XWEVEMRCSA-N,CC(=O)O[C@H]1CC[C@]2(C)[C@H]3C(=O)C=C4[C@@H]5C[C@@](C)(C(=O)O)CC[C@]5(C)CC[C@@]4(C)[C@]3(C)CC[C@H]2C1(C)C,0.935
PNDPGZBMCMUPRI-UHFFFAOYSA-N,II,1.0
KANJSNBRCNMZMV-ABRZTLGGSA-N,CO[C@H]1O[C@H](COS(=O)(=O)O)[C@@H](O[C@@H]2O[C@@H](C(=O)O)[C@@H](O[C@H]3O[C@H](COS(=O)(=O)O)[C@@H](O[C@@H]4O[C@H](C(=O)O)[C@@H](O[C@H]5O[C@H](COS(=O)(=O)O)[C@@H](O)[C@H](O)[C@H]5NS(=O)(=O)O)[C@H](O)[C@H]4O)[C@H](OS(=O)(=O)O)[C@H]3NS(=O)(=O)O)[C@H](O)[C@H]2OS(=O)(=O)O)[C@H](O)[C@H]1NS(=O)(=O)O,1.0
PZMVOUYYNKPMSI-UHFFFAOYSA-N,CNCC(=O)c1ccc(O)c(O)c1,1.0
HYAFETHFCAUJAY-UHFFFAOYSA-N,CCc1ccc(CCOc2ccc(CC3SC(=O)NC3=O)cc2)nc1,0.755
SJDACOMXKWHBOW-UHFFFAOYSA-N,O=C1Nc2ccccc2C1(c1ccc(O)cc1)c1ccc(O)cc1,0.946
BQIPXWYNLPYNHW-UHFFFAOYSA-N,CC(=O)Oc1c(C)cc(OCC(O)CNC(C)C)c(C)c1C,0.883
LZCDAPDGXCYOEH-UHFFFAOYSA-N,COc1ccc(-c2ccc3cc(C(=O)O)ccc3c2)cc1C12CC3CC(CC(C3)C1)C2,0.55
OIRDTQYFTABQOQ-UHTZMRCNSA-N,Nc1ncnc2c1ncn2[C@@H]1O[C@H](CO)[C@@H](O)[C@@H]1O,1.0
UGJMXCAKCUNAIE-UHFFFAOYSA-N,NCC1(CC(=O)O)CCCCC1,1.0
WOXKDUGGOYFFRN-IIBYNOLFSA-N,CN1CC(=O)N2[C@H](c3ccc4c(c3)OCO4)c3[nH]c4ccccc4c3C[C@@H]2C1=O,0.1
FIQOFIRCTOWDOW-BJLQDIEVSA-N,CCOC(=O)[C@H](CCc1ccccc1)N[C@H]1CS[C@H](c2cccs2)CN(CC(=O)O)C1=O,0.276
FAEKWTJYAYMJKF-QHCPKHFHSA-N,CCOc1cc(CC(=O)N[C@@H](CC(C)C)c2ccccc2N2CCCCC2)ccc1C(=O)O,0.888
PVHUJELLJLJGLN-UHFFFAOYSA-N,CCOC(=O)C1=C(C)NC(C)=C(C(=O)OC)C1c1cccc([N+](=O)[O-])c1,0.023
ZCVAIGPGEINFCX-UHFFFAOYSA-N,N=C(N)NCC1CCCCCCN1,1.0
MLYYVTUWGNIJIB-BXKDBHETSA-N,Cc1nnc(SCC2=C(C(=O)O)N3C(=O)[C@@H](NC(=O)Cn4cnnn4)[C@H]3SC2)s1,1.0
OZVBMTJYIDMWIL-AYFBDAFISA-N,CC(C)C[C@H]1C(=O)N2CCC[C@H]2[C@]2(O)O[C@](NC(=O)[C@@H]3C=C4c5cccc6[nH]c(Br)c(c56)C[C@H]4N(C)C3)(C(C)C)C(=O)N12,0.113
ZPACYDRSPFRDHO-ROBAGEODSA-N,CC(C)=CCC/C(C)=C/CC/C(C)=C/CCC(=O)OC/C=C(\C)CCC=C(C)C,0.669
KBFBRIPYVVGWRS-UHFFFAOYSA-N,OC(c1ccc(Cl)cc1)c1cc2ccccc2o1,0.253
ODZBBRURCPAEIQ-PIXDULNESA-N,O=c1[nH]c(=O)n([C@H]2C[C@H](O)[C@@H](CO)O2)cc1/C=C/Br,1.0
KUVIULQEHSCUHY-XYWKZLDCSA-N,CCC(=O)OCC(=O)[C@@]1(OC(=O)CC)[C@@H](C)C[C@H]2[C@@H]3CCC4=CC(=O)C=C[C@]4(C)[C@@]3(Cl)[C@@H](O)C[C@@]21C,0.993
TYZROVQLWOKYKF-ZDUSSCGKSA-N,CC(=O)NC[C@H]1CN(c2ccc(N3CCOCC3)c(F)c2)C(=O)O1,0.544
LAYVFLWAVIGDLK-UHFFFAOYSA-N,COc1ccc2c(c1)C(O)(CCCN(C)C)c1ccccc1S2,0.019
KILNVBDSWZSGLL-KXQOOQHDSA-N,CCCCCCCCCCCCCCCC(=O)OC[C@H](COP(=O)([O-])OCC[N+](C)(C)C)OC(=O)CCCCCCCCCCCCCCC,0.999
HXHWSAZORRCQMX-UHFFFAOYSA-N,CCCSc1ccc2[nH]c(NC(=O)OC)nc2c1,0.365
MIQPIUSUKVNLNT-UHFFFAOYSA-N,Cc1ccc(C(=O)c2cc(O)c(O)c([N+](=O)[O-])c2)cc1,0.511
PXZDWASDNFWKSD-UHFFFAOYSA-N,c1ccc(C(Cc2noc(CCN3CCCCC3)n2)c2ccccc2)cc1,0.004
MOYKHGMNXAOIAT-JGWLITMVSA-N,O=[N+]([O-])O[C@H]1CO[C@H]2[C@@H]1OC[C@H]2O[N+](=O)[O-],0.966
IXXFZUPTQVDPPK-ZAWHAJPISA-N,CC[C@H]1OC(=O)[C@@](C)(F)C(=O)[C@H](C)[C@@H](O[C@@H]2O[C@H](C)C[C@H](N(C)C)[C@H]2O)[C@](C)(OC)C[C@@H](C)C(=O)[C@H](C)[C@H]2N(CCCCn3cc(-c4cccc(N)c4)nn3)C(=O)O[C@]12C,0.87
ZZUFCTLCJUWOSV-UHFFFAOYSA-N,NS(=O)(=O)c1cc(C(=O)O)c(NCc2ccco2)cc1Cl,1.0
HKVAMNSJSFKALM-GKUWKFKPSA-N,CO[C@H]1C[C@@H]2CC[C@@H](C)[C@@](O)(O2)C(=O)C(=O)N2CCCC[C@H]2C(=O)O[C@H]([C@H](C)C[C@@H]2CC[C@@H](OCCO)[C@H](OC)C2)CC(=O)[C@H](C)/C=C(\C)[C@@H](O)[C@@H](OC)C(=O)[C@H](C)C[C@H](C)/C=C/C=C/C=C/1C,0.089
NABQBYDEMLGCEO-UHFFFAOYSA-N,CC(=O)C(C#N)C(=O)Nc1ccc(C(F)(F)F)cc1,0.978
ALWKGYPQUAPLQC-UHFFFAOYSA-N,CN(C)C(=O)Oc1cccc([N+](C)(C)C)c1,0.017
JUZNIMUFDBIJCM-ANEDZVCMSA-N,C[C@@H](O)[C@H]1C(=O)N2C(C(=O)O)=C(S[C@@H]3CN[C@H](C(=O)Nc4cccc(C(=O)O)c4)C3)[C@H](C)[C@H]12,1.0
WOUOLAUOZXOLJQ-MBSDFSHPSA-N,CCOC(=O)[C@H](CCc1ccccc1)N[C@@H](C)C(=O)N(CC(=O)O)C1Cc2ccccc2C1,0.536
XSPUSVIQHBDITA-RKYNPMAHSA-N,CO/N=C(\C(=O)N[C@@H]1C(=O)N2C(C(=O)O)=C(Cn3nnc(C)n3)CS[C@H]12)c1csc(N)n1,1.0
RXZBMPWDPOLZGW-XMRMVWPWSA-N,CC[C@H]1OC(=O)[C@H](C)[C@@H](O[C@H]2C[C@@](C)(OC)[C@@H](O)[C@H](C)O2)[C@H](C)[C@@H](O[C@@H]2O[C@H](C)C[C@H](N(C)C)[C@H]2O)[C@](C)(O)C[C@@H](C)/C(=N\OCOCCOC)[C@H](C)[C@@H](O)[C@]1(C)O,0.996
MNIPYSSQXLZQLJ-UHFFFAOYSA-N,O=C(O)COC(=O)Cc1ccccc1Nc1c(Cl)cccc1Cl,0.999
HEFNNWSXXWATRW-JTQLQIEISA-N,CC(C)Cc1ccc([C@H](C)C(=O)O)cc1,1.0
XNMYNYSCEJBRPZ-UHFFFAOYSA-N,CCCCc1cc2ccccc2c(OCCN(C)C)n1,0.035
UJEWTUDSLQGTOA-UHFFFAOYSA-N,NS(=O)(=O)c1cc(C(=O)O)cc(N2CCCC2)c1Oc1ccccc1,1.0
HWXIGFIVGWUZAO-UHFFFAOYSA-N,Cn1c(=O)c2c(ncn2CC2OCCO2)n(C)c1=O,0.985
TVHAZVBUYQMHBC-SNHXEXRGSA-N,CCCCCCCC(=O)CC[C@@H]1[C@@H](C/C=C\CCCC(=O)O)[C@@H](O)C[C@H]1O,1.0
NZLBHDRPUJLHCE-UHFFFAOYSA-N,CCN(CC)CCCN(c1ccccc1)C1Cc2ccccc2C1,0.419
IPWKIXLWTCNBKN-UHFFFAOYSA-N,Cc1ncc([N+](=O)[O-])n1CC(O)CCl,1.0
QRORCRWSRPKEHR-UHFFFAOYSA-N,Cc1ccc(C(C)C)c(OCC2=NCCN2)c1,0.008
HYYBABOKPJLUIN-UHFFFAOYSA-N,Cc1cccc(Nc2ccccc2C(=O)O)c1C,0.034
COUYJEVMBVSIHV-SFHVURJKSA-N,COc1ccc(CC(C)(C)NC[C@H](O)c2cc(O)cc3c2OCC(=O)N3)cc1,0.999
GSDSWSVVBLHKDQ-UHFFFAOYSA-N,CC1COc2c(N3CCN(C)CC3)c(F)cc3c(=O)c(C(=O)O)cn1c23,1.0
MVQVNTPHUGQQHK-UHFFFAOYSA-N,OCc1cccnc1,1.0
VYMDGNCVAMGZFE-UHFFFAOYSA-N,CCCCC1C(=O)N(c2ccccc2)N(c2ccccc2)C1=O,0.218
JTZZSQYMACOLNN-VDWJNHBNSA-N,COc1ccc2c(O[C@@H]3C[C@H]4C(=O)N[C@]5(C(=O)NS(=O)(=O)C6CC6)C[C@H]5/C=C\CCCCN(C)C(=O)[C@@H]4C3)cc(-c3nc(C(C)C)cs3)nc2c1C,0.338
DFPAKSUCGFBDDF-UHFFFAOYSA-N,NC(=O)c1cccnc1,1.0
HGGAKXAHAYOLDJ-FHZUQPTBSA-N,C[C@@H](O)[C@H]1C(=O)N2C(C(=O)O)=C([C@H]3CCCO3)S[C@H]12,1.0
FSKFPVLPFLJRQB-UHFFFAOYSA-N,Cc1ccc(C(=O)C(C)CN2CCCCC2)cc1,0.003
SGRYPYWGNKJSDL-UHFFFAOYSA-N,CC(C)c1ccc2oc3nc(N)c(C(=O)O)cc3c(=O)c2c1,1.0
DKWNMCUOEDMMIN-PKOBYXMFSA-N,N=C(N)c1ccc(CNC(=O)[C@@H]2CCN2C(=O)[C@H](NCC(=O)O)C2CCCCC2)cc1,1.0
GZOSMCIZMLWJML-VJLLXTKPSA-N,C[C@]12CC[C@H](O)CC1=CC[C@@H]1[C@@H]2CC[C@]2(C)C(c3cccnc3)=CC[C@@H]12,0.156
KIHYPELVXPAIDH-HNSNBQBZSA-N,CCc1cc(/C(C)=N/OCc2ccc(C3CCCCC3)c(C(F)(F)F)c2)ccc1CN1CC(C(=O)O)C1,0.595
PUFQVTATUTYEAL-UHFFFAOYSA-N,CCCCOc1cc(C(=O)NCCN(CC)CC)c2ccccc2n1,0.002
BZKPWHYZMXOIDC-UHFFFAOYSA-N,CC(=O)Nc1nnc(S(N)(=O)=O)s1,1.0
RMHMFHUVIITRHF-UHFFFAOYSA-N,CN1CCN(CC(=O)N2c3ccccc3C(=O)Nc3cccnc32)CC1,0.914
BENFXAYNYRLAIU-QSVFAHTRSA-N,NCCCC[C@H](NC(=O)[C@@H]1CCCN1C(=O)[C@@H]1CSSC[C@H](NC(=O)CNC(=O)CNC(=O)CN)C(=O)N[C@@H](Cc2ccc(O)cc2)C(=O)N[C@@H](Cc2ccccc2)C(=O)N[C@@H](CCC(N)=O)C(=O)N[C@@H](CC(N)=O)C(=O)N1)C(=O)NCC(N)=O,1.0
ZNNLBTZKUZBEKO-UHFFFAOYSA-N,COc1ccc(Cl)cc1C(=O)NCCc1ccc(S(=O)(=O)NC(=O)NC2CCCCC2)cc1,0.332
PWAUCHMQEXVFJR-PMAPCBKXSA-N,Cc1cc(=O)c(C(=O)N[C@@H](C(=O)N[C@@H]2C(=O)N3C(C(=O)O)=C(CSc4nnnn4C)CS[C@H]23)c2ccc(O)cc2)c[nH]1,1.0
QNZCBYKSOIHPEH-UHFFFAOYSA-N,COc1ccc(-n2nc(C(N)=O)c3c2C(=O)N(c2ccc(N4CCCCC4=O)cc2)CC3)cc1,0.042
BTCSSZJGUNDROE-UHFFFAOYSA-N,NCCCC(=O)O,1.0
HWKJSYYYURVNQU-DXJNJSHLSA-N,CC(=O)O[C@H]1C[C@H](O[C@H]2[C@@H](O)C[C@H](O[C@H]3[C@@H](O)C[C@H](O[C@H]4CC[C@@]5(C)[C@H](CC[C@@H]6[C@@H]5C[C@@H](O)[C@]5(C)[C@@H](C7=CC(=O)OC7)CC[C@]65O)C4)O[C@@H]3C)O[C@@H]2C)O[C@H](C)[C@H]1O,0.997
ZTVQQQVZCWLTDF-UHFFFAOYSA-N,CCC(=O)N(c1ccccc1)C1(C(=O)OC)CCN(CCC(=O)OC)CC1,0.042
HAPOVYFOVVWLRS-UHFFFAOYSA-N,CCC1(C)CC(=O)NC1=O,1.0
ZKUDBRCEOBOWLF-UHFFFAOYSA-N,Cc1cc(C(=O)NCCc2ccc(S(=O)(=O)NC(=O)NN3CCCCCC3)cc2)no1,0.949
IPEHBUMCGVEMRF-UHFFFAOYSA-N,NC(=O)c1cnccn1,1.0
NOZIJMHMKORZBA-KJCUYJGMSA-N,CCCCCCO[C@@H](C)c1cccc(-c2csc(NC(=O)c3cc(Cl)c(/C=C(\C)C(=O)O)c(Cl)c3)n2)c1OC,0.674
UXIGZRQVLGFTOU-VQXQMPIVSA-N,CC(C)(C)S(=O)(=O)C[C@@H](Cc1ccccc1)C(=O)N[C@@H](Cc1c[nH]cn1)C(=O)N[C@@H](CC1CCCCC1)[C@@H](O)[C@@H](O)C1CC1,0.274
HCRKCZRJWPKOAR-JTQLQIEISA-N,CCN[C@H]1CN(CCCOC)S(=O)(=O)c2sc(S(N)(=O)=O)cc21,1.0
KOHIRBRYDXPAMZ-UHFFFAOYSA-N,OC(CNCC(O)C1CCc2cc(F)ccc2O1)C1CCc2cc(F)ccc2O1,0.43
ZBIAKUMOEKILTF-UHFFFAOYSA-N,Cc1cccc(C)c1NC(=O)CN1CCN(CCCC(c2ccc(F)cc2)c2ccc(F)cc2)CC1,0.086
NGNBWGMTPDSDCJ-QDFUUMMMSA-N,CCOC(=O)[C@@H]1CC(=O)O[C@H](C)C/C=C/C=C/[C@H](O)[C@H](C)C[C@H](CC=O)[C@H](O[C@@H]2O[C@H](C)[C@@H](O[C@H]3C[C@@](C)(O)[C@@H](OC(=O)CC)[C@H](C)O3)[C@H](N(C)C)[C@H]2O)[C@H]1OC,0.972
GQSGZTBDVNUIQS-DGCLKSJQSA-N,C[C@@H]1C[C@@H](OC(=O)c2cccnc2)CC(C)(C)C1,0.184
DERZBLKQOCDDDZ-JLHYYAGUSA-N,C(=C/c1ccccc1)\CN1CCN(C(c2ccccc2)c2ccccc2)CC1,0.197
FNPXMHRZILFCKX-KAJVQRHHSA-N,CCOC(=O)O[C@]1(C(=O)COC(=O)CC)CC[C@H]2[C@@H]3CCC4=CC(=O)C=C[C@]4(C)[C@H]3[C@@H](O)C[C@@]21C,0.21
CJAVTWRYCDNHSM-UHFFFAOYSA-N,CC(Cc1cccc(C(F)(F)F)c1)NCCOC(=O)c1ccccc1,0.412
ZVXBAHLOGZCFTP-UHFFFAOYSA-N,CCOC(=O)COc1ccc2c(=O)cc(-c3ccccc3)oc2c1,0.057
YNDIAUKFXKEXSV-CRYLGTRXSA-N,CNc1ccc(/C=C/c2ccc(OCCOCCOCC[18F])nc2)cc1,0.163
SPIUTQOUKAMGCX-UHFFFAOYSA-N,Cc1c(-c2ccccc2)oc2c(C(=O)OCCN3CCCCC3)cccc2c1=O,0.016
RFWZESUMWJKKRN-UHFFFAOYSA-N,Cc1ccccc1N1CCN(CCc2nnc3n2CCCC3)CC1,0.321
QIHLUZAFSSMXHQ-UHFFFAOYSA-N,CC(C)(C)N1CCC(c2ccccc2)(c2ccccc2)CC1,0.978
ZCBJDQBSLZREAA-UHFFFAOYSA-N,CC(=O)Oc1ccc(C2(c3ccc(OC(C)=O)cc3)Oc3ccccc3NC2=O)cc1,0.3
CIWBQSYVNNPZIQ-XYWKZLDCSA-N,CCC(=O)OCC(=O)[C@@]1(OC(=O)CC)[C@@H](C)C[C@H]2[C@@H]3CCC4=CC(=O)C=C[C@]4(C)[C@@]3(F)[C@@H](O)C[C@@]21C,0.991
IIRWWTKISYTTBL-SFHVURJKSA-N,Oc1ccc(CCCCNC[C@H](O)c2ccc(O)c(O)c2)cc1,1.0
OGJPXUAPXNRGGI-UHFFFAOYSA-N,CCn1cc(C(=O)O)c(=O)c2cc(F)c(N3CCNCC3)cc21,1.0
TYNLGDBUJLVSMA-UHFFFAOYSA-N,CC(=O)Oc1cccc2c1C(=O)c1c(OC(C)=O)cc(C(=O)O)cc1C2=O,1.0
UIMOJFJSJSIGLV-JNHMLNOCSA-N,NC(=O)OC[C@@H]1[C@H](NC(=O)/C(=N\OCC(=O)O)c2csc(N)n2)C(=O)N1S(=O)(=O)O,1.0
OLNTVTPDXPETLC-XPWALMASSA-N,O=C1[C@H](CC[C@H](O)c2ccc(F)cc2)[C@@H](c2ccc(O)cc2)N1c1ccc(F)cc1,0.516
MFBCDACCJCDGBA-UHFFFAOYSA-N,CC(C)(C)c1cc(-c2cc(-c3ccc(C(=O)O)cc3)ccc2OCCO)ccc1N1CCCC1,0.806
PIDSZXPFGCURGN-UHFFFAOYSA-N,CC(C(=O)O)c1ccc(N2CC=CC2)c(Cl)c1,1.0
XRECTZIEBJDKEO-UHFFFAOYSA-N,Nc1nc(=O)[nH]cc1F,1.0
UHRBTBZOWWGKMK-DOMZBBRYSA-N,CO[C@@]1(NC(=O)CSC(F)F)C(=O)N2C(C(=O)O)=C(CSc3nnnn3CCO)CO[C@@H]21,1.0
GTYWGUNQAMYZPF-FAJKJHJLSA-N,CC[C@H](C)[C@@H]1NC(=O)[C@H](Cc2ccc(O)cc2)NC(=O)CCSSC[C@H](C(=O)N2CCC[C@H]2C(=O)N[C@@H](CC(C)C)C(=O)NCC(N)=O)NC(=O)[C@H](CC(N)=O)NC(=O)[C@H](CCC(N)=O)NC1=O,1.0
IQWYAQCHYZHJOS-UHFFFAOYSA-N,CN1C(=O)CN=C(C2=CCCCC2)c2cc(Cl)ccc21,0.008
WEQAYVWKMWHEJO-UHFFFAOYSA-N,CN1C(=O)CCS(=O)(=O)C1c1ccc(Cl)cc1,0.92
JPGQOUSTVILISH-UHFFFAOYSA-N,FC(F)OC(F)(F)C(F)Cl,0.95
OLAOYPRJVHUHCF-UHFFFAOYSA-N,CC(=O)Nc1c(I)c(C(=O)O)c(I)c(C(=O)NCCO)c1I,1.0
DBHODFSFBXJZNY-UHFFFAOYSA-N,OCc1ccc(Cl)cc1Cl,0.093
OMHBPUNFVFNHJK-UHFFFAOYSA-P,CC[N+](CC)(CCNC(=O)C(=O)NCC[N+](CC)(CC)Cc1ccccc1Cl)Cc1ccccc1Cl,0.991
ACGUYXCXAPNIKK-UHFFFAOYSA-N,Oc1c(Cl)cc(Cl)c(Cl)c1Cc1c(O)c(Cl)cc(Cl)c1Cl,0.983
YRALAIOMGQZKOW-HYAOXDFASA-N,CSCC[C@H](NC(=O)[C@H](Cc1c[nH]c2ccccc12)NC(=O)CNC(=O)[C@@H](NC(=O)[C@H](Cc1ccc(OS(=O)(=O)O)cc1)NC(=O)[C@H](CC(=O)O)NC(=O)[C@H](CCC(N)=O)NC(=O)[C@@H]1CCC(=O)N1)[C@@H](C)O)C(=O)N[C@@H](CC(=O)O)C(=O)N[C@@H](Cc1ccccc1)C(N)=O,1.0
XRWSZZJLZRKHHD-WVWIJVSJSA-N,C=C[C@@H]1C[C@]1(NC(=O)[C@@H]1C[C@@H](Oc2ncc(OC)c3ccc(Cl)cc23)CN1C(=O)[C@@H](NC(=O)OC(C)(C)C)C(C)(C)C)C(=O)NS(=O)(=O)C1CC1,0.906
QGFORSXNKQLDNO-UHFFFAOYSA-N,O=C(O)CSCC(=O)NC1CCSC1=O,1.0
HPHUVLMMVZITSG-LURJTMIESA-N,CC[C@@H](C(N)=O)N1CCCC1=O,1.0
PIWKPBJCKXDKJR-UHFFFAOYSA-N,FC(F)OC(Cl)C(F)(F)F,0.973
MIWWSGDADVMLTG-UHFFFAOYSA-N,CSc1ccc(OCc2ncc([N+](=O)[O-])n2C)cc1,0.006
XAPRFLSJBSXESP-UHFFFAOYSA-N,O=C(O)c1c(O)c(-c2ccccc2)nc2ccccc12,0.943
FNQQBFNIYODEMB-UHFFFAOYSA-N,Cc1cc2c(cc1S(N)(=O)=O)S(=O)(=O)CCC2,1.0
JTIGKVIOEQASGT-UHFFFAOYSA-N,Cc1ccc2c(-c3ccccc3)nc(=O)n(C(C)C)c2c1,0.021
JLRNKCZRCMIVKA-UHFFFAOYSA-N,CC(C)(Oc1ccc(Cl)cc1)C(=O)OCCCOC(=O)C(C)(C)Oc1ccc(Cl)cc1,0.967
YEEZWCHGZNKEEK-UHFFFAOYSA-N,COc1cc(C(=O)NS(=O)(=O)c2ccccc2C)ccc1Cc1cn(C)c2ccc(NC(=O)OC3CCCC3)cc12,0.701
XASIMHXSUQUHLV-UHFFFAOYSA-N,CN(C)C(=O)COC(=O)Cc1ccc(OC(=O)c2ccc(NC(=N)N)cc2)cc1,1.0
LEQAKWQJCITZNK-MSQQGMGVSA-N,COc1c(O[C@@H]2O[C@H](CO)[C@@H](O)[C@H](O)[C@H]2O)cc2c(c1OC)-c1ccc(SC)c(=O)cc1C(NC(C)=O)CC2,1.0
ODFHGIPNGIAMDK-NJBDSQKTSA-N,CC1(C)S[C@@H]2[C@H](NC(=O)[C@H](N=[N+]=[N-])c3ccccc3)C(=O)N2[C@H]1C(=O)O,1.0
XCGYUJZMCCFSRP-UHFFFAOYSA-N,CC(C)NCC1CCc2cc(CO)c([N+](=O)[O-])cc2N1,1.0
RBBWCVQDXDFISW-UHFFFAOYSA-N,CC(C)=CCC1C(=O)N(c2ccccc2)N(c2ccccc2)C1=O,0.224
HSMNQINEKMPTIC-UHFFFAOYSA-N,Nc1ccc(C(=O)NCC(=O)O)cc1,1.0
RWSXRVCMGQZWBV-WDSKDSINSA-N,N[C@@H](CCC(=O)N[C@@H](CS)C(=O)NCC(=O)O)C(=O)O,1.0
XRVDGNKRPOAQTN-FQEVSTJZSA-N,CC(C)Oc1ccc(-c2nc(-c3cccc4c3CC[C@@H]4NCCO)no2)cc1C#N,0.332
OOVJCSPCMCAXEX-UHFFFAOYSA-N,CN(C)CCOCCOC(=O)N1c2ccccc2Sc2ccccc21,0.033
VWXRQYYUEIYXCZ-OBIMUBPZSA-N,CCOc1ccc(C[C@H]2NC(=O)CCSSC[C@@H](C(=O)N3CCC[C@H]3C(=O)N[C@@H](CCCN)C(=O)NCC(N)=O)NC(=O)[C@H](CC(N)=O)NC(=O)[C@H]([C@@H](C)O)NC(=O)[C@H]([C@@H](C)CC)NC2=O)cc1,1.0
UVSMNLNDYGZFPF-UHFFFAOYSA-N,Nc1cccc2c1C(=O)N(C1CCC(=O)NC1=O)C2=O,1.0
XJSFLOJWULLJQS-NGVXBBESSA-N,CO[C@@H]1[C@@H](O[C@@H]2O[C@H](C)[C@@H](O[C@H]3C[C@@](C)(O)[C@@H](OC(=O)CC(C)C)[C@H](C)O3)[C@H](N(C)C)[C@H]2O)[C@@H](CC=O)C[C@@H](C)[C@@H](O)/C=C/C=C/C[C@@H](C)OC(=O)C[C@H]1OC(C)=O,0.972
WDQPAMHFFCXSNU-BGABXYSRSA-N,CC(C)/N=c1\cc2n(-c3ccc(Cl)cc3)c3ccccc3nc-2cc1Nc1ccc(Cl)cc1,0.796
CZKPOZZJODAYPZ-LROMGURASA-N,N=C(N)NCCCC[C@@H]1NC(=O)CCSSC[C@@H](C(N)=O)NC(=O)[C@@H]2CCCN2C(=O)[C@H](Cc2c[nH]c3ccccc23)NC(=O)[C@H](CC(=O)O)NC(=O)CNC1=O,1.0
BOEGTKLJZSQCCD-UEKVPHQBSA-N,CC1=C(C(=O)O)N2C(=O)[C@@H](NC(=O)[C@H](N)c3ccc(O)cc3)[C@H]2SC1,1.0
QIGBRXMKCJKVMJ-UHFFFAOYSA-N,Oc1ccc(O)cc1,0.77
AKUJBENLRBOFTD-QZIXMDIESA-N,CC(=O)OCC(=O)[C@@]1(O)[C@@H](C)C[C@H]2[C@@H]3CCC4=CC(=O)C=C[C@]4(C)[C@@]3(F)[C@@H](O)C[C@@]21C,1.0
QEFAQIPZVLVERP-UHFFFAOYSA-N,NC(=O)Cc1cccc(C(=O)c2ccccc2)c1N,0.908
UJVLDDZCTMKXJK-WNHSNXHDSA-N,C[C@]12CCC(=O)C=C1C=C[C@@H]1[C@@H]2CC[C@@]2(C)[C@H]1CC[C@@]21CCC(=O)O1,0.013
IYIYMCASGKQOCZ-DJRRULDNSA-N,CCNC(=O)/C=C(C)/C=C/C=C(C)/C=C/c1c(C)cc(OC)c(C)c1C,0.174
GZENKSODFLBBHQ-ILSZZQPISA-N,CC(=O)[C@H]1CC[C@H]2[C@@H]3C[C@H](C)C4=CC(=O)CC[C@]4(C)[C@H]3[C@@H](O)C[C@]12C,0.075
WDZCUPBHRAEYDL-GZAUEHORSA-N,CO[C@H]1/C=C/O[C@@]2(C)Oc3c(C)c(O)c4c(O)c(c(/C=N/N5CCN(C6CCCC6)CC5)c(O)c4c3C2=O)NC(=O)/C(C)=C\C=C\[C@H](C)[C@H](O)[C@@H](C)[C@@H](O)[C@@H](C)[C@H](OC(C)=O)[C@@H]1C,0.998
ILAYIAGXTHKHNT-UHFFFAOYSA-N,Cc1cc(C)c(Nc2ccnc(Nc3ccc(C#N)cc3)n2)c(C)c1,0.215
WGRQANOPCQRCME-PMACEKPBSA-N,Cc1cc(N2CCN([C@@H]3CN[C@H](C(=O)N4CCSC4)C3)CC2)n(-c2ccccc2)n1,0.897
DZTKAWPWXGIREW-UINNQTPFSA-N,CN(C)[C@@H]1C(=O)C(C(=O)NCNCCCC[C@H](N)C(=O)O)C(=O)[C@@]2(O)C(=O)C3C(=O)c4c(O)cccc4[C@@](C)(O)[C@H]3C[C@@H]12,1.0
OBATZBGFDSVCJD-LALPQLPRSA-N,C[C@H]1O[C@@H](O[C@H]2CC[C@@]3(C)[C@H](CC[C@@H]4[C@@H]3C[C@@H](O)[C@]3(C)[C@@H](C5=CC(=O)OC5)CC[C@]43O)C2)C[C@H](O)[C@@H]1O[C@H]1C[C@H](O)[C@H](O[C@H]2C[C@H](O)[C@H](O[C@@H]3O[C@H](CO)[C@@H](O)[C@H](O)[C@H]3O)[C@@H](C)O2)[C@@H](C)O1,1.0
ZKGDBJAHIIXDDW-UHFFFAOYSA-N,CNCC(O)c1cc(OC)c(O)c(OC)c1,1.0
ZJJXGWJIGJFDTL-UHFFFAOYSA-N,Cc1cnc(C(=O)NCCc2ccc(S(=O)(=O)NC(=O)NC3CCCCC3)cc2)cn1,0.821
ILYCWAKSDCYMBB-OPCMSESCSA-N,CC(C)[C@@H](C)/C=C/[C@@H](C)[C@H]1CC[C@H]2/C(=C/C=C3\C[C@@H](O)CC[C@@H]3C)CCC[C@]12C,0.196
XBJBPGROQZJDOJ-UHFFFAOYSA-N,CN1CCN(c2c(F)cc3c(=O)c(C(=O)O)cn(CCF)c3c2F)CC1,1.0
NYGHGTMKALXFIA-UHFFFAOYSA-N,C=CCN1Cc2ccccc2-c2ccccc2C1,0.393
WRCITXQNXAIKLR-UHFFFAOYSA-N,OCCSCCCCCCCCCCSCCO,0.997
HDACQVRGBOVJII-JBDAPHQKSA-N,CCOC(=O)[C@H](CCc1ccccc1)N[C@@H](C)C(=O)N1[C@H](C(=O)O)C[C@@H]2CCC[C@@H]21,0.992
MKXKFYHWDHIYRV-UHFFFAOYSA-N,CC(C)C(=O)Nc1ccc([N+](=O)[O-])c(C(F)(F)F)c1,0.148
SKYSRIRYMSLOIN-UHFFFAOYSA-N,CN(C)CCOC(=O)C(c1ccccc1)C1(O)CCCC1,0.248
KAQKFAOMNZTLHT-OZUDYXHBSA-N,CCCCC[C@H](O)/C=C/[C@@H]1[C@H]2C/C(=C/CCCC(=O)O)O[C@H]2C[C@H]1O,0.966
NUKYPUAOHBNCPY-UHFFFAOYSA-N,Nc1ccncc1,1.0
SMSRCGPDNDCXFR-CYWZMYCQSA-N,CCN1CCN(C(=O)N[C@@H](C(=O)N[C@]2(OC)C(=O)N3C(C(=O)O)=C(CSc4nnnn4C)CS[C@@H]32)[C@H](C)O)C(=O)C1=O,1.0
NFACJZMKEDPNKN-UHFFFAOYSA-N,COP(=O)(OC)C(O)C(Cl)(Cl)Cl,0.955
XWXYUMMDTVBTOU-UHFFFAOYSA-N,CC1(C)NC(=O)N(c2ccc([N+](=O)[O-])c(C(F)(F)F)c2)C1=O,0.337
IYJMSDVSVHDVGT-PEQKVOOWSA-N,CO[C@H]1[C@@H](O)C[C@H](O[C@H]2[C@@H](O)C[C@H](O[C@H]3[C@@H](O)C[C@H](O[C@H]4CC[C@@]5(C)[C@H](CC[C@@H]6[C@@H]5C[C@@H](O)[C@]5(C)[C@@H](C7=CC(=O)OC7)CC[C@]65O)C4)O[C@@H]3C)O[C@@H]2C)O[C@@H]1C,0.996
BMAAMIIYNNPHAB-UHFFFAOYSA-N,COc1cc(F)c(-n2c(=O)[nH]c3csc(C(=O)O)c3c2=O)cc1OCc1c(OC)ccc(F)c1F,0.994
LXMSZDCAJNLERA-ZHYRCANASA-N,CC(=O)S[C@@H]1CC2=CC(=O)CC[C@]2(C)[C@H]2CC[C@@]3(C)[C@@H](CC[C@@]34CCC(=O)O4)[C@H]12,0.021
SOROUYSPFADXSN-SUWVAFIASA-N,CC1(C)S[C@@H]2[C@H](NC(=O)[C@H](N)c3ccccc3)C(=O)N2[C@H]1C(=O)OC1OC(=O)c2ccccc21,1.0
PWKSKIMOESPYIA-BYPYZUCNSA-N,CC(=O)N[C@@H](CS)C(=O)O,1.0
DZZWHBIBMUVIIW-DTORHVGOSA-N,C[C@@H]1CN(c2c(F)c(N)c3c(=O)c(C(=O)O)cn(C4CC4)c3c2F)C[C@H](C)N1,1.0
MYEJFUXQJGHEQK-ALRJYLEOSA-N,C[C@@H]1O[C@@H](O[C@@H]2C=C3CC[C@@H]4[C@H](CC[C@]5(C)[C@@H](c6ccc(=O)oc6)CC[C@]45O)[C@@]3(C)CC2)[C@H](O)[C@H](O)[C@H]1O,0.694
SKKLOUVUUNMCJE-FQSMHNGLSA-N,NC[C@H]1O[C@H](O[C@H]2[C@H](O)[C@@H](O[C@H]3O[C@H](CO)[C@@H](O)[C@H](N)[C@H]3O)[C@H](N)C[C@@H]2N)[C@H](N)[C@@H](O)[C@@H]1O,1.0
RMWVZGDJPAKBDE-UHFFFAOYSA-N,CC(=O)Oc1cc(C(F)(F)F)ccc1C(=O)O,1.0
JWJOTENAMICLJG-QWBYCMEYSA-N,C[C@]12C=CC(=O)N[C@@H]1CC[C@@H]1[C@@H]2CC[C@]2(C)[C@@H](C(=O)Nc3cc(C(F)(F)F)ccc3C(F)(F)F)CC[C@@H]12,0.183
CZGUSIXMZVURDU-JZXHSEFVSA-N,CC[C@H](C)[C@H](NC(=O)[C@H](Cc1ccc(O)cc1)NC(=O)[C@@H](NC(=O)[C@H](CCCNC(=N)N)NC(=O)[C@@H](N)CC(=O)O)C(C)C)C(=O)N[C@@H](Cc1cnc[nH]1)C(=O)N1CCC[C@H]1C(=O)N[C@@H](Cc1ccccc1)C(=O)O,1.0
GBXSMTUPTTWBMN-XIRDDKMYSA-N,CCOC(=O)[C@H](CCc1ccccc1)N[C@@H](C)C(=O)N1CCC[C@H]1C(=O)O,1.0
PYSOHOOUXFWCFF-UHFFFAOYSA-N,COc1ccc2c(=O)c3ccccc3oc2c1CN1CCCCC1,0.006
KWIUHFFTVRNATP-UHFFFAOYSA-O,C[N+](C)(C)CC(=O)O,1.0
OFZJKCQENFPZBH-UHFFFAOYSA-N,O=C(Nc1nc(-c2cc(Cl)cs2)c(N2CCN(C3CCCCC3)CC2)s1)c1cnc(N2CCC(C(=O)O)CC2)c(Cl)c1,0.559
ZKMNUMMKYBVTFN-HNNXBMFYSA-N,CCCN1CCCC[C@H]1C(=O)Nc1c(C)cccc1C,0.012
XSEUMFJMFFMCIU-UHFFFAOYSA-N,CCCCNC(=N)NC(=N)N,1.0
PJDFLNIOAUIZSL-UHFFFAOYSA-N,C=CC(N)CCC(=O)O,1.0
MEFKEPWMEQBLKI-AIRLBKTGSA-N,C[S+](CC[C@H](N)C(=O)[O-])C[C@H]1O[C@@H](n2cnc3c(N)ncnc32)[C@H](O)[C@@H]1O,1.0
DZMVCVMFETWNIU-LDYMZIIASA-N,O=C(Cn1cnnn1)N[C@@H]1C(=O)N2C(C(=O)O)=C(CSc3nncs3)CS[C@H]12,1.0
GYHCTFXIZSNGJT-UHFFFAOYSA-N,Cc1ccccc1C(=O)Nc1ccc(C(=O)N2CCCC(O)c3cc(Cl)ccc32)c(C)c1,0.063
PTVWPYVOOKLBCG-ZDUSSCGKSA-N,OC[C@@H](O)CN1CCN(c2ccccc2)CC1,0.949
KAATUXNTWXVJKI-UHFFFAOYSA-N,CC1(C)C(C=C(Cl)Cl)C1C(=O)OC(C#N)c1cccc(Oc2ccccc2)c1,0.846
YTRMTPPVNRALON-UHFFFAOYSA-N,O=C(O)c1cc(-c2ccccc2)nc2ccccc12,0.999
HPJKCIUCZWXJDR-UHFFFAOYSA-N,N#Cc1ccc(C(c2ccc(C#N)cc2)n2cncn2)cc1,0.422
BCEHBSKCWLPMDN-MGPLVRAMSA-N,C[C@@H](c1ncncc1F)[C@](O)(Cn1cncn1)c1ccc(F)cc1F,0.472
MUESVNGNTIDASG-DOHCOTLASA-N,CN(C)[C@@H]1C(=O)C(C(=O)NCO)C(=O)[C@@]2(O)C(=O)C3C(=O)c4c(O)ccc(Cl)c4[C@@](C)(O)[C@H]3C[C@@H]12,1.0
HYWYRSMBCFDLJT-UHFFFAOYSA-N,CS(=O)(=O)Nc1ccc([N+](=O)[O-])cc1Oc1ccccc1,0.063
NBRBXGKOEOGLOI-UHFFFAOYSA-N,COc1c(-c2ccc3cc(NS(C)(=O)=O)ccc3c2)cc(-n2ccc(=O)[nH]c2=O)cc1C(C)(C)C,0.332
HDHDTKMUACZDAA-PHNIDTBTSA-N,CC(=O)N[C@@H](CCCNC(=N)N)C(=O)N[C@H]1CSSC[C@@H](C(N)=O)NC(=O)[C@H](Cc2c[nH]c3ccccc23)NC(=O)[C@H](CCCNC(=N)N)NC(=O)[C@@H](Cc2ccccc2)NC(=O)[C@H](Cc2c[nH]cn2)NC(=O)[C@@H](C)NC1=O,1.0
RRGUKTPIGVIEKM-UHFFFAOYSA-N,O=C1CCc2cc(OCCCCc3nnnn3C3CCCCC3)ccc2N1,0.533
MXJWRABVEGLYDG-UHFFFAOYSA-N,CCCCOc1ccc(CC(=O)NO)cc1,0.004
IDYZIJYBMGIQMJ-UHFFFAOYSA-N,CCn1cc(C(=O)O)c(=O)c2cc(F)c(N3CCNCC3)nc21,1.0
BZEWSEKUUPWQDQ-UHFFFAOYSA-N,CCCCOc1ccc(C(=O)CCN2CCCCC2)cc1,0.006
MKJIEFSOBYUXJB-LIJFRPJRSA-N,[2H]C([2H])([2H])Oc1cc2c(cc1OC([2H])([2H])[2H])C1CC(=O)C(CC(C)C)CN1CC2,0.005
JYJTVFIEFKZWCJ-UHFFFAOYSA-N,CC1CCc2c(N3CCC(O)CC3)c(F)cc3c(=O)c(C(=O)O)cn1c23,1.0
MDKGKXOCJGEUJW-UHFFFAOYSA-N,CC(C(=O)O)c1ccc(C(=O)c2cccs2)cc1,1.0
HKXBNHCUPKIYDM-CGMHZMFXSA-N,C=C1/C(=C\C=C2/CCC[C@]3(C)[C@@H]([C@H](C)/C=C/[C@H](C)C(C)C)CC[C@@H]23)C[C@@H](O)C[C@@H]1O,0.053
CJCSPKMFHVPWAR-UHFFFAOYSA-N,CC(N)(Cc1ccc(O)c(O)c1)C(=O)O,1.0
RXPRRQLKFXBCSJ-GIVPXCGWSA-N,CC[C@]12CCCN3CCc4c(n(c5ccccc45)[C@@](O)(C(=O)OC)C1)[C@@H]32,0.045
NEMGRZFTLSKBAP-LBPRGKRZSA-N,C[C@H](NCc1ccc(OCc2cccc(F)c2)cc1)C(N)=O,0.944
WIGIZIANZCJQQY-RUCARUNLSA-N,CCC1=C(C)CN(C(=O)NCCc2ccc(S(=O)(=O)NC(=O)N[C@H]3CC[C@H](C)CC3)cc2)C1=O,0.684
UAHFGYDRQSXQEB-LEBBXHLNSA-N,CCCC[C@H](NC(=O)[C@H](CO)NC(=O)[C@H](Cc1ccc(O)cc1)NC(=O)[C@H](CO)NC(C)=O)C(=O)N[C@@H](CCC(=O)O)C(=O)N[C@@H](Cc1c[nH]cn1)C(=O)N[C@H](Cc1ccccc1)C(=O)N[C@@H](CCCNC(=N)N)C(=O)N[C@@H](Cc1c[nH]c2ccccc12)C(=O)NCC(=O)N[C@@H](CCCCN)C(=O)N1CCC[C@H]1C(=O)N[C@H](C(N)=O)C(C)C,1.0
MKPLKVHSHYCHOC-AHTXBMBWSA-N,CC(C)OC(=O)CCC/C=C\C[C@@H]1[C@@H](/C=C/[C@@H](O)COc2cccc(C(F)(F)F)c2)[C@H](O)C[C@@H]1O,0.32
NCLGDOBQAWBXRA-PGRDOPGGSA-N,Cc1ccn(-c2cc(Cl)ccc2[C@@H](Oc2cc(-c3ccc(C[C@H](N)C(=O)O)cc3)nc(N)n2)C(F)(F)F)n1,0.544
YOSHYTLCDANDAN-UHFFFAOYSA-N,CCCCC1=NC2(CCCC2)C(=O)N1Cc1ccc(-c2ccccc2-c2nnn[nH]2)cc1,0.492
AMHPTVWBZSYFSS-BZUAXINKSA-N,CN1[C@@H]2CCC(C)(C)[C@H]1C[C@H](OC(=O)C(O)(c1cccs1)c1cccs1)C2,0.01
OROAFUQRIXKEMV-LDADJPATSA-N,CCCCc1ncc(/C=C(\Cc2cccs2)C(=O)O)n1Cc1ccc(C(=O)O)cc1,1.0
VLPIATFUUWWMKC-UHFFFAOYSA-N,Cc1cccc(C)c1OCC(C)N,0.045
TZXKOCQBRNJULO-UHFFFAOYSA-N,Cc1c(O)c(=O)ccn1C,1.0
VVUYEFBRTFASAH-UHFFFAOYSA-N,CCN(CCO)CCn1c(Cc2ccccc2)nc2c1c(=O)n(C)c(=O)n2C,0.983
YREYLAVBNPACJM-UHFFFAOYSA-N,CC(C)(C)NCC(O)c1ccccc1Cl,0.183
DTVJXCOMJLLMAK-UHFFFAOYSA-N,O=C(OCCOCCN1CCCCC1)N1c2ccccc2Sc2cccnc21,0.031
MRMBZHPJVKCOMA-YJFSRANCSA-N,C[C@@H](O)[C@H]1C(=O)N2C(C(=O)[O-])=C(SC3Cn4cnc[n+]4C3)[C@H](C)[C@H]12,1.0
PTRATZCAGVBFIQ-UHFFFAOYSA-N,Cc1ccc(-c2ccc(C)cn2)nc1,0.001
YMARZQAQMVYCKC-OEMFJLHTSA-N,CC(C)CN(C[C@@H](O)[C@H](Cc1ccccc1)NC(=O)O[C@H]1CCOC1)S(=O)(=O)c1ccc(N)cc1,0.014
UIDWQGRXEVDFCA-XCVCLJGOSA-N,O=C1CN(/N=C/c2ccc([N+](=O)[O-])o2)C(=O)N1CO,1.0
RCKMWOKWVGPNJF-UHFFFAOYSA-N,CCN(CC)C(=O)N1CCN(C)CC1,1.0
XHOJAWVAWFHGHL-UHFFFAOYSA-N,CC(C)N1CCC(N(C(=O)Cc2ccccc2)c2ccc(Cl)cc2)CC1,0.59
LNPDTQAFDNKSHK-UHFFFAOYSA-N,Cc1onc(-c2ccccc2)c1-c1ccc(S(N)(=O)=O)cc1,0.973
MCJGNVYPOGVAJF-UHFFFAOYSA-N,Oc1cccc2cccnc12,0.005
GPKJTRJOBQGKQK-UHFFFAOYSA-N,CCN(CC)CCCC(C)Nc1c2ccc(Cl)cc2nc2ccc(OC)cc12,0.018
SBUJHOSQTJFQJX-NOAMYHISSA-N,NC[C@H]1O[C@H](O[C@H]2[C@H](O)[C@@H](O[C@H]3O[C@H](CO)[C@@H](O)[C@H](N)[C@H]3O)[C@H](N)C[C@@H]2N)[C@H](O)[C@@H](O)[C@@H]1O,1.0
SGOOQMRIPALTEL-UHFFFAOYSA-N,CN(C(=O)c1c(O)c2ccccc2n(C)c1=O)c1ccccc1,0.125
BQSJTQLCZDPROO-UHFFFAOYSA-N,Cc1nc(-c2ccc(OCC(C)C)c(C#N)c2)sc1C(=O)O,1.0
SKIVFJLNDNKQPD-UHFFFAOYSA-N,CC(=O)NS(=O)(=O)c1ccc(N)cc1,1.0
HYPPXZBJBPSRLK-UHFFFAOYSA-N,CCOC(=O)C1(c2ccccc2)CCN(CCC(C#N)(c2ccccc2)c2ccccc2)CC1,0.488
DHHVAGZRUROJKS-UHFFFAOYSA-N,CC(C)(N)Cc1ccccc1,0.021
PXGPLTODNUVGFL-YNNPMVKQSA-N,CCCCC[C@H](O)/C=C/[C@@H]1[C@@H](C/C=C\CCCC(=O)O)[C@@H](O)C[C@H]1O,1.0
ANJTVLIZGCUXLD-DTWKUNHWSA-N,O=c1cccc2n1C[C@@H]1CNC[C@H]2C1,1.0
XXSMGPRMXLTPCZ-UHFFFAOYSA-N,CCN(CCO)CCCC(C)Nc1ccnc2cc(Cl)ccc12,0.022
KORNTPPJEAJQIU-KJXAQDMKSA-N,C=CCN1C[C@H](C(=O)N(CCCN(C)C)C(=O)NCC)C[C@@H]2c3cccc4[nH]cc(c34)C[C@H]21,0.017
RNRHMQWZFJXKLZ-UHFFFAOYSA-N,Cc1cc(O)c(C2CC3CCC2(C)C3(C)C)cc1C,0.947
ROBVIMPUHSLWNV-UHFFFAOYSA-N,CCC1(c2ccc(N)cc2)CCC(=O)NC1=O,0.999
ASXBYYWOLISCLQ-HZYVHMACSA-N,CN[C@@H]1[C@H](O[C@H]2[C@H](O[C@H]3[C@H](O)[C@@H](O)[C@H](NC(=N)N)[C@@H](O)[C@@H]3NC(=N)N)O[C@@H](C)[C@]2(O)CO)O[C@@H](CO)[C@H](O)[C@H]1O,1.0
WTDRDQBEARUVNC-LURJTMIESA-N,N[C@@H](Cc1ccc(O)c(O)c1)C(=O)O,1.0
BLSQLHNBWJLIBQ-OZXSUGGESA-N,CC(C)N1CCN(c2ccc(OC[C@H]3CO[C@](Cn4cncn4)(c4ccc(Cl)cc4Cl)O3)cc2)CC1,0.034
ZJKNESGOIKRXQY-UHFFFAOYSA-N,CSc1ccc(C(=O)c2[nH]c(=O)[nH]c2C)cc1,0.978
KYHQZNGJUGFTGR-UHFFFAOYSA-N,CC(O)Cn1cnc2c1c(=O)n(C)c(=O)n2C,1.0
VBHQKCBVWWUUKN-KZNAEPCWSA-N,COc1ccc(CCO[C@@H]2CCCC[C@H]2N2CC[C@@H](O)C2)cc1OC,0.03
KJADKKWYZYXHBB-XBWDGYHZSA-N,CC1(C)O[C@@H]2[C@@H](CO[C@@]3(COS(N)(=O)=O)OC(C)(C)O[C@@H]23)O1,1.0
UREBDLICKHMUKA-CXSFZGCWSA-N,C[C@@H]1C[C@H]2[C@@H]3CCC4=CC(=O)C=C[C@]4(C)[C@@]3(F)[C@@H](O)C[C@]2(C)[C@@]1(O)C(=O)CO,1.0
IGPDWKCUDHIIRL-UHFFFAOYSA-N,NC(=O)N1C(=O)C(C(=O)c2cccs2)c2cc(Cl)ccc21,0.733
KJEBULYHNRNJTE-DHZHZOJOSA-N,COCCOC(=O)C1=C(C)NC(C)=C(C(=O)OC/C=C/c2ccccc2)C1c1cccc([N+](=O)[O-])c1,0.109
DOUYETYNHWVLEO-UHFFFAOYSA-N,CC(C)Cn1cnc2c(N)nc3ccccc3c21,0.002
DPYMFVXJLLWWEU-UHFFFAOYSA-N,FC(F)OC(F)C(F)(F)F,0.973
KYWCWBXGRWWINE-UHFFFAOYSA-N,COc1ccc(C(=O)NCc2cccnc2)cc1C(=O)NCc1cccnc1,0.999
IMOZEMNVLZVGJZ-QGZVFWFLSA-N,CCOc1cc([C@@H](CS(C)(=O)=O)N2C(=O)c3cccc(NC(C)=O)c3C2=O)ccc1OC,0.983
MSYKRHVOOPPJKU-BDAKNGLRSA-N,CCC[C@@H]1CC(=O)N([C@@H](CC)C(N)=O)C1,0.696
YTAOBBFIOAEMLL-REQDGWNSSA-N,N#C/C(=C1/SC[C@@H](c2ccc(Cl)cc2Cl)S1)n1ccnc1,0.62
ZKLPARSLTMPFCP-UHFFFAOYSA-N,O=C(O)COCCN1CCN(C(c2ccccc2)c2ccc(Cl)cc2)CC1,0.98
UUQMNUMQCIQDMZ-UHFFFAOYSA-N,CNCCc1ccccn1,1.0
PAZJSJFMUHDSTF-UHFFFAOYSA-N,C=CCc1ccccc1OCC(O)CNC(C)C,0.995
DYAIAHUQIPBDIP-AXAPSJFSSA-N,O=C(O)C1=C(CSc2nnnn2CS(=O)(=O)O)CS[C@@H]2[C@H](NC(=O)[C@H](O)c3ccccc3)C(=O)N12,1.0
FNKQXYHWGSIFBK-RPDRRWSUSA-N,C[C@H](O)[C@H](O)[C@H]1CNc2nc(N)[nH]c(=O)c2N1,1.0
FBOUYBDGKBSUES-VXKWHMMOSA-N,O=C(O[C@H]1CN2CCC1CC2)N1CCc2ccccc2[C@@H]1c1ccccc1,0.091
WJOHZNCJWYWUJD-IUGZLZTKSA-N,CC(=O)OCC(=O)[C@@]12OC(C)(C)O[C@@H]1C[C@H]1[C@@H]3C[C@H](F)C4=CC(=O)C=C[C@]4(C)[C@@]3(F)[C@@H](O)C[C@@]12C,1.0
PWLGMNLZBXENII-UHFFFAOYSA-N,CCCC(=O)c1c(O)cc(OC)c(CC2C(=O)C(C(=O)CCC)C(=O)C(C)(C)C2=O)c1O,0.973
WMWTYOKRWGGJOA-CENSZEJFSA-N,CCC(=O)O[C@]1(C(=O)SCF)[C@H](C)C[C@H]2[C@@H]3C[C@H](F)C4=CC(=O)C=C[C@]4(C)[C@@]3(F)[C@@H](O)C[C@@]21C,0.57
RWZVPVOZTJJMNU-UHFFFAOYSA-N,CN(CCCCCCCCCCN(C)C(=O)Oc1cccc([N+](C)(C)C)c1)C(=O)Oc1cccc([N+](C)(C)C)c1,0.889
ALYNCZNDIQEVRV-UHFFFAOYSA-N,Nc1ccc(C(=O)O)cc1,1.0
FFINMCNLQNTKLU-UHFFFAOYSA-N,O=C(CCCCC(=O)Nc1c(I)cc(I)c(C(=O)O)c1I)Nc1c(I)cc(I)c(C(=O)O)c1I,0.824
WZHCOOQXZCIUNC-UHFFFAOYSA-N,CC1CC(OC(=O)C(O)c2ccccc2)CC(C)(C)C1,0.009
SBNFWQZLDJGRLK-UHFFFAOYSA-N,CC(C)=CC1C(C(=O)OCc2cccc(Oc3ccccc3)c2)C1(C)C,0.742
HYIMSNHJOBLJNT-UHFFFAOYSA-N,COC(=O)C1=C(C)NC(C)=C(C(=O)OC)C1c1ccccc1[N+](=O)[O-],0.241
OJMMVQQUTAEWLP-KIDUDLJLSA-N,CCC[C@@H]1C[C@@H](C(=O)N[C@@H]([C@H]2O[C@H](SC)[C@H](O)[C@@H](O)[C@H]2O)[C@@H](C)O)N(C)C1,1.0
RUOKEQAAGRXIBM-GFCCVEGCSA-N,C#CCN[C@@H]1CCc2ccccc21,0.224
DNYGXMICFMACRA-XHEDQWPISA-N,CNC[C@@H]1CC[C@@H](N)[C@@H](O[C@H]2[C@H](O)[C@@H](O[C@H]3OC[C@](C)(O)[C@H](NC)[C@H]3O)[C@H](N)C[C@@H]2N)O1,1.0
ZCVMWBYGMWKGHF-UHFFFAOYSA-N,CN1CCC(=C2c3ccccc3CC(=O)c3sccc32)CC1,0.013
QTGIAADRBBLJGA-UHFFFAOYSA-N,CCCNC(C)C(=O)Nc1c(C)csc1C(=O)OC,0.606
VHOGYURTWQBHIL-UHFFFAOYSA-N,Cc1oncc1C(=O)Nc1ccc(C(F)(F)F)cc1,0.408
XWLUWCNOOVRFPX-UHFFFAOYSA-N,O=C1NC(c2ccccc2)(c2ccccc2)C(=O)N1COP(=O)(O)O,1.0
INDBQLZJXZLFIT-UHFFFAOYSA-N,COc1cc(NC(C)CCCN)c2ncccc2c1,0.443
CDOZDBSBBXSXLB-UHFFFAOYSA-N,CCN(CC)C(C)CN1c2ccccc2Sc2ccccc21,0.057
YSXKPIUOCJLQIE-UHFFFAOYSA-N,OC(CCN1CCCCC1)(c1ccccc1)C1CC2C=CC1C2,0.028
CLKOFPXJLQSYAH-ABRJDSQDSA-N,CC[C@H](C)[C@H](N)C1=N[C@H](C(=O)N[C@@H](CC(C)C)C(=O)N[C@H](CCC(=O)O)C(=O)N[C@H](C(=O)N[C@H]2CCCCNC(=O)[C@H](CC(N)=O)NC(=O)[C@@H](CC(=O)O)NC(=O)[C@H](Cc3cnc[nH]3)NC(=O)[C@@H](Cc3ccccc3)NC(=O)[C@H]([C@@H](C)CC)NC(=O)[C@@H](CCCN)NC2=O)[C@@H](C)CC)CS1,1.0
GKDRMWXFWHEQQT-UHFFFAOYSA-N,COc1cc(Nc2ncc(F)c(Nc3ccc4c(n3)N(COP(=O)(O)O)C(=O)C(C)(C)O4)n2)cc(OC)c1OC,1.0
RWWYLEGWBNMMLJ-YSOARWBDSA-N,CCC(CC)COC(=O)[C@H](C)N[P@](=O)(OC[C@H]1O[C@@](C#N)(c2ccc3c(N)ncnn23)[C@H](O)[C@@H]1O)Oc1ccccc1,0.396
GIJXKZJWITVLHI-PMOLBWCYSA-N,CN1[C@@H]2CC[C@H]1C[C@@H](OC(c1ccccc1)c1ccccc1)C2,0.109
AHLBNYSZXLDEJQ-FWEHEUNISA-N,CCCCCCCCCCC[C@@H](C[C@@H]1OC(=O)[C@H]1CCCCCC)OC(=O)[C@H](CC(C)C)NC=O,0.998
QXWYKJLNLSIPIN-JGVFFNPUSA-N,N[C@H](C(=O)O)[C@H](O)c1ccc(O)c(O)c1,1.0
USUZGMWDZDXMDG-CYBMUJFWSA-N,N#Cc1ccc([C@H]2CCc3cncn32)c(F)c1,0.089
JFPVXVDWJQMJEE-IZRZKJBUSA-N,CO/N=C(\C(=O)N[C@@H]1C(=O)N2C(C(=O)O)=C(COC(N)=O)CS[C@H]12)c1ccco1,1.0
LRXXRIXDSAEIOR-UHFFFAOYSA-N,CC(Cc1ccccc1)NCc1ccccc1Cl,0.636
PJHKBYALYHRYSK-UHFFFAOYSA-N,CCCCCCC(=O)OCC(COC(=O)CCCCCC)OC(=O)CCCCCC,0.972
STZYTFJPGGDRJD-NHUWBDDWSA-N,C=C[C@]1(C)C[C@@H](OC(=O)CS[C@@H]2C[C@H]3CC[C@@H](C2)N3C)[C@]2(C)[C@H](C)CC[C@]3(CCC(=O)[C@H]32)[C@@H](C)[C@@H]1O,0.773
QYSXJUFSXHHAJI-YRZJJWOYSA-N,C=C1CC[C@H](O)C/C1=C/C=C1\CCC[C@]2(C)[C@@H]([C@H](C)CCCC(C)C)CC[C@@H]12,0.915
XRQDFNLINLXZLB-CKIKVBCHSA-N,CCC(CC)[C@H](NC(C)=O)[C@@H]1[C@H](O)[C@@H](C(=O)O)C[C@H]1NC(=N)N,1.0
FAKRSMQSSFJEIM-RQJHMYQMSA-N,C[C@H](CS)C(=O)N1CCC[C@H]1C(=O)O,1.0
MDNWOSOZYLHTCG-UHFFFAOYSA-N,Oc1ccc(Cl)cc1Cc1cc(Cl)ccc1O,0.959
DDPFHDCZUJFNAT-PZPWKVFESA-N,CC(C)C[C@H](NC(=O)[C@H](CCCCN)NC(=O)CNC(=O)[C@H](CC(C)C)NC(=O)[C@@H](NC(=O)[C@@H]1CCCCCC(=O)N[C@@H](CO)C(=O)N[C@@H](CC(N)=O)C(=O)N[C@@H](CC(C)C)C(=O)N[C@@H](CO)C(=O)N[C@@H]([C@@H](C)O)C(=O)N1)C(C)C)C(=O)N[C@@H](CO)C(=O)N[C@@H](CCC(N)=O)C(=O)N[C@@H](CCC(=O)O)C(=O)N[C@@H](CC(C)C)C(=O)N[C@@H](Cc1c[nH]cn1)C(=O)N[C@@H](CCCCN)C(=O)N[C@@H](CC(C)C)C(=O)N[C@@H](CCC(N)=O)C(=O)N[C@H](C(=O)N[C@@H](Cc1ccc(O)cc1)C(=O)N1CCC[C@H]1C(=O)N[C@@H](CCCNC(=N)N)C(=O)N[C@H](C(=O)N[C@@H](CC(=O)O)C(=O)N[C@H](C(=O)NCC(=O)N[C@@H](C)C(=O)NCC(=O)N[C@H](C(=O)N1CCC[C@H]1C(N)=O)[C@@H](C)O)C(C)C)[C@@H](C)O)[C@@H](C)O,1.0
RHWKPHLQXYSBKR-BMIGLBTASA-N,C[C@@H]1CCO[C@H]2Cn3cc(C(=O)NCc4ccc(F)cc4F)c(=O)c(O)c3C(=O)N12,0.358
KBEZZLAAKIIPFK-NJAFHUGGSA-N,Cc1ccc2c(c1)[C@]13CCCC[C@@H]1[C@H](C2)N(C)CC3,0.197
FPJHWYCPAOPVIV-VOZMEZHOSA-N,CO[C@@H]1O[C@H](CO)[C@H](OS(=O)(=O)O)[C@H](O[C@@H]2O[C@@H](C(=O)O)[C@@H](OC)[C@H](O)[C@H]2O)[C@H]1NC(C)=O,1.0
CTRLABGOLIVAIY-UHFFFAOYSA-N,NC(=O)N1c2ccccc2CC(=O)c2ccccc21,0.555
ARPYQKTVRGFPIS-VIFPVBQESA-N,C[C@H](C(=O)O)c1ccc2oc(-c3ccc(F)cc3)nc2c1,0.99
WXJFKKQWPMNTIM-VWLOTQADSA-N,CCCCCCCCCCCCCCCCOCCCOP(=O)(O)CO[C@H](CO)Cn1ccc(N)nc1=O,1.0
YQEZLKZALYSWHR-UHFFFAOYSA-N,CNC1(c2ccccc2Cl)CCCCC1=O,0.004
XDUOTWNXVDBCDY-VOTSOKGWSA-N,CCOC(=O)CN1CCN(C(=O)/C=C/c2cc(OC)c(OC)c(OC)c2)CC1,0.028
IVBHGBMCVLDMKU-GXNBUGAJSA-N,CCN1CCN(C(=O)N[C@@H](C(=O)N[C@@H]2C(=O)N3[C@@H]2SC(C)(C)[C@@H]3C(=O)O)c2ccccc2)C(=O)C1=O,1.0
QTTRZHGPGKRAFB-OOKHYKNYSA-N,CCC(=O)[C@@]1(C)[C@H](C)C[C@H]2[C@@H]3CCC4=CC(=O)C=C[C@]4(C)[C@H]3[C@@H](O)C[C@@]21C,0.198
CESYKOGBSMNBPD-UHFFFAOYSA-N,CN1C(CCl)Nc2cc(Cl)c(S(N)(=O)=O)cc2S1(=O)=O,1.0
DOAKLVKFURWEDJ-RWDRXURGSA-N,CCCCCCCCCC(=O)N[C@@H](Cc1c[nH]c2ccccc12)C(=O)N[C@@H](CC(N)=O)C(=O)N[C@@H](CC(=O)O)C(=O)N[C@@H]1C(=O)NCC(=O)N[C@@H](CCCN)C(=O)N[C@@H](CC(=O)O)C(=O)N[C@H](C)C(=O)N[C@@H](CC(=O)O)C(=O)NCC(=O)N[C@H](CO)C(=O)N[C@@H]([C@H](C)CC(=O)O)C(=O)N[C@@H](CC(=O)c2ccccc2N)C(=O)O[C@@H]1C,1.0
UPSPUYADGBWSHF-UHFFFAOYSA-N,Cc1ccc(C(=O)c2ccc(CC(=O)O)n2C)cc1,1.0
WYMSBXTXOHUIGT-UHFFFAOYSA-N,CCOP(=O)(OCC)Oc1ccc([N+](=O)[O-])cc1,0.001
ZCVAOQKBXKSDMS-AQYZNVCMSA-N,C=CCC1=C(C)C(OC(=O)[C@@H]2[C@@H](C=C(C)C)C2(C)C)CC1=O,0.345
HEMJJKBWTPKOJG-UHFFFAOYSA-N,Cc1ccc(C)c(OCCCC(C)(C)C(=O)O)c1,0.096
TZRFSLHOCZEXCC-HIVFKXHNSA-N,COCCO[C@@H]1[C@H](SP(=O)(O)OC[C@H]2O[C@@H](n3cc(C)c(=O)[nH]c3=O)[C@H](OCCOC)[C@@H]2SP(=O)(O)OC[C@H]2O[C@@H](n3cc(C)c(N)nc3=O)[C@H](OCCOC)[C@@H]2SP(=O)(O)OC[C@H]2O[C@@H](n3cnc4c(N)ncnc43)C[C@@H]2SP(=O)(O)OC[C@H]2O[C@@H](n3cnc4c(=O)[nH]c(N)nc43)C[C@@H]2SP(=O)(O)OC[C@H]2O[C@@H](n3cc(C)c(=O)[nH]c3=O)C[C@@H]2SP(=O)(O)OC[C@H]2O[C@@H](n3cc(C)c(N)nc3=O)C[C@@H]2SP(=O)(O)OC[C@H]2O[C@@H](n3cc(C)c(=O)[nH]c3=O)C[C@@H]2SP(=O)(O)OC[C@H]2O[C@@H](n3cnc4c(=O)[nH]c(N)nc43)C[C@@H]2SP(=O)(O)OC[C@H]2O[C@@H](n3cc(C)c(N)nc3=O)C[C@@H]2SP(=O)(O)OC[C@H]2O[C@@H](n3cc(C)c(=O)[nH]c3=O)C[C@@H]2SP(=O)(O)OC[C@H]2O[C@@H](n3cc(C)c(=O)[nH]c3=O)C[C@@H]2SP(=O)(O)OC[C@H]2O[C@@H](n3cc(C)c(N)nc3=O)C[C@@H]2SP(=O)(O)OC[C@H]2O[C@@H](n3cnc4c(=O)[nH]c(N)nc43)[C@H](OCCOC)[C@@H]2SP(=O)(O)OC[C@@H]2O[C@H](n3cc(C)c(N)nc3=O)[C@@H](OCCOC)[C@H]2SP(=O)(O)OC[C@@H]2O[C@H](n3cnc4c(N)ncnc43)[C@@H](OCCOC)[C@H]2SP(=O)(O)OC[C@@H]2O[C@H](n3cc(C)c(N)nc3=O)[C@@H](OCCOC)[C@H]2SP(=O)(O)OC[C@@H]2O[C@H](n3cc(C)c(N)nc3=O)[C@@H](OCCOC)[C@H]2O)[C@@H](COP(=O)(O)S[C@H]2[C@@H](OCCOC)[C@H](n3cc(C)c(N)nc3=O)O[C@@H]2COP(=O)(O)S[C@H]2[C@@H](OCCOC)[C@H](n3cnc4c(=O)[nH]c(N)nc43)O[C@@H]2CO)O[C@H]1n1cc(C)c(N)nc1=O,1.0
LJOQGZACKSYWCH-NBGVHYBESA-N,CC[C@H]1CN2CCC1C[C@@H]2[C@@H](O)c1ccnc2ccc(OC)cc12,0.009
LXBIFEVIBLOUGU-DPYQTVNSSA-N,OC[C@H]1NC[C@H](O)[C@@H](O)[C@H]1O,1.0
PBAPPPCECJKMCM-IBGZPJMESA-N,Nc1nc(CC(=O)Nc2ccc(CCNC[C@H](O)c3ccccc3)cc2)cs1,1.0
JKXQBIZCQJLVOS-GSNLGQFWSA-N,COC(C(=O)N[C@@H]1C(=O)N2[C@@H]1SC(C)(C)[C@@H]2C(=O)O)c1ccc(Cl)c(Cl)c1,1.0
UQRORFVVSGFNRO-UTINFBMNSA-N,CCCCN1C[C@H](O)[C@@H](O)[C@H](O)[C@H]1CO,1.0
DLNKOYKMWOXYQA-IONNQARKSA-N,C[C@H](N)[C@@H](O)c1ccccc1,0.996
FAOZLTXFLGPHNG-KNAQIMQKSA-N,CC(=O)[C@@]1(O)CC[C@H]2[C@@H]3C[C@H](C)C4=CC(=O)C=C[C@]4(C)[C@@]3(F)[C@@H](O)C[C@@]21C,1.0
AHFWIQIYAXSLBA-RQXATKFSSA-N,OC[C@H]1O[C@@H](c2ccc(F)c(Cc3cc4ccccc4s3)c2)[C@H](O)[C@@H](O)[C@@H]1O,0.078
WZPBZJONDBGPKJ-VEHQQRBSSA-N,C[C@H]1[C@H](NC(=O)/C(=N\OC(C)(C)C(=O)O)c2csc(N)n2)C(=O)N1S(=O)(=O)O,1.0
NLORYLAYLIXTID-ISLYRVAYSA-N,CC/C(=C(/CC)c1ccc(OP(=O)(O)O)cc1)c1ccc(OP(=O)(O)O)cc1,1.0
LYCAIKOWRPUZTN-UHFFFAOYSA-N,OCCO,1.0
MKJIEFSOBYUXJB-UHFFFAOYSA-N,COc1cc2c(cc1OC)C1CC(=O)C(CC(C)C)CN1CC2,0.066
APKFDSVGJQXUKY-INPOYWNPSA-N,C[C@@H]1[C@H](O)[C@@H](C)/C=C/C=C/C=C/C=C/C=C/C=C/C=C/[C@H](O[C@@H]2O[C@H](C)[C@@H](O)[C@H](N)[C@@H]2O)C[C@@H]2O[C@](O)(C[C@@H](O)C[C@@H](O)[C@H](O)CC[C@@H](O)C[C@@H](O)CC(=O)O[C@H]1C)C[C@H](O)[C@H]2C(=O)O,1.0
JZUFKLXOESDKRF-UHFFFAOYSA-N,NS(=O)(=O)c1cc2c(cc1Cl)NCNS2(=O)=O,1.0
LBHLFPGPEGDCJG-UHFFFAOYSA-N,COc1cc(C)c2c(Oc3cccc(C(F)(F)F)c3)c(OC)cc(NC(C)CCCN)c2n1,0.076
COESHZUDRKCEPA-ZETCQYMHSA-N,N[C@@H](Cc1cc(Br)c(O)c(Br)c1)C(=O)O,1.0
GFICWFZTBXUVIG-SCSAIBSYSA-N,C[C@H]1N=C(N(C)C)N=C(N)N1,1.0
GPFAJKDEDBRFOS-FKQDBXSBSA-N,CN1CC[C@]23c4c5ccc(OCCN6CCOCC6)c4O[C@H]2[C@@H](O)C=C[C@H]3[C@H]1C5,0.158
JNTOCHDNEULJHD-UHFFFAOYSA-N,Nc1nc2c(ncn2CCC(CO)CO)c(=O)[nH]1,1.0
SYWHXTATXSMDSB-GSLJADNHSA-N,CC(=O)OCC(=O)[C@@]1(O)CC[C@H]2[C@@H]3CCC4=CC(=O)CC[C@]4(C)[C@@]3(F)[C@@H](O)C[C@@]21C,1.0
JYPVVOOBQVVUQV-CGHBYZBKSA-N,CC(C)[C@H](NC(=O)[C@H](CCCNC(=N)N)NC(=O)[C@@H](N)CC(N)=O)C(=O)N[C@@H](Cc1ccc(O)cc1)C(=O)N[C@H](C(=O)N[C@@H](Cc1c[nH]cn1)C(=O)N1CCC[C@H]1C(=O)N[C@@H](Cc1ccccc1)C(=O)O)C(C)C,1.0
RDOIQAHITMMDAJ-UHFFFAOYSA-N,CN(C)C(=O)C(CCN1CCC(O)(c2ccc(Cl)cc2)CC1)(c1ccccc1)c1ccccc1,0.038
AYXYPKUFHZROOJ-ZETCQYMHSA-N,CC(C)C[C@H](CN)CC(=O)O,1.0
UGOZVNFCFYTPAZ-IOXYNQHNSA-N,CCCCCCCCCCCCCC(=O)NCCCC[C@H](NC(=O)[C@@H]1CCCN1C(=O)[C@@H](NC(=O)[C@H](Cc1ccc(O)cc1)NC(=O)[C@H](Cc1ccccc1)NC(=O)[C@H](Cc1ccccc1)NC(=O)CNC(=O)[C@H](CCCNC(=N)N)NC(=O)[C@H](CCC(=O)O)NC(=O)CNC(=O)[C@@H]1CSSC[C@@H](C(=O)N[C@@H](CC(N)=O)C(=O)O)NC(=O)[C@H](Cc2ccc(O)cc2)NC(=O)[C@H](CC(N)=O)NC(=O)[C@H](CCC(=O)O)NC(=O)[C@H](CC(C)C)NC(=O)[C@H](CCC(N)=O)NC(=O)[C@H](Cc2ccc(O)cc2)NC(=O)[C@H](CC(C)C)NC(=O)[C@H](CO)NC(=O)[C@@H]2CSSC[C@H](NC(=O)[C@H](CCC(N)=O)NC(=O)[C@H](CCC(=O)O)NC(=O)[C@@H](NC(=O)[C@@H](NC(=O)CN)[C@@H](C)CC)C(C)C)C(=O)N[C@@H](CSSC[C@H](NC(=O)[C@H](CC(C)C)NC(=O)[C@H](Cc3c[nH]cn3)NC(=O)[C@H](CCC(N)=O)NC(=O)[C@H](CC(N)=O)NC(=O)[C@@H](NC(=O)[C@@H](N)Cc3ccccc3)C(C)C)C(=O)NCC(=O)N[C@@H](CO)C(=O)N[C@@H](Cc3c[nH]cn3)C(=O)N[C@@H](CC(C)C)C(=O)N[C@@H](C(C)C)C(=O)N[C@@H](CCC(=O)O)C(=O)N[C@@H](C)C(=O)N[C@@H](CC(C)C)C(=O)N[C@@H](Cc3ccc(O)cc3)C(=O)N[C@@H](CC(C)C)C(=O)N[C@@H](C(C)C)C(=O)N1)C(=O)N[C@@H]([C@@H](C)O)C(=O)N[C@@H](CO)C(=O)N[C@@H]([C@@H](C)CC)C(=O)N2)[C@@H](C)O)C(=O)O,1.0
QFNHIDANIVGXPE-FNZWTVRRSA-N,COc1ccc(CN(C(=O)[C@@H](N)Cc2c(C)cc(C(N)=O)cc2C)[C@@H](C)c2ncc(-c3ccccc3)[nH]2)cc1C(=O)O,1.0
ONUMZHGUFYIKPM-MXNFEBESSA-N,CCCCCCCCCCNCCN[C@@]1(C)C[C@H](O[C@H]2[C@H](Oc3c4cc5cc3Oc3ccc(cc3Cl)[C@@H](O)[C@@H](NC(=O)[C@@H](CC(C)C)NC)C(=O)N[C@@H](CC(N)=O)C(=O)N[C@H]5C(=O)N[C@H]3C(=O)N[C@H](C(=O)N[C@H](C(=O)O)c5cc(O)c(CNCP(=O)(O)O)c(O)c5-c5cc3ccc5O)[C@H](O)c3ccc(c(Cl)c3)O4)O[C@H](CO)[C@@H](O)[C@@H]2O)O[C@@H](C)[C@H]1O,1.0
WYDUSKDSKCASEF-UHFFFAOYSA-N,OC(CCN1CCCC1)(c1ccccc1)C1CCCCC1,0.058
NASXCEITKQITLD-UHFFFAOYSA-N,O=C1c2ccccc2C(=O)C1c1ccc(F)cc1,0.042
XQZXYNRDCRIARQ-LURJTMIESA-N,C[C@H](O)C(=O)Nc1c(I)c(C(=O)NC(CO)CO)c(I)c(C(=O)NC(CO)CO)c1I,1.0
JWPGJSVJDAJRLW-UHFFFAOYSA-N,N=C(N)N1CCc2ccccc2C1,1.0
DBABZHXKTCFAPX-UHFFFAOYSA-N,CCCN(CCC)S(=O)(=O)c1ccc(C(=O)O)cc1,0.989
NCWZOASIUQVOFA-FWZJPQCDSA-N,CNc1ccc(/C=C/c2ccc(OCCOCCOCC[18F])cc2)cc1,0.389
GSDSWSVVBLHKDQ-JTQLQIEISA-N,C[C@H]1COc2c(N3CCN(C)CC3)c(F)cc3c(=O)c(C(=O)O)cn1c23,1.0
GVTLAVKAVSKBKK-UHFFFAOYSA-N,O=C(NCN1CCOCC1)c1cnccn1,0.972
SLXKOJJOQWFEFD-UHFFFAOYSA-N,NCCCCCC(=O)O,1.0
BOCUKUHCLICSIY-UHFFFAOYSA-N,NS(=O)(=O)c1cc2c(cc1Cl)NC(C1CC3C=CC1C3)NS2(=O)=O,1.0
JLGKQTAYUIMGRK-UHFFFAOYSA-N,Clc1ccc(C(Cn2ccnc2)OCc2csc3c(Cl)cccc23)c(Cl)c1,0.658
IDBPHNDTYPBSNI-UHFFFAOYSA-N,CCC(=O)N(c1ccccc1)C1(COC)CCN(CCn2nnn(CC)c2=O)CC1,0.429
UIEATEWHFDRYRU-UHFFFAOYSA-N,CC(C)COCC(CN(Cc1ccccc1)c1ccccc1)N1CCCC1,0.389
HJLSLZFTEKNLFI-UHFFFAOYSA-N,CCS(=O)(=O)CCn1c([N+](=O)[O-])cnc1C,1.0
AYJVGKWCGIYEAK-UHFFFAOYSA-N,CC(C)(Oc1ccc(Cl)cc1)C(=O)OCCCOC(=O)c1cccnc1,0.661
VGZSUPCWNCWDAN-UHFFFAOYSA-N,CC(=O)c1ccc(S(=O)(=O)NC(=O)NC2CCCCC2)cc1,0.944
LLGDPTDZOVKFDU-XUHJSTDZSA-N,C=C[C@@H]1C[C@]1(NC(=O)[C@@H]1C[C@@H](Oc2cc(-c3csc(NC(=O)C(C)C)n3)nc3c(Br)c(OC)ccc23)CN1C(=O)[C@@H](NC(=O)OC1CCCC1)C(C)(C)C)C(=O)O,0.993
FWKQNCXZGNBPFD-UHFFFAOYSA-N,Cc1ccc(C(C)C)cc2c(C)ccc1-2,0.969
HRWCVUIFMSZDJS-SZMVWBNQSA-N,CCOC(=O)[C@H](CCc1ccccc1)N[C@@H](C)C(=O)N1CC2(C[C@H]1C(=O)O)SCCS2,0.999
HQIRNZOQPUAHHV-UHFFFAOYSA-N,Cc1ccc(Cl)c(OCC(O)CNC(C)(C)C)c1,0.721
DYDCPNMLZGFQTM-UHFFFAOYSA-N,Nc1nc(-n2cc(C(=O)O)c(=O)c3cc(F)c(N4CC(O)C4)c(Cl)c32)c(F)cc1F,1.0
NTEDWGYJNHZKQW-DGMDOPGDSA-N,N[C@]1(C(=O)O)C[C@@H]([18F])C1,1.0
UXQDWARBDDDTKG-UHFFFAOYSA-N,CN(C)CCOCC(=O)NC12CC3CC(CC(C3)C1)C2,0.917
OUBCNLGXQFSTLU-UHFFFAOYSA-N,O=C1CCCC(=O)C1C(=O)c1ccc(C(F)(F)F)cc1[N+](=O)[O-],0.077
JKOQGQFVAUAYPM-UHFFFAOYSA-N,NCCCNCCSP(=O)(O)O,1.0
ANZXOIAKUNOVQU-UHFFFAOYSA-N,CN(C)C(=O)Oc1cc(OC(=O)N(C)C)cc(C(O)CNC(C)(C)C)c1,0.978
PHIQHXFUZVPYII-ZCFIWIBFSA-N,C[N+](C)(C)C[C@H](O)CC(=O)[O-],1.0
YSDQQAXHVYUZIW-QCIJIYAXSA-N,CCCCCCCCCCCCCCCC(=O)N[C@@H](CCC(=O)NCCCC[C@H](NC(=O)[C@H](C)NC(=O)[C@H](C)NC(=O)[C@H](CCC(N)=O)NC(=O)CNC(=O)[C@H](CCC(=O)O)NC(=O)[C@H](CC(C)C)NC(=O)[C@H](Cc1ccc(O)cc1)NC(=O)[C@H](CO)NC(=O)[C@H](CO)NC(=O)[C@@H](NC(=O)[C@H](CC(=O)O)NC(=O)[C@H](CO)NC(=O)[C@@H](NC(=O)[C@H](Cc1ccccc1)NC(=O)[C@@H](NC(=O)CNC(=O)[C@H](CCC(=O)O)NC(=O)[C@H](C)NC(=O)[C@@H](N)Cc1cnc[nH]1)[C@@H](C)O)[C@@H](C)O)C(C)C)C(=O)N[C@@H](CCC(=O)O)C(=O)N[C@@H](Cc1ccccc1)C(=O)N[C@H](C(=O)N[C@@H](C)C(=O)N[C@@H](Cc1c[nH]c2ccccc12)C(=O)N[C@@H](CC(C)C)C(=O)N[C@H](C(=O)N[C@@H](CCCNC(=N)N)C(=O)NCC(=O)N[C@@H](CCCNC(=N)N)C(=O)NCC(=O)O)C(C)C)[C@@H](C)CC)C(=O)O,1.0
IBAQFPQHRJAVAV-ULAWRXDQSA-N,OCCN1C[C@H](O)[C@@H](O)[C@H](O)[C@H]1CO,1.0
XBBDACCLCFWBSI-ZETCQYMHSA-N,COC(=O)[C@@H](N)Cc1ccc(O)c(O)c1,0.973
OIGNJSKKLXVSLS-VWUMJDOOSA-N,C[C@]12C=CC(=O)C=C1CC[C@@H]1[C@@H]2[C@@H](O)C[C@@]2(C)[C@H]1CC[C@]2(O)C(=O)CO,1.0
XXVROGAVTTXONC-UHFFFAOYSA-N,CC(Cc1ccccc1)NCCCCl,0.127
WGFOBBZOWHGYQH-MXHNKVEKSA-N,CCCCC(F)(F)[C@@]1(O)CC[C@H]2[C@@H](CC(=O)[C@@H]2CCCCCCC(=O)O)O1,0.95
UWWDHYUMIORJTA-HSQYWUDLSA-N,CCOC(=O)[C@H](CCc1ccccc1)N[C@@H](C)C(=O)N1Cc2cc(OC)c(OC)cc2C[C@H]1C(=O)O,0.993
MKKYBZZTJQGVCD-XTCKQBCOSA-N,NCC[C@H](O)C(=O)N[C@@H]1C[C@H](N)[C@@H](O[C@H]2O[C@H](CN)CC[C@H]2N)[C@H](O)[C@H]1O[C@H]1O[C@H](CO)[C@@H](O)[C@H](N)[C@H]1O,1.0
NFBAXHOPROOJAW-UHFFFAOYSA-N,O=C1c2ccccc2C(=O)C1c1ccccc1,0.034
JZQKKSLKJUAGIC-UHFFFAOYSA-N,CC(C)NCC(O)COc1cccc2[nH]ccc12,1.0
GPRBEKHLDVQUJE-QSWIMTSFSA-N,CO/N=C(\C(=O)N[C@@H]1C(=O)N2C(C(=O)O)=C(COC(C)=O)CS[C@H]12)c1csc(N)n1,1.0
FWYSMLBETOMXAG-QHCPKHFHSA-N,COc1cccc(N2CCN(C3=Nc4c(F)cccc4[C@H](CC(=O)O)N3c3cc(C(F)(F)F)ccc3OC)CC2)c1,0.08
CZCHIEJNWPNBDE-UHFFFAOYSA-N,CCc1oc2ccccc2c1C(=O)c1cc(I)c(O)c(I)c1,0.978
RQTOOFIXOKYGAN-UHFFFAOYSA-N,CCCc1c2oc(C(=O)O)cc(=O)c2cc2c(=O)cc(C(=O)O)n(CC)c12,1.0
AUNGANRZJHBGPY-SCRDCRAPSA-N,Cc1cc2nc3c(=O)[nH]c(=O)nc-3n(C[C@H](O)[C@H](O)[C@H](O)CO)c2cc1C,1.0
NJCBUSHGCBERSK-UHFFFAOYSA-N,FC(F)(F)C(F)(F)C(F)(F)C(F)(F)C(F)(F)F,0.035
JUZYLCPPVHEVSV-LJQANCHMSA-N,COc1cc2c(cc1Cc1cccc(Cl)c1F)c(=O)c(C(=O)O)cn2[C@H](CO)C(C)C,0.998
KPVIXBKIJXZQJX-FCEONZPQSA-N,C=C[C@]1(C)C[C@@H](OC(=O)CS[C@@H]2CC[C@@H](N)C[C@H]2O)[C@]2(C)[C@H](C)CC[C@]3(CCC(=O)[C@H]32)[C@@H](C)[C@@H]1O,0.985
PTVWPYVOOKLBCG-UHFFFAOYSA-N,OCC(O)CN1CCN(c2ccccc2)CC1,0.97
DKJJVAGXPKPDRL-UHFFFAOYSA-N,O=P(O)(O)C(Sc1ccc(Cl)cc1)P(=O)(O)O,1.0
AJRNYCDWNITGHF-UHFFFAOYSA-N,COc1ccc2c(c1)c(CC(=O)NO)c(C)n2C(=O)c1ccc(Cl)cc1,0.031
KGPGQDLTDHGEGT-SZUNQUCBSA-N,CN[C@H]1C(=O)N[C@@H]2Cc3ccc(cc3)Oc3cc4cc(c3O[C@@H]3O[C@H](C(=O)O)[C@@H](O)[C@H](O)[C@H]3NC(=O)CCCCCCCCC(C)C)Oc3ccc(cc3Cl)[C@@H](O)[C@@H]3NC(=O)[C@H](NC(=O)[C@@H]4NC(=O)[C@@H](NC2=O)c2cc(cc(O)c2Cl)Oc2cc1ccc2O)c1ccc(O)c(c1)-c1c(O[C@H]2O[C@H](CO)[C@@H](O)[C@H](O)[C@@H]2O)cc(O)cc1[C@@H](C(=O)NCCCN(C)C)NC3=O,1.0
WYQPLTPSGFELIB-JTQPXKBDSA-N,CCCC(=O)O[C@]1(C(=O)COC(C)=O)CC[C@H]2[C@@H]3C[C@H](F)C4=CC(=O)C=C[C@]4(C)[C@@]3(F)[C@@H](O)C[C@@]21C,0.996
DGMKFQYCZXERLX-UHFFFAOYSA-N,CCCN(CCC)C(=O)C(CCC(=O)O)NC(=O)c1ccccc1,1.0
LCDDAGSJHKEABN-MLGOLLRUSA-N,CC(C)(C)OC[C@@H]1C(=O)NCCN1C(=O)C[C@H](N)Cc1cc(F)c(F)cc1F,0.978
ASOADIZOVZTJSR-UHFFFAOYSA-N,Cc1c(Cl)c(C)[n+]([O-])c(Cl)c1-c1noc(-c2cc(O)c(O)c([N+](=O)[O-])c2)n1,0.341
QNXUUBBKHBYRFW-QWAPGEGQSA-N,CC(=O)OCC(=O)[C@@]12OC(C)(C)O[C@@H]1C[C@H]1[C@@H]3CC(C=O)=C4C=C(OCCCl)CC[C@]4(C)[C@@]3(F)[C@@H](O)C[C@@]12C,0.998
RZVPBGBYGMDSBG-GGAORHGYSA-N,COC(=O)OCOc1c2n(ccc1=O)N([C@@H]1c3ccccc3SCc3c1ccc(F)c3F)[C@@H]1COCCN1C2=O,0.141
OXLZNBCNGJWPRV-UHFFFAOYSA-N,Oc1ccc(C(O)CNCCCCCCNCC(O)c2ccc(O)c(O)c2)cc1O,1.0
SYOKIDBDQMKNDQ-XWTIBIIYSA-N,N#C[C@@H]1CCCN1C(=O)CNC12CC3CC(CC(O)(C3)C1)C2,1.0
NSTRIRCPWQHTIA-DTRKZRJBSA-N,CC[C@H](C)[C@@H]1NC(=O)[C@H](Cc2ccc(OC)cc2)NC(=O)CCCSC[C@@H](C(=O)N2CCC[C@H]2C(=O)N[C@@H](CC(C)C)C(=O)NCC(N)=O)NC(=O)[C@H](CC(N)=O)NC(=O)[C@H](CCC(N)=O)NC1=O,1.0
NLOOMWLTUVBWAW-HLLBOEOZSA-N,CC(=O)OCOC(=O)[C@@H]1N2C(=O)[C@@H](NC(=O)Cc3ccccc3)[C@H]2SC1(C)C,0.983
MRWQRJMESRRJJB-UHFFFAOYSA-N,CCCCCCn1c(=O)c2c(ncn2C)n(C)c1=O,0.001
BQDBKDMTIJBJLA-UHFFFAOYSA-N,CS(=O)(=O)c1ccc2c(c1)N(CCCN1CCC(C(N)=O)CC1)c1ccccc1S2,1.0
OFBIFZUFASYYRE-UHFFFAOYSA-N,CCOC(=O)c1ncn2c1CN(C)C(=O)c1cc(F)ccc1-2,0.022
JPYQFYIEOUVJDU-UHFFFAOYSA-N,O=C(CCCl)NCc1ccccc1,0.018
XNKLLVCARDGLGL-JGVFFNPUSA-N,Cc1cn([C@H]2C=C[C@@H](CO)O2)c(=O)[nH]c1=O,1.0
YBBLVLTVTVSKRW-UHFFFAOYSA-N,CC(C)(C#N)c1cc(Cn2cncn2)cc(C(C)(C)C#N)c1,1.0
ASFKKFRSMGBFRO-UHFFFAOYSA-N,Cc1ccnc(NC(=O)C(C)c2cccc(C(=O)c3ccccc3)c2)c1,0.003
WEEGYLXZBRQIMU-UHFFFAOYSA-N,CC12CCC(CC1)C(C)(C)O2,0.242
DNHPDWGIXIMXSA-CXNSMIOJSA-N,CN1Cc2c(Cl)cc(Cl)cc2[C@H](c2cccc(S(=O)(=O)NCCOCCOCCNC(=O)NCCCCNC(=O)NCCOCCOCCNS(=O)(=O)c3cccc([C@@H]4CN(C)Cc5c(Cl)cc(Cl)cc54)c3)c2)C1,0.912
VSQQQLOSPVPRAZ-RRKCRQDMSA-N,O=c1[nH]c(=O)n([C@H]2C[C@H](O)[C@@H](CO)O2)cc1C(F)(F)F,1.0
JLKIGFTWXXRPMT-UHFFFAOYSA-N,Cc1cc(NS(=O)(=O)c2ccc(N)cc2)no1,1.0
AFNXATANNDIXLG-UHFFFAOYSA-N,Clc1ccc(CSC(Cn2ccnc2)c2ccc(Cl)cc2Cl)cc1,0.91
BZZKEPGENYLQSC-UHFFFAOYSA-N,CNC(=O)c1nnc(NC(=O)C2CC2)cc1Nc1cccc(-c2ncn(C)n2)c1OC,0.947
VOVIALXJUBGFJZ-KWVAZRHASA-N,CCCC1O[C@@H]2C[C@H]3[C@@H]4CCC5=CC(=O)C=C[C@]5(C)[C@H]4[C@@H](O)C[C@]3(C)[C@]2(C(=O)CO)O1,0.951
LJVAJPDWBABPEJ-PNUFFHFMSA-N,CC[C@H]1OC(=O)[C@H](C)C(=O)[C@H](C)[C@@H](O[C@@H]2O[C@H](C)C[C@H](N(C)C)[C@H]2O)[C@](C)(OC)C[C@@H](C)C(=O)[C@H](C)[C@H]2N(CCCCn3cnc(-c4cccnc4)c3)C(=O)O[C@]12C,0.817
KHPKQFYUPIUARC-UHFFFAOYSA-N,Cc1ccc(Nc2c(F)cccc2Cl)c(CC(=O)O)c1,0.332
UWYHMGVUTGAWSP-JKIFEVAISA-N,Cc1onc(-c2ccccc2)c1C(=O)N[C@@H]1C(=O)N2[C@@H]1SC(C)(C)[C@@H]2C(=O)O,1.0
MEUCPCLKGZSHTA-XYAYPHGZSA-N,CC(=O)N[C@H](Cc1ccc2ccccc2c1)C(=O)N[C@H](Cc1ccc(Cl)cc1)C(=O)N[C@H](Cc1cccnc1)C(=O)N[C@@H](CO)C(=O)N[C@@H](Cc1ccc(NC(=O)[C@@H]2CC(=O)NC(=O)N2)cc1)C(=O)N[C@H](Cc1ccc(NC(N)=O)cc1)C(=O)N[C@@H](CC(C)C)C(=O)N[C@@H](CCCCNC(C)C)C(=O)N1CCC[C@H]1C(=O)N[C@H](C)C(N)=O,1.0
YMTINGFKWWXKFG-UHFFFAOYSA-N,CC(C)OC(=O)C(C)(C)Oc1ccc(C(=O)c2ccc(Cl)cc2)cc1,0.503
SWLMUYACZKCSHZ-UHFFFAOYSA-N,Clc1ccc(CCC(Cn2ccnc2)Sc2c(Cl)cccc2Cl)cc1,0.972
JQXXHWHPUNPDRT-WLSIYKJHSA-N,CO[C@H]1/C=C/O[C@@]2(C)Oc3c(C)c(O)c4c(O)c(c(/C=N/N5CCN(C)CC5)c(O)c4c3C2=O)NC(=O)/C(C)=C\C=C\[C@H](C)[C@H](O)[C@@H](C)[C@@H](O)[C@@H](C)[C@H](OC(C)=O)[C@@H]1C,1.0
KDLRVYVGXIQJDK-AWPVFWJPSA-N,CCC[C@@H]1C[C@@H](C(=O)N[C@@H]([C@H]2O[C@H](SC)[C@H](O)[C@@H](O)[C@H]2O)[C@H](C)Cl)N(C)C1,0.99
ZCGNOVWYSGBHAU-UHFFFAOYSA-N,NC(=O)c1nc(F)c[nH]c1=O,1.0
QRXWMOHMRWLFEY-UHFFFAOYSA-N,NNC(=O)c1ccncc1,1.0
KLZWOWYOHUKJIG-BPUTZDHNSA-N,CCOC(=O)[C@H](CCc1ccccc1)N[C@@H](C)C(=O)N1C(=O)N(C)C[C@H]1C(=O)O,1.0
GMVPRGQOIOIIMI-DWKJAMRDSA-N,CCCCC[C@H](O)/C=C/[C@H]1[C@H](O)CC(=O)[C@@H]1CCCCCCC(=O)O,0.994
NCDNCNXCDXHOMX-XGKFQTDJSA-N,CC(C)c1nc(CN(C)C(=O)N[C@H](C(=O)N[C@@H](Cc2ccccc2)C[C@H](O)[C@H](Cc2ccccc2)NC(=O)OCc2cncs2)C(C)C)cs1,0.577
RYQOILLJDKPETL-UHFFFAOYSA-N,CCCCCCOC(=O)CCC(=O)CN,0.057
KGFYHTZWPPHNLQ-AWEZNQCLSA-N,O=C(NC[C@H]1CN(c2ccc(N3CCOCC3=O)cc2)C(=O)O1)c1ccc(Cl)s1,0.147
QRJJEGAJXVEBNE-HKOYGPOVSA-N,Clc1ccc(CO/N=C(\Cn2ccnc2)c2ccc(Cl)cc2Cl)c(Cl)c1,0.662
DPWPWRLQFGFJFI-UHFFFAOYSA-N,C#CCN(C)Cc1ccccc1,0.107
SLYPOVJCSQHITR-UHFFFAOYSA-N,O=c1oc2cc(O)ccc2s1,0.594
UGFAIRIUMAVXCW-UHFFFAOYSA-N,[C-]#[O+],1.0
UHSKFQJFRQCDBE-UHFFFAOYSA-N,CCCN(CCC)CCc1cccc2c1CC(=O)N2,0.263
ZWPRRQZNBDYKLH-VIFPVBQESA-N,N[C@@H](CC(=O)N1CCc2c(nc(C(F)(F)F)nc2C(F)(F)F)C1)CN1CC(F)(F)CCC1=O,0.878
KMZQAVXSMUKBPD-DJWKRKHSSA-N,O=C(C[S+]([O-])Cc1ccco1)NC/C=C\COc1cc(CN2CCCCC2)ccn1,0.982
SXYIRMFQILZOAM-HVNFFKDJSA-N,CO[C@H]1O[C@@H]2O[C@@]3(C)CC[C@H]4[C@H](C)CC[C@@H]([C@H]1C)[C@@]24OO3,0.048
RIKMMFOAQPJVMX-UHFFFAOYSA-N,Cc1cn[nH]c1,1.0
MNJVRJDLRVPLFE-UHFFFAOYSA-N,Cc1ccc(-c2ncc(Cl)cc2-c2ccc(S(C)(=O)=O)cc2)cn1,0.024
ANIAZGVDEUQPRI-ZJQCGQFWSA-N,CC(=O)N[C@H](CSSC[C@H](N)C(=O)O)C(=O)N[C@H](C)C(=O)N[C@H](CCCNC(=N)N)C(=O)N[C@H](CCCNC(=N)N)C(=O)N[C@H](CCCNC(=N)N)C(=O)N[C@H](C)C(=O)N[C@H](CCCNC(=N)N)C(N)=O,1.0
QELUYTUMUWHWMC-UHFFFAOYSA-N,CC1=NN(c2ccccc2)C(=O)C1,0.342
RFSUNEUAIZKAJO-ARQDHWQXSA-N,OC[C@H]1O[C@](O)(CO)[C@@H](O)[C@@H]1O,1.0
YKPUWZUDDOIDPM-VURMDHGXSA-N,COc1cc(CNC(=O)CCCC/C=C\C(C)C)ccc1O,0.214
IKENVDNFQMCRTR-UHFFFAOYSA-N,Cc1nc2c([nH]1)-c1ccccc1N(C(=O)c1ccc(NC(=O)c3ccccc3-c3ccccc3)cc1)CC2,0.159
ALAXZYHFVBSJKZ-UHFFFAOYSA-N,NNc1cc2c(nn1)CCN(C(=O)c1ccccc1)C2,1.0
FWMNVWWHGCHHJJ-SKKKGAJSSA-N,CC(C)C[C@@H](NC(=O)[C@@H](Cc1ccccc1)NC(=O)[C@H](N)Cc1ccccc1)C(=O)N[C@H](CCCCN)C(=O)N1CCC(N)(C(=O)O)CC1,1.0
RZPAKFUAFGMUPI-QESOVKLGSA-N,CO[C@H]1C[C@H](O[C@H]2[C@H](C)[C@@H](O[C@@H]3O[C@H](C)C[C@H](N(C)C)[C@H]3O)[C@@H](C)C[C@@]3(CO3)C(=O)[C@H](C)[C@@H](O)[C@@H](C)[C@@H](C)OC(=O)[C@@H]2C)O[C@@H](C)[C@@H]1O,0.994
YLPBXIKWXNRACS-UHFFFAOYSA-N,CN(CC(O)CO)C(=O)c1c(I)c(NC(=O)C(CO)CO)c(I)c(C(=O)N(C)CC(O)CO)c1I,1.0
SCKYRAXSEDYPSA-UHFFFAOYSA-N,Cc1cc(C2CCCCC2)n(O)c(=O)c1,0.017
HEAUOKZIVMZVQL-VWLOTQADSA-N,COc1cccc(-c2c(C)n(Cc3c(F)cccc3C(F)(F)F)c(=O)n(C[C@H](NCCCC(=O)O)c3ccccc3)c2=O)c1F,0.544
MBUVEWMHONZEQD-UHFFFAOYSA-N,CN1CCCC(n2nc(Cc3ccc(Cl)cc3)c3ccccc3c2=O)CC1,0.028
RPBAFSBGYDKNRG-NJBDSQKTSA-N,CC1(C)S[C@@H]2[C@H](NC(=O)[C@H](N)C3=CCC=CC3)C(=O)N2[C@H]1C(=O)O,1.0
WSNODXPBBALQOF-VEJSHDCNSA-N,CC(C)OC(=O)CCC/C=C\C[C@@H]1[C@@H](/C=C/C(F)(F)COc2ccccc2)[C@H](O)C[C@@H]1O,0.487
QPPBRPIAZZHUNT-UHFFFAOYSA-N,Cc1ccnc(NS(=O)(=O)c2ccc(N)cc2)n1,0.998
QSLJIVKCVHQPLV-PEMPUTJUSA-N,C[C@]12COC(=O)C[C@@H]1CC[C@@H]1[C@@H]2CC[C@@]2(C)[C@H]1CC[C@]2(C)O,0.285
IXHBTMCLRNMKHZ-LBPRGKRZSA-N,CC(C)(C)NC[C@H](O)COc1cccc2c1CCCC2=O,0.998
ADXGNEYLLLSOAR-UHFFFAOYSA-N,Cc1nc(C)c2c(n1)N(Cc1ccc(-c3ccccc3-c3nnn[nH]3)cc1)C(=O)CC2,0.998
SUBDBMMJDZJVOS-DEOSSOPVSA-N,COc1ccc2[nH]c([S@@+]([O-])Cc3ncc(C)c(OC)c3C)nc2c1,0.852
CFJMRBQWBDQYMK-UHFFFAOYSA-N,CCN(CC)CCOCCOC(=O)C1(c2ccccc2)CCCC1,0.02
POPFMWWJOGLOIF-XWCQMRHXSA-N,CC1(C)O[C@@H]2C[C@H]3[C@@H]4C[C@H](F)C5=CC(=O)CC[C@]5(C)[C@H]4[C@@H](O)C[C@]3(C)[C@]2(C(=O)CO)O1,0.991
HHHKFGXWKKUNCY-FHWLQOOXSA-N,CCOC(=O)[C@H](CCc1ccccc1)N[C@H]1CCCN2CCC[C@@H](C(=O)O)N2C1=O,0.986
HPWIIERXAFODPP-GHBBWTPBSA-N,N=C1NCC[C@H]([C@@H]2NC(=O)/C(=C/NC(N)=O)NC(=O)[C@H](CO)NC(=O)[C@H](CO)NC(=O)[C@@H](NC(=O)C[C@@H](N)[C@H](O)CCN)CNC2=O)N1,1.0
FIVSJYGQAIEMOC-ZGNKEGEESA-N,C[C@@H](OC[C@@]1(c2ccccc2)CC[C@]2(CCC(=O)N2)CN1)c1cc(C(F)(F)F)cc(C(F)(F)F)c1,0.007
OKTJSMMVPCPJKN-UHFFFAOYSA-N,[C],1.0
WPVFJKSGQUFQAP-GKAPJAKFSA-N,CC(C)[C@H](N)C(=O)OCC(CO)OCn1cnc2c(=O)[nH]c(N)nc21,1.0
ISWSIDIOOBJBQZ-UHFFFAOYSA-N,Oc1ccccc1,0.013
KJHOZAZQWVKILO-UHFFFAOYSA-N,N=C(N)NC(=N)N1CCOCC1,1.0
DEQITUUQPICUMR-HJPBWRTMSA-N,CC(C)[C@@]1(NC(=O)[C@@H]2C[C@@H]3c4cccc5[nH]cc(c45)C[C@H]3N(C)C2)O[C@@]2(O)[C@@H]3CCCN3C(=O)[C@H](Cc3ccccc3)N2C1=O,0.536
WEVJJMPVVFNAHZ-RRKCRQDMSA-N,Nc1nc(=O)n([C@H]2C[C@H](O)[C@@H](CO)O2)cc1I,1.0
HLFSDGLLUJUHTE-SNVBAGLBSA-N,c1ccc([C@H]2CN3CCSC3=N2)cc1,0.303
WLWFNJKHKGIJNW-UHFFFAOYSA-N,CN1C(=O)CC(c2ccccc2)C1=O,0.004
IAVUPMFITXYVAF-XPUUQOCRSA-N,CCN[C@H]1C[C@H](C)S(=O)(=O)c2sc(S(N)(=O)=O)cc21,1.0
TUZYXOIXSAXUGO-PZAWKZKUSA-N,CC[C@H](C)C(=O)O[C@H]1C[C@H](O)C=C2C=C[C@H](C)[C@H](CC[C@@H](O)C[C@@H](O)CC(=O)O)[C@H]21,1.0
GJSURZIOUXUGAL-UHFFFAOYSA-N,Clc1cccc(Cl)c1NC1=NCCN1,0.05
FYJJXENSONZJRG-UHFFFAOYSA-N,CN(C)CCCOC1(Cc2ccccc2)CCCCCC1,0.069
FSQKKOOTNAMONP-UHFFFAOYSA-N,COc1ccc2c(c1)c(CC(=O)OCC(=O)O)c(C)n2C(=O)c1ccc(Cl)cc1,1.0
NKANXQFJJICGDU-QPLCGJKRSA-N,CC/C(=C(\c1ccccc1)c1ccc(OCCN(C)C)cc1)c1ccccc1,0.351
CJBJHOAVZSMMDJ-HEXNFIEUSA-N,CC(C)CN(C[C@@H](O)[C@H](Cc1ccccc1)NC(=O)O[C@H]1CO[C@H]2OCC[C@H]21)S(=O)(=O)c1ccc(N)cc1,0.016
GHOSNRCGJFBJIB-UHFFFAOYSA-N,CCOc1nc2cccc(C(=O)OC(C)OC(=O)OC3CCCCC3)c2n1Cc1ccc(-c2ccccc2-c2nn[nH]n2)cc1,0.334
VSTNNAYSCJQCQI-UHFFFAOYSA-N,COC(CN1CCN(CC(O)C(OC)c2ccccc2)CC1)c1ccccc1,0.049
MLKXDPUZXIRXEP-MFOYZWKCSA-N,CC1=C(CC(=O)O)c2cc(F)ccc2/C1=C\c1ccc([S+](C)[O-])cc1,1.0
MWUXSHHQAYIFBG-UHFFFAOYSA-N,[N]=O,1.0
WCJFBSYALHQBSK-UHFFFAOYSA-N,CCC(=O)C(CCN(C)C)(c1ccccc1)c1ccccc1,0.004
KVHHQGIIZCJATJ-UHFFFAOYSA-N,CC(CN(C)C)C(C)(O)Cc1ccc(Cl)cc1,0.041
PFOLLRNADZZWEX-FFGRCDKISA-N,CCOC(=O)OC(C)OC(=O)[C@@H]1N2C(=O)[C@@H](NC(=O)[C@H](N)c3ccccc3)[C@H]2SC1(C)C,0.896
SNMKANWYFGWYCK-UHFFFAOYSA-N,CCCC(C)(CCO[N+](=O)[O-])O[N+](=O)[O-],0.041
DKOQGJHPHLTOJR-WHRDSVKCSA-N,CO/N=C(\C(=O)N[C@@H]1C(=O)N2C(C(=O)[O-])=C(C[n+]3cccc4c3CCC4)CS[C@H]12)c1csc(N)n1,1.0
SSOLNOMRVKKSON-UHFFFAOYSA-N,CC(C)NC(=N)NC(=N)Nc1ccc(Cl)cc1,1.0
NLYNIRQVMRLPIQ-XQLAAWPRSA-N,CCO[C@H]1O[C@@H]2O[C@@]3(C)CC[C@H]4[C@H](C)CC[C@@H]([C@H]1C)[C@@]24OO3,0.051
IRQOBYXMACIFKD-UHFFFAOYSA-N,CCN(CC)c1nc(NN)nc(N(CC)CC)n1,0.003
XLXSAKCOAKORKW-AQJXLSMYSA-N,CC(C)C[C@H](NC(=O)CNC(=O)[C@H](Cc1ccc(O)cc1)NC(=O)[C@H](CO)NC(=O)[C@H](Cc1c[nH]c2ccccc12)NC(=O)[C@H](Cc1cnc[nH]1)NC(=O)[C@@H]1CCC(=O)N1)C(=O)N[C@@H](CCCNC(=N)N)C(=O)N1CCC[C@H]1C(=O)NCC(N)=O,1.0
DLGSOJOOYHWROO-WQLSENKSSA-N,CN1C(=O)/C(=N\NC(N)=S)c2ccccc21,0.996
RCIMBBZXSXFZBV-UHFFFAOYSA-N,CCn1cc(C(=O)O)c(=O)c2cnc(N3CCCC3)nc21,1.0
YSIITVVESCNIPR-UHFFFAOYSA-N,COc1cc(C(=O)NC2CCCNC2)cc(OC)c1OC,0.998
OLBCVFGFOZPWHH-UHFFFAOYSA-N,CC(C)c1cccc(C(C)C)c1O,0.016
GUCKKCMJTSNWCU-BQBZGAKWSA-N,CC(=O)N[C@@H](CC(=O)N[C@@H](CCC(=O)O)C(=O)O)C(=O)O,1.0
VWPOSFSPZNDTMJ-UCWKZMIHSA-N,CC(C)(C)NCC(O)COc1cccc2c1C[C@H](O)[C@H](O)C2,1.0
JNMRHUJNCSQMMB-UHFFFAOYSA-N,Nc1ccc(S(=O)(=O)Nc2nccs2)cc1,0.999
XUZMWHLSFXCVMG-UHFFFAOYSA-N,CCS(=O)(=O)N1CC(CC#N)(n2cc(-c3ncnc4[nH]ccc34)cn2)C1,0.995
IYVFNTXFRYQLRP-VVSTWUKXSA-N,C[C@@H]1O[C@@H](OC[C@H]2O[C@@H](Oc3c(-c4ccc(OCCO)c(OCCO)c4)oc4cc(OCCO)cc(O)c4c3=O)[C@H](O)[C@@H](O)[C@@H]2O)[C@H](O)[C@H](O)[C@H]1O,1.0
PCIMKOZUNSLDGD-RTWWDWJHSA-N,CON(C)Cc1ccc(O)c2c1C[C@H]1C[C@H]3[C@H](N(C)C)C(=O)C(C(N)=O)C(=O)[C@@]3(O)C(=O)C1C2=O,1.0
CFOYWRHIYXMDOT-UHFFFAOYSA-N,CCOC(=O)n1ccn(C)c1=S,0.004
KFQYTPMOWPVWEJ-INIZCTEOSA-N,CCCN(CCc1cccs1)[C@H]1CCc2c(O)cccc2C1,0.121
PZRHRDRVRGEVNW-UHFFFAOYSA-N,Cc1[nH]c(=O)c(C#N)cc1-c1ccncc1,1.0
SEBFKMXJBCUCAI-DBMPWETRSA-N,COc1cc(C2Oc3cc([C@H]4Oc5cc(O)cc(O)c5C(=O)[C@@H]4O)ccc3OC2CO)ccc1O,0.963
MYPYJXKWCTUITO-LYRMYLQWSA-N,CN[C@H](CC(C)C)C(=O)N[C@H]1C(=O)N[C@@H](CC(N)=O)C(=O)N[C@H]2C(=O)N[C@H]3C(=O)N[C@H](C(=O)N[C@H](C(=O)O)c4cc(O)cc(O)c4-c4cc3ccc4O)[C@H](O)c3ccc(c(Cl)c3)Oc3cc2cc(c3O[C@@H]2O[C@H](CO)[C@@H](O)[C@H](O)[C@H]2O[C@H]2C[C@](C)(N)[C@H](O)[C@H](C)O2)Oc2ccc(cc2Cl)[C@H]1O,1.0
FPCCSQOGAWCVBH-UHFFFAOYSA-N,O=C(c1ccc(F)cc1)C1CCN(CCn2c(=O)[nH]c3ccccc3c2=O)CC1,0.104
JXZZEXZZKAWDSP-UHFFFAOYSA-N,O=C(NC1CCN(CCc2c[nH]c3ccccc23)CC1)c1ccccc1,0.037
OPYGFNJSCUDTBT-PMLPCWDUSA-N,CC1(C)S[C@@H]2[C@H](NC(=O)[C@H](N)c3ccccc3)C(=O)N2[C@H]1C(=O)OCOC(=O)[C@@H]1N2C(=O)C[C@H]2S(=O)(=O)C1(C)C,1.0
RPTUSVTUFVMDQK-UHFFFAOYSA-N,NNc1nncc2ccccc12,0.996
OSASVXMJTNOKOY-UHFFFAOYSA-N,CC(C)(O)C(Cl)(Cl)Cl,0.994
WVVSZNPYNCNODU-XTQGRXLLSA-N,C[C@@H](CO)NC(=O)[C@@H]1C=C2c3cccc4[nH]cc(c34)C[C@H]2N(C)C1,0.627
VWVSBHGCDBMOOT-IIEHVVJPSA-N,C[C@@H]1C[C@H]2[C@@H]3CCC4=CC(=O)C=C[C@]4(C)[C@@]3(F)[C@@H](O)C[C@]2(C)[C@H]1C(=O)CO,0.906
LQQIVYSCPWCSSD-HSZRJFAPSA-N,O=C1CC[C@@](c2ccccc2)(C2CCN(Cc3ccccc3)CC2)C(=O)N1,0.018
OJGDCBLYJGHCIH-UHFFFAOYSA-N,CN(Cc1cc(Br)cc(Br)c1N)C1CCCCC1,0.087
VAOCPAMSLUNLGC-UHFFFAOYSA-N,Cc1ncc([N+](=O)[O-])n1CCO,1.0
YFAGHNZHGGCZAX-JKIFEVAISA-N,Cc1onc(-c2c(Cl)cccc2Cl)c1C(=O)N[C@@H]1C(=O)N2[C@@H]1SC(C)(C)[C@@H]2C(=O)O,1.0
PMATZTZNYRCHOR-CGLBZJNRSA-N,C/C=C/C[C@@H](C)[C@@H](O)[C@H]1C(=O)N[C@@H](CC)C(=O)N(C)CC(=O)N(C)[C@@H](CC(C)C)C(=O)N[C@@H](C(C)C)C(=O)N(C)[C@@H](CC(C)C)C(=O)N[C@@H](C)C(=O)N[C@H](C)C(=O)N(C)[C@@H](CC(C)C)C(=O)N(C)[C@@H](CC(C)C)C(=O)N(C)[C@@H](C(C)C)C(=O)N1C,0.961
AGOYDEPGAOXOCK-KCBOHYOISA-N,CC[C@H]1OC(=O)[C@H](C)[C@@H](O[C@H]2C[C@@](C)(OC)[C@@H](O)[C@H](C)O2)[C@H](C)[C@@H](O[C@@H]2O[C@H](C)C[C@H](N(C)C)[C@H]2O)[C@](C)(OC)C[C@@H](C)C(=O)[C@H](C)[C@@H](O)[C@]1(C)O,0.985
LOVMMUBRQUFEAH-UIEAZXIASA-N,O=C(CCC/C=C\C[C@@H]1[C@@H](CC[C@@H](O)CCc2ccccc2)[C@H](O)C[C@@H]1O)OCCCCO[N+](=O)[O-],0.74
ZBVKEHDGYSLCCC-UHFFFAOYSA-N,CC1=C(C)C(=O)C(C(CCCCCC(=O)O)c2ccccc2)=C(C)C1=O,0.995
ODUOJXZPIYUATO-UHFFFAOYSA-N,CC(=O)SCC(Cc1ccccc1)C(=O)NCC(=O)OCc1ccccc1,0.147
VYWWNRMSAPEJLS-MDWYKHENSA-N,CCCC(=O)O[C@H]1[C@H](C)O[C@@H](O[C@H]2[C@H](N(C)C)[C@@H](O)[C@H](O[C@H]3[C@@H](CC=O)C[C@@H](C)[C@@H](O)/C=C/C=C/C[C@@H](C)OC(=O)C[C@@H](O)[C@@H]3OC)O[C@@H]2C)C[C@@]1(C)OC(=O)CC,0.714
HPMZBILYSWLILX-UMDUKNJSSA-N,CC(=O)O[C@H]1C[C@H](O[C@H]2[C@@H](O)C[C@H](O[C@H]3[C@@H](O)C[C@H](O[C@H]4CC[C@@]5(C)[C@H](CC[C@@H]6[C@@H]5CC[C@]5(C)[C@@H](C7=CC(=O)OC7)CC[C@]65O)C4)O[C@@H]3C)O[C@@H]2C)O[C@H](C)[C@H]1O,0.989
ABJKWBDEJIDSJZ-UHFFFAOYSA-N,CN(Cc1ccc(C(C)(C)C)cc1)Cc1cccc2ccccc12,0.894
WYQFJHHDOKWSHR-MNOVXSKESA-N,CC[C@@H]1CN(C(=O)NCC(F)(F)F)C[C@@H]1c1cnc2cnc3[nH]ccc3n12,0.029
GDFGTRDCCWFXTG-UHFFFAOYSA-N,CCCN1CC(NS(=O)(=O)N(CC)CC)CC2Cc3c(O)cccc3CC21,0.078
SMANXXCATUTDDT-QPJJXVBHSA-N,Fc1ccc(C(c2ccc(F)cc2)N2CCN(C/C=C/c3ccccc3)CC2)cc1,0.136
ACTOXUHEUCPTEW-CEUOBAOPSA-N,CO[C@@H]1[C@@H](O[C@@H]2O[C@H](C)[C@@H](O[C@H]3C[C@@](C)(O)[C@@H](O)[C@H](C)O3)[C@H](N(C)C)[C@H]2O)[C@@H](CC=O)C[C@@H](C)[C@@H](O[C@H]2CC[C@H](N(C)C)[C@@H](C)O2)/C=C/C=C/C[C@@H](C)OC(=O)C[C@H]1O,0.989
XXEPPPIWZFICOJ-UHFFFAOYSA-N,CCN(CC)C(C)C(=O)c1ccccc1,0.0
PXKHGMGELZGJQE-ILBGXUMGSA-N,CCCCCCCCCCCCCCCC(=O)OC[C@@H](NC(=O)C(Cl)Cl)[C@H](O)c1ccc([N+](=O)[O-])cc1,0.976
RVGLGHVJXCETIO-UHFFFAOYSA-N,N#Cc1cc(NC(=O)C(=O)O)c(Cl)c(NC(=O)C(=O)O)c1,1.0
XXYTXQGCRQLRHA-UHFFFAOYSA-N,Cc1ccc(S(=O)(=O)NC(=O)NC2CCCCC2)cc1N,0.999
FZECHKJQHUVANE-MCYUEQNJSA-N,C=N[C@@H](C(=O)N[C@@H]1C(=O)N2[C@@H]1SC(C)(C)[C@@H]2C(=O)O)c1ccccc1,1.0
YBGZDTIWKVFICR-UHFFFAOYSA-N,CCCCC(CC)COC(=O)C=Cc1ccc(OC)cc1,0.336
WEAJZXNPAWBCOA-INIZCTEOSA-N,COc1ccc(CNc2nc(N3CCC[C@H]3CO)ncc2C(=O)NCc2ncccn2)cc1Cl,0.976
ISWRGOKTTBVCFA-UHFFFAOYSA-N,Cc1ccc(=O)n(-c2ccccc2)c1,0.005
OEKWJQXRCDYSHL-FNOIDJSQSA-N,CCCSc1nc(N[C@@H]2C[C@H]2c2ccc(F)c(F)c2)c2nnn([C@@H]3C[C@H](OCCO)[C@@H](O)[C@H]3O)c2n1,0.109
JGCMEBMXRHSZKX-UHFFFAOYSA-N,CCCNS(=O)(=O)Nc1ncnc(OCCOc2ncc(Br)cn2)c1-c1ccc(Br)cc1,0.055
ZPQPDBIHYCBNIG-UHFFFAOYSA-N,CC(=O)c1cc2cccc(OCC(O)CNC(C)C)c2o1,0.99
XUFXOAAUWZOOIT-SXARVLRPSA-N,C[C@H]1O[C@H](O[C@H]2[C@H](O)[C@@H](O)[C@@H](O[C@H]3[C@H](O)[C@@H](O)[C@H](O)O[C@@H]3CO)O[C@@H]2CO)[C@H](O)[C@@H](O)[C@@H]1N[C@H]1C=C(CO)[C@@H](O)[C@H](O)[C@H]1O,1.0
GMRQFYUYWCNGIN-NKMMMXOESA-N,C=C1/C(=C\C=C2/CCC[C@]3(C)[C@@H]([C@H](C)CCCC(C)(C)O)CC[C@@H]23)C[C@@H](O)C[C@@H]1O,0.649
GBBJCSTXCAQSSJ-XQXXSGGOSA-N,Cc1cn([C@H]2O[C@@H](CO)[C@H](O)[C@H]2F)c(=O)[nH]c1=O,1.0
QKIQJNNDIWGVEH-UUILKARUSA-N,N=C(NO)N/N=C/c1c(Cl)cccc1Cl,1.0
WJCNZQLZVWNLKY-UHFFFAOYSA-N,c1ccc2[nH]c(-c3cscn3)nc2c1,0.005
PAXWQORCRCBOCU-RPDRGXCHSA-N,N[C@@H](Cc1cc(O)c(O)cc1[18F])C(=O)O,1.0
VVNCNSJFMMFHPL-VKHMYHEASA-N,CC(C)(S)[C@@H](N)C(=O)O,1.0
HUNGUWOZPQBXGX-UHFFFAOYSA-N,O=C(Cc1ccc(-c2ccc(OCCN3CCOCC3)cc2)cn1)NCc1ccccc1,0.054
HUCJFAOMUPXHDK-UHFFFAOYSA-N,Cc1cc(C(C)(C)C)cc(C)c1CC1=NCCN1,0.562
OFPXSFXSNFPTHF-UHFFFAOYSA-N,O=C(O)CCc1nc(-c2ccccc2)c(-c2ccccc2)o1,0.046
LAHDERDHXJFFJU-RVPOWFKMSA-N,CC[C@@H]1[C@@H](O)N2[C@H]3C[C@@]45c6ccccc6N(C)[C@H]4[C@@H]2C[C@H]1C3[C@H]5OC(=O)CCl,0.155
JBMKAUGHUNFTOL-UHFFFAOYSA-N,NS(=O)(=O)c1cc2c(cc1Cl)N=CNS2(=O)=O,1.0
OLBWFRRUHYQABZ-MRVPVSSYSA-N,NC(=O)OC[C@@H](O)c1ccccc1Cl,0.605
HTQBXNHDCUEHJF-XWLPCZSASA-N,CC[C@H](C)[C@H](NC(=O)[C@H](Cc1ccccc1)NC(=O)[C@H](CC(C)C)NC(=O)[C@H](CCCNC(=N)N)NC(=O)[C@@H](NC(=O)[C@H](C)NC(=O)[C@H](CCC(=O)O)NC(=O)[C@H](CCC(=O)O)NC(=O)[C@H](CCC(=O)O)NC(=O)[C@H](CCSC)NC(=O)[C@H](CCC(N)=O)NC(=O)[C@H](CCCCN)NC(=O)[C@H](CO)NC(=O)[C@H](CC(C)C)NC(=O)[C@H](CC(=O)O)NC(=O)[C@H](CO)NC(=O)[C@@H](NC(=O)[C@H](Cc1ccccc1)NC(=O)[C@@H](NC(=O)CNC(=O)[C@H](CCC(=O)O)NC(=O)CNC(=O)[C@@H](N)Cc1cnc[nH]1)[C@@H](C)O)[C@@H](C)O)C(C)C)C(=O)N[C@@H](CCC(=O)O)C(=O)N[C@@H](Cc1c[nH]c2ccccc12)C(=O)N[C@@H](CC(C)C)C(=O)N[C@@H](CCCCN)C(=O)N[C@@H](CC(N)=O)C(=O)NCC(=O)NCC(=O)N1CCC[C@H]1C(=O)N[C@@H](CO)C(=O)N[C@@H](CO)C(=O)NCC(=O)N[C@@H](C)C(=O)N1CCC[C@H]1C(=O)N1CCC[C@H]1C(=O)N1CCC[C@H]1C(=O)N[C@@H](CO)C(N)=O,1.0
DQMZLTXERSFNPB-UHFFFAOYSA-N,CCC1(c2ccccc2)C(=O)NCNC1=O,1.0
NCYVXEGFNDZQCU-UHFFFAOYSA-N,CCN(CC)C(=O)c1cccnc1,0.045
DFEYYRMXOJXZRJ-UHFFFAOYSA-N,FCOC(C(F)(F)F)C(F)(F)F,0.97
GYNNRVJJLAVVTQ-UHFFFAOYSA-N,CCOC(=O)COc1ccc2c(C)c(CCN(CC)CC)c(=O)oc2c1Cl,0.018
WRGOVNKNTPWHLZ-UHFFFAOYSA-N,O=c1oc2ccccc2c(O)c1C(CC(O)c1ccc(Cl)cc1)c1ccc(Cl)s1,0.761
VNFPBHJOKIVQEB-UHFFFAOYSA-N,Clc1ccccc1C(c1ccccc1)(c1ccccc1)n1ccnc1,0.634
SQUNAWUMZGQQJD-UHFFFAOYSA-N,CCc1ccc(C(=O)C(C)CN2CCCCC2)cc1,0.008
RDEOYUSTRWNWLX-UHFFFAOYSA-N,CC(CCN1CCOCC1)OC(=O)C1(c2ccccc2)CCOCC1,0.123
ZEMIJUDPLILVNQ-ZXFNITATSA-N,CC(C)(C)C(=O)OCOC(=O)[C@@H]1N2C(=O)[C@@H](NC(=O)[C@H](N)c3ccccc3)[C@H]2SC1(C)C,0.943
IQFYYKKMVGJFEH-CSMHCCOUSA-N,Cc1cn([C@@H]2C[C@@H](O)[C@H](CO)O2)c(=O)[nH]c1=O,1.0
JKWKMORAXJQQSR-MOPIKTETSA-N,CCCCCCCCCC(=O)O[C@H]1CC[C@H]2[C@@H]3CCC4=CC(=O)CC[C@@H]4[C@H]3CC[C@]12C,0.66
PQLXHQMOHUQAKB-UHFFFAOYSA-N,CCCCCCCCCCCCCCCCOP(=O)([O-])OCC[N+](C)(C)C,0.996
WWGZXRYELYWJBD-UHFFFAOYSA-N,CCCCN(CCN(CC)CC)C(=O)c1cccc2ccccc12,0.006
IDUYJRXRDSPPRC-NRFANRHFSA-N,O[C@@](Cn1cnnn1)(c1ccc(F)cc1F)C(F)(F)c1ccc(-c2ccc(OCC(F)(F)F)cc2)cn1,0.122
BROGCIMRGWLMOO-SJPGHYFNSA-N,CC[C@H](C)[C@H](N)C(=O)N[C@@H](CC(=O)O)C(=O)N[C@@H](CCC(N)=O)C(=O)N[C@@H](CCC(N)=O)C(=O)N[C@H](C(=O)N[C@@H](CC(C)C)C(=O)N[C@@H](CO)C(=O)N[C@@H](CCCNC(=N)N)C(=O)N[C@H](C(=O)N[C@@H](CCCCN)C(=O)N[C@@H](CC(C)C)C(=O)N[C@@H](CCC(=O)O)C(=O)N[C@H](C(=O)N[C@@H](CCCCN)C(=O)N[C@@H](CCCNC(=N)N)C(=O)N[C@@H](CS)C(=O)N[C@@H](CC(C)C)C(=O)O)[C@@H](C)CC)[C@@H](C)CC)C(C)C,1.0
OWMZNFCDEHGFEP-NFBCVYDUSA-N,CC(C)C[C@H](NC(=O)CNC(=O)[C@H](CCC(N)=O)NC(=O)[C@H](CC(C)C)NC(=O)[C@H](CC(C)C)NC(=O)[C@H](CCCNC(=N)N)NC(=O)[C@H](CCC(N)=O)NC(=O)[C@H](CC(C)C)NC(=O)[C@H](CCCNC(=N)N)NC(=O)[C@H](C)NC(=O)CNC(=O)[C@H](CCC(=O)O)NC(=O)[C@H](CCCNC(=N)N)NC(=O)[C@H](CC(C)C)NC(=O)[C@H](CCCNC(=N)N)NC(=O)[C@H](CO)NC(=O)[C@H](CC(C)C)NC(=O)[C@H](CCC(=O)O)NC(=O)[C@H](CO)NC(=O)[C@@H](NC(=O)[C@H](Cc1ccccc1)NC(=O)[C@@H](NC(=O)CNC(=O)[C@H](CC(=O)O)NC(=O)[C@H](CO)NC(=O)[C@@H](N)Cc1cnc[nH]1)[C@@H](C)O)[C@@H](C)O)C(=O)N[C@H](C(N)=O)C(C)C,1.0
VXFJYXUZANRPDJ-WTNASJBWSA-N,CCOC(=O)[C@H](CCc1ccccc1)N[C@@H](C)C(=O)N1[C@H](C(=O)O)C[C@H]2CCCC[C@@H]21,0.949
AQIXAKUUQRKLND-UHFFFAOYSA-N,CN/C(=N\CCSCc1nc[nH]c1C)NC#N,1.0
AQNDDEOPVVGCPG-UHFFFAOYSA-N,COC(=O)CCc1ccc(OCC(O)CNC(C)C)cc1,0.884
PYAOPMWCFSVFOT-UHFFFAOYSA-N,Sc1ncnc2[nH]ncc12,1.0
FZCHYNWYXKICIO-FZNHGJLXSA-N,CCCCC(=O)O[C@]1(C(=O)CO)CC[C@H]2[C@@H]3CCC4=CC(=O)CC[C@]4(C)[C@H]3[C@@H](O)C[C@@]21C,0.925
ZQTNQVWKHCQYLQ-UHFFFAOYSA-N,CCCCc1oc2ccc(NS(C)(=O)=O)cc2c1C(=O)c1ccc(OCCCN(CCCC)CCCC)cc1,0.481
SYLKGLMBLAAGSC-QLVMHMETSA-N,NC(=O)c1cc[n+](CC2=C(C(=O)[O-])N3C(=O)[C@@H](NC(=O)[C@@H](c4ccccc4)S(=O)(=O)O)[C@H]3SC2)cc1,1.0
FYDWDCIFZSGNBU-UHFFFAOYSA-N,CN(CCN1CCC(OC(=O)Nc2ccccc2-c2ccccc2)CC1)C(=O)c1ccc(CN2CCC(C(N)=O)CC2)cc1,0.698
AGMMTXLNIQSRCG-UHFFFAOYSA-N,CCC1NC(=O)c2cc(S(N)(=O)=O)c(Cl)cc2N1,1.0
VWFCHDSQECPREK-LURJTMIESA-N,Nc1ccn(C[C@@H](CO)OCP(=O)(O)O)c(=O)n1,1.0
BYPFEZZEUUWMEJ-UHFFFAOYSA-N,CC(=O)CCCCn1c(=O)c2c(ncn2C)n(C)c1=O,0.81
UIAGMCDKSXEBJQ-UHFFFAOYSA-N,COCCOC(=O)C1=C(C)NC(C)=C(C(=O)OC(C)C)C1c1cccc([N+](=O)[O-])c1,0.027
KNHUKKLJHYUCFP-UHFFFAOYSA-N,CCOC(=O)C(C)(C)Oc1ccc(Cl)cc1,0.816
UAUHEPXILIZYCU-GSPNQRMKSA-N,CCC[N+]12[C@H](O)[C@@H](CC)[C@@H]3C[C@H]1[C@@H]1N(C)c4ccccc4[C@]14C[C@H]2[C@@H]3[C@H]4O,0.961
JBDGDEWWOUBZPM-XYPYZODXSA-N,Nc1c(Br)cc(Br)cc1CN[C@H]1CC[C@H](O)CC1,0.892
ASWVTGNCAZCNNR-UHFFFAOYSA-N,Cc1cc(C)nc(NS(=O)(=O)c2ccc(N)cc2)n1,0.961
RJIWZDNTCBHXAL-UHFFFAOYSA-N,O=[N+]([O-])c1ccc(O)c2ncccc12,0.048
MBBCVAKAJPKAKM-UHFFFAOYSA-N,O=C(NC1CCN(CCCCC2(C(=O)NCC(F)(F)F)c3ccccc3-c3ccccc32)CC1)c1ccccc1-c1ccc(C(F)(F)F)cc1,0.353
MXFWWQICDIZSOA-UHFFFAOYSA-N,CC(C)(C)NCC(O)COc1ccc(NC(=O)NC2CCCCC2)cc1,0.975
RZTAMFZIAATZDJ-UHFFFAOYSA-N,CCOC(=O)C1=C(C)NC(C)=C(C(=O)OC)C1c1cccc(Cl)c1Cl,0.078
LWQQLNNNIPYSNX-UROSTWAQSA-N,C=C1/C(=C\C=C2/CCC[C@]3(C)[C@@H]([C@H](C)/C=C/[C@@H](O)C4CC4)CC[C@@H]23)C[C@@H](O)C[C@@H]1O,0.047
RDLPVSKMFDYCOR-UEKVPHQBSA-N,CC1=C(C(=O)O)N2C(=O)[C@@H](NC(=O)[C@H](N)C3=CCC=CC3)[C@H]2SC1,1.0
KVCJCEKJKGLBOK-UHFFFAOYSA-N,COc1cc(C(=O)c2ccc(Cl)cc2)cc(OC)c1OCCN1CCOCC1,0.044
YNZXWQJZEDLQEG-UHFFFAOYSA-N,COc1cc2c(N)nc(N3CCN(C(=O)OCC(C)(C)O)CC3)nc2c(OC)c1OC,0.999
SXYZQZLHAIHKKY-GSTUPEFVSA-N,C[C@@H]1C[C@H]2[C@@H]3C[C@H](F)C4=CC(=O)C=C[C@]4(C)[C@@]3(Cl)[C@@H](O)C[C@]2(C)[C@H]1C(=O)COC(=O)C(C)(C)C,0.036
FKNXQNWAXFXVNW-UHFFFAOYSA-N,CCC(NC(C)C)C(O)c1ccc(O)c2[nH]c(=O)ccc12,1.0
QGZKDVFQNNGYKY-BJUDXGSMSA-N,[13NH3],1.0
SLAYUXIURFNXPG-CRAIPNDOSA-N,NCc1ccccc1CC(=O)N[C@@H]1C(=O)N2C(C(=O)O)=C(CSc3nnnn3CC(=O)O)CS[C@H]12,1.0
MYXACKZCYFKMTE-JETRDCLMSA-N,CCC[C@@]1(CCc2ccccc2)CC(=O)C([C@H](CC)c2cccc(NS(=O)(=O)c3ccc(C(F)(F)F)cn3)c2)C(=O)O1,0.454
MPHPHYZQRGLTBO-UHFFFAOYSA-N,CCCC1C(=O)N2C(N(C)C)=Nc3ccc(C)cc3N2C1=O,0.02
BDSYKGHYMJNPAB-LICBFIPMSA-N,CCC(=O)O[C@]1(C(=O)CCl)[C@@H](C)C[C@H]2[C@@H]3C[C@H](F)C4=CC(=O)C=C[C@]4(C)[C@@]3(F)[C@@H](O)C[C@@]21C,0.935
PTKSEFOSCHHMPD-UHFFFAOYSA-N,COc1ccc(OC)c(C(O)CNC(=O)CN)c1,1.0
KSGXQBZTULBEEQ-UHFFFAOYSA-N,CCCCCCOC(=O)NC(=N)c1ccc(NCc2nc3cc(C(=O)N(CCC(=O)OCC)c4ccccn4)ccc3n2C)cc1,0.409
XHOLNRLADUSQLD-UHFFFAOYSA-N,COc1ccc(NC(=O)c2ccc(C(=N)N(C)C)cc2)c(C(=O)Nc2ccc(Cl)cn2)c1,0.971
JUKPWJGBANNWMW-VWBFHTRKSA-N,COC(=O)[C@@H]1CC2=CC(=O)CC[C@]2(C)[C@@]23O[C@@H]2C[C@@]2(C)[C@@H](CC[C@@]24CCC(=O)O4)[C@H]13,0.03
CBGUOGMQLZIXBE-XGQKBEPLSA-N,CCC(=O)O[C@]1(C(=O)CCl)[C@@H](C)C[C@H]2[C@@H]3CCC4=CC(=O)C=C[C@]4(C)[C@@]3(F)[C@@H](O)C[C@@]21C,0.955
ZLHZLMOSPGACSZ-NSHDSACASA-N,O=[N+]([O-])c1cn2c(n1)OC[C@@H](OCc1ccc(OC(F)(F)F)cc1)C2,0.403
NZUPCNDJBJXXRF-UHFFFAOYSA-O,CC(C[N+](C)(C)C)OC(N)=O,1.0
GJPICJJJRGTNOD-UHFFFAOYSA-N,COc1ccccc1Oc1c(NS(=O)(=O)c2ccc(C(C)(C)C)cc2)nc(-c2ncccn2)nc1OCCO,0.951
YASAKCUCGLMORW-UHFFFAOYSA-N,CN(CCOc1ccc(CC2SC(=O)NC2=O)cc1)c1ccccn1,0.955
MFZCIDXOLLEMOO-GYSGTQPESA-N,O=C(O[C@H]1[C@H](OC(=O)c2cccnc2)[C@@H](OC(=O)c2cccnc2)[C@H](OC(=O)c2cccnc2)[C@@H](OC(=O)c2cccnc2)[C@H]1OC(=O)c1cccnc1)c1cccnc1,1.0
LDVRMNJZLWXJPL-JKQNMTHDSA-N,CC[C@H](C)[C@H](NC(=O)[C@H](C)NC(=O)[C@@H](NC(=O)[C@H](CCC(N)=O)NC(=O)[C@@H]1CCCN1C(=O)[C@H](Cc1ccccc1)NC(=O)[C@@H](NC(=O)[C@H](Cc1c[nH]cn1)NC(=O)[C@H](Cc1ccccc1)NC(=O)[C@H](CCCCN)NC(=O)[C@H](CC(N)=O)NC(=O)[C@H](Cc1ccccc1)NC(=O)[C@H](CC(=O)O)NC(=O)[C@H](CCC(N)=O)NC(=O)[C@@H](NC(=O)[C@H](Cc1ccc(O)cc1)NC(=O)[C@@H](NC(=O)CNC(=O)[C@H](CC(C)C)NC(=O)[C@H](CCSC)NC(=O)[C@@H]1CSSC[C@H](N)C(=O)NCC(=O)N[C@@H](CC(N)=O)C(=O)N[C@@H](CC(C)C)C(=O)N[C@@H](CO)C(=O)N[C@@H]([C@@H](C)O)C(=O)N1)[C@@H](C)O)[C@@H](C)O)[C@@H](C)O)[C@@H](C)O)C(=O)NCC(=O)N[C@H](C(=O)NCC(=O)N[C@@H](C)C(=O)N1CCC[C@H]1C(N)=O)C(C)C,1.0
SRZNHPXWXCNNDU-RHBCBLIFSA-N,CO[C@@]1(NC(=O)C2SC(=C(C(N)=O)C(=O)O)S2)C(=O)N2C(C(=O)O)=C(CSc3nnnn3C)CS[C@@H]21,1.0
FBRAWBYQGRLCEK-RJFLZJKCSA-N,CCCC(=O)O[C@]1(C(=O)CCl)[C@H](C)C[C@@H]2[C@@H]3CCC4=CC(=O)C=C[C@]4(C)[C@]3(F)C(=O)C[C@@]21C,0.281
DRBBFCLWYRJSJZ-UHFFFAOYSA-N,CN(CC(=O)O)C(=N)NP(=O)(O)O,1.0
LRJOMUJRLNCICJ-JZYPGELDSA-N,CC(=O)OCC(=O)[C@@]1(O)CC[C@H]2[C@@H]3CCC4=CC(=O)C=C[C@]4(C)[C@H]3[C@@H](O)C[C@@]21C,1.0
PEASPLKKXBYDKL-FXEVSJAOSA-N,CC[C@H](C)[C@H](NC(=O)[C@H](CC(C)C)NC(=O)[C@H](CO)NC(=O)[C@H](Cc1cnc[nH]1)NC(=O)[C@@H](NC(=O)[C@H](CC(C)C)NC(=O)[C@H](CO)NC(=O)[C@@H](NC(=O)[C@H](Cc1ccc(O)cc1)NC(C)=O)[C@@H](C)O)[C@@H](C)CC)C(=O)N[C@@H](CCC(=O)O)C(=O)N[C@@H](CCC(=O)O)C(=O)N[C@@H](CO)C(=O)N[C@@H](CCC(N)=O)C(=O)N[C@@H](CC(N)=O)C(=O)N[C@@H](CCC(N)=O)C(=O)N[C@@H](CCC(N)=O)C(=O)N[C@@H](CCC(=O)O)C(=O)N[C@@H](CCCCN)C(=O)N[C@@H](CC(N)=O)C(=O)N[C@@H](CCC(=O)O)C(=O)N[C@@H](CCC(N)=O)C(=O)N[C@@H](CCC(=O)O)C(=O)N[C@@H](CC(C)C)C(=O)N[C@@H](CC(C)C)C(=O)N[C@@H](CCC(=O)O)C(=O)N[C@@H](CC(C)C)C(=O)N[C@@H](CC(=O)O)C(=O)N[C@@H](CCCCN)C(=O)N[C@@H](Cc1c[nH]c2ccccc12)C(=O)N[C@@H](C)C(=O)N[C@@H](CO)C(=O)N[C@@H](CC(C)C)C(=O)N[C@@H](Cc1c[nH]c2ccccc12)C(=O)N[C@@H](CC(N)=O)C(=O)N[C@@H](Cc1c[nH]c2ccccc12)C(=O)N[C@@H](Cc1ccccc1)C(N)=O,1.0
VRYMTAVOXVTQEF-UHFFFAOYSA-N,CC(=O)Oc1cc(C(C)C)c(OCCN(C)C)cc1C,0.001
CMWTZPSULFXXJA-VIFPVBQESA-N,COc1ccc2cc([C@H](C)C(=O)O)ccc2c1,1.0
WQZGKKKJIJFFOK-PHYPRBDBSA-N,OC[C@H]1O[C@H](O)[C@H](O)[C@@H](O)[C@H]1O,1.0
DTOUUUZOYKYHEP-UHFFFAOYSA-N,CCCCC(CC)CN1CN(CC(CC)CCCC)CC(C)(N)C1,0.309
NPUKDXXFDDZOKR-LLVKDONJSA-N,CCOC(=O)c1cncn1[C@H](C)c1ccccc1,0.015
BNRNXUUZRGQAQC-UHFFFAOYSA-N,CCCc1nn(C)c2c(=O)[nH]c(-c3cc(S(=O)(=O)N4CCN(C)CC4)ccc3OCC)nc12,0.968
SGEIEGAXKLMUIZ-XUVDNFPMSA-N,[O-][n+]1cccc(/C(Cl)=N/OC[C@H](O)CN2CCCCC2)c1,1.0
CILIXQOJUNDIDU-ASQIGDHWSA-N,CC[C@H](C)[C@H](NC(=O)[C@H](Cc1ccccc1)NC(=O)[C@H](CC(=O)O)NC(=O)[C@H](CCCNC(=N)N)NC(=O)[C@H](C)NC(=O)[C@H](C)NC(=O)[C@H](CC(C)C)NC(=O)[C@H](CC(N)=O)NC(=O)[C@H](CC(=O)O)NC(=O)[C@H](CC(C)C)NC(=O)[C@@H](NC(=O)[C@@H](NC(=O)[C@H](CC(N)=O)NC(=O)[C@H](CCSC)NC(=O)[C@H](CCC(=O)O)NC(=O)[C@H](CC(=O)O)NC(=O)[C@H](CO)NC(=O)[C@H](Cc1ccccc1)NC(=O)[C@H](CO)NC(=O)CNC(=O)[C@H](CC(=O)O)NC(=O)CNC(=O)[C@@H](N)Cc1c[nH]cn1)[C@@H](C)O)[C@@H](C)CC)C(=O)N[C@@H](CC(N)=O)C(=O)N[C@@H](Cc1c[nH]c2ccccc12)C(=O)N[C@@H](CC(C)C)C(=O)N[C@H](C(=O)N[C@@H](CCC(N)=O)C(=O)N[C@H](C(=O)N[C@@H](CCCCN)C(=O)N[C@H](C(=O)N[C@H](C(=O)N[C@@H](CC(=O)O)C(=O)O)[C@@H](C)O)[C@@H](C)CC)[C@@H](C)O)[C@@H](C)CC,1.0
CXQGFLBVUNUQIA-UHFFFAOYSA-N,CN(C)C(=O)CCCOC(=O)C(C)(C)Oc1ccc(Cl)cc1,0.09
WTWWXOGTJWMJHI-UHFFFAOYSA-N,FC(F)(F)C(F)(F)C(F)(F)C(F)(F)C(F)(F)C(F)(F)C(F)(F)C(F)(F)Br,0.016
XEFQLINVKFYRCS-UHFFFAOYSA-N,Oc1cc(Cl)ccc1Oc1ccc(Cl)cc1Cl,0.888
BFCRRLMMHNLSCP-UHFFFAOYSA-N,COc1cc(Cc2cnc(N)nc2N)cc(OC)c1Br,0.99
XEYBRNLFEZDVAW-ARSRFYASSA-N,CCCCC[C@H](O)/C=C/[C@H]1[C@H](O)CC(=O)[C@@H]1C/C=C\CCCC(=O)O,1.0
ITRJWOMZKQRYTA-RFZYENFJSA-N,CC(=O)OCC(=O)[C@@]1(O)CC[C@H]2[C@@H]3CCC4=CC(=O)CC[C@]4(C)[C@H]3C(=O)C[C@@]21C,0.999
TVQZAMVBTVNYLA-UHFFFAOYSA-N,CC(C(=O)O)c1ccc2c(c1)Cc1cccnc1O2,1.0
XDZKBRJLTGRPSS-BGZQYGJUSA-N,CO/N=C(\C(=O)N[C@@H]1C(=O)N2C(C(=O)O)=C(CSc3nc(C)c(CC(=O)O)s3)CS[C@H]12)c1csc(N)n1,1.0
XBPZXDSZHPDXQU-UHFFFAOYSA-N,CCn1cc(C(=O)O)c(=O)c2ccc(-c3ccncc3)cc21,1.0
GCFBRXLSHGKWDP-XCGNWRKASA-N,CCN1CCN(C(=O)N[C@@H](C(=O)N[C@@H]2C(=O)N3C(C(=O)O)=C(CSc4nnnn4C)CS[C@H]23)c2ccc(O)cc2)C(=O)C1=O,1.0
AXRYRYVKAWYZBR-GASGPIRDSA-N,COC(=O)N[C@H](C(=O)N[C@@H](Cc1ccccc1)[C@@H](O)CN(Cc1ccc(-c2ccccn2)cc1)NC(=O)[C@@H](NC(=O)OC)C(C)(C)C)C(C)(C)C,0.845
VTLCNEGVSVJLDN-MLGOLLRUSA-N,Cc1nnc(SCC2=C(C(=O)O)N3C(=O)[C@@H](NC(=O)Cn4cc(Cl)c(=O)c(Cl)c4)[C@H]3SC2)s1,1.0
DOIRQSBPFJWKBE-UHFFFAOYSA-N,CCCCOC(=O)c1ccccc1C(=O)OCCCC,0.336
NXWGWUVGUSFQJC-UHFFFAOYSA-N,Cc1cc2c(OCC(O)CNC(C)C)cccc2[nH]1,0.991
OIRCOABEOLEUMC-GEJPAHFPSA-N,CC[C@H](C)[C@H](NC(=O)[C@H](CCC(=O)O)NC(=O)[C@H](CCC(=O)O)NC(=O)[C@H](Cc1ccccc1)NC(=O)[C@H](CC(=O)O)NC(=O)CNC(=O)[C@H](CC(N)=O)NC(=O)CNC(=O)CNC(=O)CNC(=O)CNC(=O)[C@@H]1CCCN1C(=O)[C@H](CCCNC(=N)N)NC(=O)[C@@H]1CCCN1C(=O)[C@H](N)Cc1ccccc1)C(=O)N1CCC[C@H]1C(=O)N[C@@H](CCC(=O)O)C(=O)N[C@@H](CCC(=O)O)C(=O)N[C@@H](Cc1ccc(O)cc1)C(=O)N[C@@H](CC(C)C)C(=O)O,1.0
QNJKSUYWBCNWFI-KCDYASHQSA-N,C=C1c2cccc(O)c2C(=O)C2C(=O)[C@]3(O)C(=O)C(C(N)=O)C(=O)[C@@H](N(C)C)[C@@H]3[C@@H](O)[C@H]12,1.0
VXMOONUMYLCFJD-DHLKQENFSA-N,COC(=O)C1=C(C)NC(C)=C(C(=O)O[C@H]2CCN(Cc3ccccc3)C2)[C@H]1c1cccc([N+](=O)[O-])c1,0.032
ZNRGQMMCGHDTEI-ITGUQSILSA-N,CN1[C@@H]2CC[C@H]1C[C@@H](OC(=O)c1c[nH]c3ccccc13)C2,0.87
QXHHHPZILQDDPS-UHFFFAOYSA-N,Clc1ccc(C(Cn2ccnc2)OCc2ccsc2Cl)c(Cl)c1,0.853
FHFYDNQZQSQIAI-UHFFFAOYSA-N,CCn1cc(C(=O)O)c(=O)c2cc(F)c(N3CCN(C)CC3)cc21,1.0
JIEKMACRVQTPRC-UHFFFAOYSA-N,O=C(O)Cc1sc(-c2ccccc2)nc1-c1ccc(Cl)cc1,0.696
QWCJHSGMANYXCW-UHFFFAOYSA-N,Nc1ccc(S(=O)(=O)Nc2ccnn2-c2ccccc2)cc1,0.184
ZOEFCCMDUURGSE-SQKVDDBVSA-N,CSCC[C@H](NC(=O)[C@H](CO)NC(=O)[C@H](Cc1ccc(O)cc1)NC(=O)[C@@H](N)CO)C(=O)N[C@@H](CCC(=O)O)C(=O)N[C@@H](Cc1c[nH]cn1)C(=O)N[C@@H](Cc1ccccc1)C(=O)N[C@@H](CCCNC(=N)N)C(=O)N[C@@H](Cc1c[nH]c2ccccc12)C(=O)NCC(=O)N[C@@H](CCCCN)C(=O)N1CCC[C@H]1C(=O)N[C@H](C(=O)NCC(=O)N[C@@H](CCCCN)C(=O)N[C@@H](CCCCN)C(=O)N[C@@H](CCCNC(=N)N)C(=O)N[C@@H](CCCNC(=N)N)C(=O)N1CCC[C@H]1C(=O)N[C@H](C(=O)N[C@@H](CCCCN)C(=O)N[C@H](C(=O)N[C@@H](Cc1ccc(O)cc1)C(=O)N1CCC[C@H]1C(=O)O)C(C)C)C(C)C)C(C)C,1.0
LXNHXLLTXMVWPM-UHFFFAOYSA-N,Cc1ncc(CO)c(CO)c1O,1.0
QKLSCPPJEVXONT-UHFFFAOYSA-N,COc1cc(NS(=O)(=O)c2ccc(N)cc2)nc(C)n1,0.999
RNLQIBCLLYYYFJ-UHFFFAOYSA-N,Nc1cc(-c2ccncc2)c[nH]c1=O,1.0
BTBHLEZXCOBLCY-QGZVFWFLSA-N,CCOc1ncc(C)c2c1[C@H](c1ccc(C#N)cc1OC)C(C(N)=O)=C(C)N2,0.952
OBWASQILIWPZMG-QZMOQZSNSA-N,OC[C@H]1O[C@@H](c2ccc(Cl)c(Cc3ccc(O[C@H]4CCOC4)cc3)c2)[C@H](O)[C@@H](O)[C@@H]1O,0.208
VDBJCDWTNCKRTF-UHFFFAOYSA-N,O=C1C=CC2C(=C1)Oc1cc(O)ccc1C21OC(=O)c2ccccc21,0.931
DGAIEPBNLOQYER-UHFFFAOYSA-N,COCC(=O)Nc1c(I)c(C(=O)NCC(O)CO)c(I)c(C(=O)N(C)CC(O)CO)c1I,1.0
AKFJWRDCWYYTIG-ZDUSSCGKSA-N,COc1ccc2cc([C@H](C)C(=O)OCCCCO[N+](=O)[O-])ccc2c1,0.092
WTFXJFJYEJZMFO-UHFFFAOYSA-N,N=C(N)c1ccc(OCCCOc2ccc(C(=N)N)cc2)cc1,1.0
DOBMPNYZJYQDGZ-UHFFFAOYSA-N,O=c1oc2ccccc2c(O)c1Cc1c(O)c2ccccc2oc1=O,0.462
QPFYXYFORQJZEC-FOCLMDBBSA-N,Nc1ccc(/N=N/c2ccccc2)c(N)n1,0.024
KDLLNMRYZGUVMA-ZYMZXAKXSA-N,C[C@]12CC[C@@H]3c4ccc(O)cc4CC[C@H]3[C@@H]1C[C@@H]([18F])[C@@H]2O,0.573
YRFXGQHBPBMFHW-SBTZIJSASA-N,CC(=O)O[C@]1(C(C)=O)CC[C@H]2[C@@H]3C[C@H](C)C4=CC(=O)C=C[C@]4(C)[C@@]3(F)[C@@H](O)C[C@@]21C,0.999
JLYXXMFPNIAWKQ-GNIYUCBRSA-N,Cl[C@H]1[C@H](Cl)[C@@H](Cl)[C@@H](Cl)[C@H](Cl)[C@H]1Cl,0.039
NSKGQURZWSPSBC-VVPCINPTSA-N,NC[C@H]1O[C@H](O[C@H]2[C@H](O[C@@H]3O[C@H](CO)[C@@H](O)[C@H]3O)[C@@H](O)[C@H](N)C[C@@H]2N)[C@H](N)[C@@H](O)[C@@H]1O,1.0
KXGVEGMKQFWNSR-LLQZFEROSA-N,C[C@H](CCC(=O)O)[C@H]1CC[C@H]2[C@@H]3CC[C@@H]4C[C@H](O)CC[C@]4(C)[C@H]3C[C@H](O)[C@]12C,0.274
HXLAFSUPPDYFEO-UHFFFAOYSA-N,COc1ccc(CCNCC(O)COc2cccc(C)c2)cc1OC,0.432
FWJKNZONDWOGMI-UHFFFAOYSA-N,CCC1(CC)C(=O)NC(=O)N(C)C1=O,0.487
JBKPUQTUERUYQE-UHFFFAOYSA-O,C[n+]1ccccc1C=NO,1.0
IAZDPXIOMUYVGZ-UHFFFAOYSA-N,C[S+](C)[O-],0.993
ZCGOMHNNNFPNMX-KYTRFIICSA-N,C[C@@H]1CN([C@H]2CC[C@](C#N)(c3ccc(F)cc3)CC2)CC[C@]1(C(=O)O)c1ccccc1,0.976
KXGCNMMJRFDFNR-WDRJZQOASA-N,C[C@@H]1NC(=O)[C@@H]2CCCN2C(=O)[C@H](CC(N)=O)NC(=O)[C@@H]2CSSC[C@H](N)C(=O)N[C@H]3CSSC[C@H](NC1=O)C(=O)N[C@@H]([C@@H](C)O)C(=O)NCC(=O)N[C@H](C(=O)N[C@@H](Cc1ccc(O)cc1)C(=O)O)CSSC[C@H](NC(=O)[C@H](Cc1ccc(O)cc1)NC(=O)[C@H](CCC(=O)O)NC3=O)C(=O)N2,1.0
IRYJRGCIQBGHIV-UHFFFAOYSA-N,CN1C(=O)OC(C)(C)C1=O,0.047
SGUAFYQXFOLMHL-UHFFFAOYSA-N,CC(CCc1ccccc1)NCC(O)c1ccc(O)c(C(N)=O)c1,0.999
KYGZCKSPAKDVKC-UHFFFAOYSA-N,CCn1cc(C(=O)O)c(=O)c2cc3c(cc21)OCO3,1.0
XQFRJNBWHJMXHO-RRKCRQDMSA-N,O=c1[nH]c(=O)n([C@H]2C[C@H](O)[C@@H](CO)O2)cc1I,1.0
TZRHLKRLEZJVIJ-UHFFFAOYSA-N,CCC(=O)NS(=O)(=O)c1ccc(-c2c(-c3ccccc3)noc2C)cc1,0.015
PCSWXVJAIHCTMO-UHFFFAOYSA-P,Cc1cc(N)c2ccccc2[n+]1CCCCCCCCCC[n+]1c(C)cc(N)c2ccccc21,0.999
LWAFSWPYPHEXKX-UHFFFAOYSA-N,CC(C)(C)NCC(O)COc1cccc2c1CCC(=O)N2,1.0
PJBQWWHYTVYMLO-LZUUPNLKSA-N,O=C1O[C@H]([C@@H](O)CO)C(=O)C1O,1.0
QKDRXGFQVGOQKS-CRSSMBPESA-N,CCOc1ccc(Cc2cc([C@@H]3O[C@H](SC)[C@@H](O)[C@H](O)[C@H]3O)ccc2Cl)cc1,0.03
WXNXCEHXYPACJF-UHFFFAOYSA-N,CC(=O)NC(CC(C)C)C(=O)O,1.0
POGQSBRIGCQNEG-UHFFFAOYSA-N,NC(=O)c1cn(Cc2c(F)cccc2F)nn1,0.908
YEHCICAEULNIGD-MZMPZRCHSA-N,CCCN1C[C@H](CSC)C[C@@H]2c3cccc4[nH]cc(c34)C[C@H]21,0.098
ZMEULISFKSVRLQ-AZXRADLDSA-N,C[C@]12CCC(=O)C(=O)C1CC[C@@H]1[C@@H]2CC[C@]2(C)C(=O)CC[C@@H]12,0.025
PWHROYKAGRUWDQ-UHFFFAOYSA-N,O=C(Cc1ccc(-c2ccccc2)cc1)Nc1ccccn1,0.145
BMCQMVFGOVHVNG-TUFAYURCSA-N,CCCC(=O)O[C@]1(C(=O)CO)CC[C@H]2[C@@H]3CCC4=CC(=O)CC[C@]4(C)[C@H]3[C@@H](O)C[C@@]21C,0.986
LPAUOXUZGSBGDU-STDDISTJSA-N,CCC/N=C1\S/C(=C\c2ccc(OC[C@H](O)CO)c(Cl)c2)C(=O)N1c1ccccc1C,0.87
YZBLFMPOMVTDJY-LSGXYNIPSA-N,CO/N=C1\C[C@]2(C[C@@H]3C[C@@H](C/C=C(\C)C[C@@H](C)/C=C/C=C4\CO[C@@H]5[C@H](O)C(C)=C[C@@H](C(=O)O3)[C@]45O)O2)O[C@H](/C(C)=C/C(C)C)[C@H]1C,0.037
KEMXXQOFIRIICG-UHFFFAOYSA-N,CC(C)(C)NCC(O)c1ccc(O)c(NC(N)=O)c1,1.0
GFNANZIMVAIWHM-OBYCQNJPSA-N,C[C@]12C=CC(=O)C=C1CC[C@H]1[C@@H]3C[C@@H](O)[C@](O)(C(=O)CO)[C@@]3(C)C[C@H](O)[C@@]12F,1.0
ZXIBCJHYVWYIKI-PZJWPPBQSA-N,CCOC(=O)CN[C@@H](C(=O)N1CC[C@H]1C(=O)NCc1ccc(/C(N)=N\O)cc1)C1CCCCC1,0.957
STJMRWALKKWQGH-UHFFFAOYSA-N,CC(C)(C)NCC(O)c1cc(Cl)c(N)c(Cl)c1,0.03
LEBVLXFERQHONN-UHFFFAOYSA-N,CCCCN1CCCCC1C(=O)Nc1c(C)cccc1C,0.015
GYDJEQRTZSCIOI-LJGSYFOKSA-N,NC[C@H]1CC[C@H](C(=O)O)CC1,1.0
VZCCETWTMQHEPK-QNEBEIHSSA-N,CCCCC/C=C\C/C=C\C/C=C\CCCCC(=O)O,0.985
MBGGBVCUIVRRBF-UHFFFAOYSA-N,O=C1C(CC[S+]([O-])c2ccccc2)C(=O)N(c2ccccc2)N1c1ccccc1,0.179
YTGJWQPHMWSCST-UHFFFAOYSA-N,CC(S)C(=O)NCC(=O)O,1.0
XEEQGYMUWCZPDN-UHFFFAOYSA-N,OC(c1cc(C(F)(F)F)nc2c(C(F)(F)F)cccc12)C1CCCCN1,0.035
XLMPPFTZALNBFS-INIZCTEOSA-N,Cn1nnc2ccc([C@H](c3ccc(Cl)cc3)n3cncn3)cc21,0.88
RMTYNAPTNBJHQI-LLDVTBCESA-N,Cc1ccc(S(=O)(=O)NC(=O)N[C@H]2[C@H]3CC[C@@](C)([C@H]2O)C3(C)C)cc1,0.994
WJBLNOPPDWQMCH-MBPVOVBZSA-N,C=C1CC[C@@]2(O)[C@H]3Cc4ccc(O)c5c4[C@@]2(CCN3CC2CC2)[C@H]1O5,0.508
NUZWLKWWNNJHPT-UHFFFAOYSA-N,O=C1c2c(O)cccc2Cc2cccc(O)c21,0.86
LBHIOVVIQHSOQN-UHFFFAOYSA-N,O=C(NCCO[N+](=O)[O-])c1cccnc1,1.0
SBNPWPIBESPSIF-MHWMIDJBSA-N,CC(=O)N[C@H](Cc1ccc2ccccc2c1)C(=O)N[C@H](Cc1ccc(Cl)cc1)C(=O)N[C@H](Cc1cccnc1)C(=O)N[C@@H](CO)C(=O)N[C@@H](Cc1ccc(O)cc1)C(=O)N[C@H](CCCNC(N)=O)C(=O)N[C@@H](CC(C)C)C(=O)N[C@@H](CCCNC(=N)N)C(=O)N1CCC[C@H]1C(=O)N[C@H](C)C(N)=O,1.0
NHUHCSRWZMLRLA-UHFFFAOYSA-N,Cc1noc(NS(=O)(=O)c2ccc(N)cc2)c1C,0.776
OGBMKVWORPGQRR-UMXFMPSGSA-N,CC[C@H](C)[C@H](NC(=O)[C@H](CCC(=O)O)NC(=O)[C@H](CO)NC(=O)[C@@H](NC(=O)[C@@H](N)CO)C(C)C)C(=O)N[C@@H](CCC(N)=O)C(=O)N[C@@H](CC(C)C)C(=O)N[C@@H](CCSC)C(=O)N[C@@H](Cc1cnc[nH]1)C(=O)N[C@@H](CC(N)=O)C(=O)N[C@@H](CC(C)C)C(=O)NCC(=O)N[C@@H](CCCCN)C(=O)N[C@@H](Cc1cnc[nH]1)C(=O)N[C@@H](CC(C)C)C(=O)N[C@@H](CC(N)=O)C(=O)N[C@@H](CO)C(=O)N[C@@H](CCSC)C(=O)N[C@@H](CCC(=O)O)C(=O)N[C@@H](CCCNC(=N)N)C(=O)N[C@H](C(=O)N[C@@H](CCC(=O)O)C(=O)N[C@@H](Cc1c[nH]c2ccccc12)C(=O)N[C@@H](CC(C)C)C(=O)N[C@@H](CCCNC(=N)N)C(=O)N[C@@H](CCCCN)C(=O)N[C@@H](CCCCN)C(=O)N[C@@H](CC(C)C)C(=O)N[C@@H](CCC(N)=O)C(=O)N[C@@H](CC(=O)O)C(=O)N[C@H](C(=O)N[C@@H](Cc1cnc[nH]1)C(=O)N[C@@H](CC(N)=O)C(=O)N[C@@H](Cc1ccccc1)C(=O)O)C(C)C)C(C)C,1.0
SNPLKNRPJHDVJA-ZETCQYMHSA-N,CC(C)(CO)[C@@H](O)C(=O)NCCCO,1.0
LKJPYSCBVHEWIU-UHFFFAOYSA-N,CC(O)(CS(=O)(=O)c1ccc(F)cc1)C(=O)Nc1ccc(C#N)c(C(F)(F)F)c1,0.379
QJFSABGVXDWMIW-UHFFFAOYSA-N,CCOc1nc2cccc(C(=O)OCc3oc(=O)oc3C)c2n1Cc1ccc(-c2ccccc2-c2noc(=O)[nH]2)cc1,0.993
WOFMFGQZHJDGCX-ZULDAHANSA-N,C[C@@H]1C[C@H]2[C@@H]3CCC4=CC(=O)C=C[C@]4(C)[C@@]3(Cl)[C@@H](O)C[C@]2(C)[C@@]1(OC(=O)c1ccco1)C(=O)CCl,0.987
NINIDFKCEFEMDL-UHFFFAOYSA-N,[S],1.0
MJIHNNLFOKEZEW-RUZDIDTESA-N,Cc1c(OCC(F)(F)F)ccnc1C[S@@+]([O-])c1nc2ccccc2[nH]1,0.014
CGZOGNUFXMNYEI-UDUHKTKDSA-N,CN(C)c1cc(NC(=O)CNC(C)(C)C)c(O)c2c1C[C@H]1C[C@H]3[C@H](N(C)C)C(=O)C(C(N)=O)C(=O)[C@@]3(O)C(=O)C1C2=O,1.0
MKUXAQIIEYXACX-UHFFFAOYSA-N,Nc1nc2c(ncn2COCCO)c(=O)[nH]1,1.0
XLFWDASMENKTKL-UHFFFAOYSA-N,CCOC(=O)[N-]c1c[n+](N2CCOCC2)no1,1.0
HWHLPVGTWGOCJO-UHFFFAOYSA-N,OC(CCN1CCCCC1)(c1ccccc1)C1CCCCC1,0.056
VHVPQPYKVGDNFY-UHFFFAOYSA-N,CCC(C)n1ncn(-c2ccc(N3CCN(c4ccc(OCC5COC(Cn6cncn6)(c6ccc(Cl)cc6Cl)O5)cc4)CC3)cc2)c1=O,0.086
UKTAZPQNNNJVKR-KJGYPYNMSA-N,O=C(O[C@@H]1C[C@@H]2C[C@H]3C[C@H](C1)N2CC3=O)c1c[nH]c2ccccc12,0.186
ZXERDUOLZKYMJM-ZWECCWDJSA-N,CC[C@H]1[C@@H](O)[C@@H]2[C@H](CC[C@]3(C)[C@@H]([C@H](C)CCC(=O)O)CC[C@@H]23)[C@@]2(C)CC[C@@H](O)C[C@@H]12,0.286
UISARWKNNNHPGI-UHFFFAOYSA-N,CC(CC(c1ccccc1)c1ccccc1)NC(C)(C)C,0.829
MECHNRXZTMCUDQ-RKHKHRCZSA-N,C=C1CC[C@H](O)C/C1=C/C=C1\CCC[C@]2(C)[C@@H]([C@H](C)/C=C/[C@H](C)C(C)C)CC[C@@H]12,0.083
ZXFQRFXLFWWKLX-UHFFFAOYSA-N,COc1ccc2c(=O)c(C)c(-c3ccccc3)oc2c1CN(C)C,0.004
YOZBGTLTNGAVFU-UHFFFAOYSA-N,Cc1nc(C(=O)NCC(=O)O)c(O)c2ccc(Oc3ccccc3)cc12,0.998
SGXXNSQHWDMGGP-UHFFFAOYSA-N,CNC(=C[N+](=O)[O-])NCCSCc1csc(CN(C)C)n1,1.0
YXSLJKQTIDHPOT-LJCJQEJUSA-N,COc1ccc(C[C@@H]2c3cc(OC)c(OC)cc3CC[N@+]2(C)CCC(=O)OCCCCCOC(=O)CC[N@@+]2(C)CCc3cc(OC)c(OC)cc3[C@H]2Cc2ccc(OC)c(OC)c2)cc1OC,0.125
IAIWVQXQOWNYOU-FPYGCLRLSA-N,NC(=O)N/N=C/c1ccc([N+](=O)[O-])o1,1.0
KSMAGQUYOIHWFS-UHFFFAOYSA-N,CC(Oc1c(Cl)cccc1Cl)C1=NCCN1,0.013
IYFNEFQTYQPVOC-UHFFFAOYSA-N,CCCOc1ccc(S(=O)(=O)NCCC2CCCN2C)cc1-c1nc2c(CCC)nn(C)c2c(=O)[nH]1,0.997
NBQKINXMPLXUET-UHFFFAOYSA-N,O=C(Nc1cccc2c(=O)cc(-c3nnn[nH]3)oc12)c1ccc(OCCCCc2ccccc2)cc1,0.996
TZGBBMBARSFJBG-UKTHLTGXSA-N,NC(=O)N/N=C1\C=Cc2ccccc2C1=O,1.0
OZLPUNFFCJDMJD-UHFFFAOYSA-N,CC[N+](CC)(CC)CCOc1cccc(OCC[N+](CC)(CC)CC)c1OCC[N+](CC)(CC)CC,1.0
PLHJDBGFXBMTGZ-WEVVVXLNSA-N,O=C1OCCN1/N=C/c1ccc([N+](=O)[O-])o1,0.998
VPGRYOFKCNULNK-ACXQXYJUSA-N,CC(=O)OCC(=O)[C@H]1CC[C@H]2[C@@H]3CCC4=CC(=O)CC[C@]4(C)[C@H]3CC[C@]12C,0.04
ATALOFNDEOCMKK-OITMNORJSA-N,C[C@@H](O[C@H]1OCCN(Cc2n[nH]c(=O)[nH]2)[C@H]1c1ccc(F)cc1)c1cc(C(F)(F)F)cc(C(F)(F)F)c1,0.182
IUEWXNHSKRWHDY-PHIMTYICSA-N,CCCS(=O)(=O)N[C@H]1C[C@@H](N(C)c2ncnc3[nH]ccc23)C1,0.753
MMNICIJVQJJHHF-UHFFFAOYSA-N,O=C(OCCN1CCCCCC1)C(c1ccsc1)C1CCCCC1,0.038
VAZJLPXFVQHDFB-UHFFFAOYSA-N,CCCCCCNC(=N)NC(=N)N,1.0
ZZORFUFYDOWNEF-UHFFFAOYSA-N,COc1cc(NS(=O)(=O)c2ccc(N)cc2)nc(OC)n1,0.963
ZPXSCAKFGYXMGA-UHFFFAOYSA-N,OC1(c2ccc(Cl)cc2)c2ccccc2C2=NCCN21,0.019
YWXYYJSYQOXTPL-SLPGGIOYSA-N,O=[N+]([O-])O[C@@H]1CO[C@H]2[C@@H]1OC[C@@H]2O,1.0
HIUVKVDQFXDZHU-UHFFFAOYSA-N,N=C(N)NCC1COc2ccccc2O1,1.0
RBKASMJPSJDQKY-RBFSKHHSSA-N,C[C@@H]1C[C@H]2[C@@H]3CCC4=CC(=O)C=C[C@]4(C)C3=CC[C@]2(C)[C@H]1C(=O)CN1CCN(c2cc(N3CCCC3)nc(N3CCCC3)n2)CC1,0.151
ZCKKHYXUQFTBIK-KTKRTIGZSA-N,CCOC(=O)/C=C1\SC(N2CCCCC2)C(=O)N1C,0.006
FPIPGXGPPPQFEQ-OVSJKPMPSA-N,CC1=C(/C=C/C(C)=C/C=C/C(C)=C/CO)C(C)(C)CCC1,0.563
MITFXPHMIHQXPI-UHFFFAOYSA-N,CC(C(=O)O)c1ccc2oc(-c3ccc(Cl)cc3)nc2c1,0.866
NNACHAUCXXVJSP-UHFFFAOYSA-N,Clc1ccc(CCCOCCCN2CCCCC2)cc1,0.724
IWUCXVSUMQZMFG-AFCXAGJDSA-N,NC(=O)c1ncn([C@@H]2O[C@H](CO)[C@@H](O)[C@H]2O)n1,1.0
ATEBXHFBFRCZMA-VXTBVIBXSA-N,CO[C@H]1/C=C/O[C@@]2(C)Oc3c(C)c(O)c4c(c3C2=O)C2=NC3(CCN(CC(C)C)CC3)NC2=C(NC(=O)/C(C)=C\C=C\[C@H](C)[C@H](O)[C@@H](C)[C@@H](O)[C@@H](C)[C@H](OC(C)=O)[C@@H]1C)C4=O,0.999
JOATXPAWOHTVSZ-UHFFFAOYSA-N,CCN(CC)C(=O)Nc1ccc(OCC(O)CNC(C)(C)C)c(C(C)=O)c1,0.999
ALOBUEHUHMBRLE-UHFFFAOYSA-N,CCCCCCCN(CC)CCCC(O)c1ccc(NS(C)(=O)=O)cc1,0.606
SNUDIPVBUUXCDG-QHSBEEBCSA-N,C[C@@H](O)[C@H]1C(=O)N2C(C(=O)OCOC(=O)C(C)(C)C)=C(SC3CN(C4=NCCS4)C3)[C@H](C)[C@H]12,0.996
XBMIVRRWGCYBTQ-AVRDEDQJSA-N,CC[C@H](OC(C)=O)C(C[C@H](C)N(C)C)(c1ccccc1)c1ccccc1,0.068
WJAJPNHVVFWKKL-UHFFFAOYSA-N,COc1ccc(OC)c(C(O)C(C)N)c1,1.0
IYMMESGOJVNCKV-UHFFFAOYSA-N,Oc1ccc(C(O)C2CCCCN2)cc1O,1.0
QDUIJCOKQCCXQY-WHJQOFBOSA-N,CO/N=C(\C(=O)N[C@@H]1C(=O)N2C(C(=O)[O-])=C(C[n+]3ccn4ncccc43)CS[C@H]12)c1nsc(N)n1,1.0
XFYDIVBRZNQMJC-UHFFFAOYSA-N,Clc1ccc2nsnc2c1NC1=NCCN1,0.194
PVBQYTCFVWZSJK-UHFFFAOYSA-N,C[N+](C)(C)NCCC(=O)[O-],1.0
REACBNMPQDINOF-YBBIQVIJSA-N,CC12C=CC(C(=O)O[C@H]3CC[C@H]4[C@@H]5CCC6=CC(=O)CC[C@@H]6[C@H]5CC[C@]34C)(CC1)CC2,0.165
FVIGODVHAVLZOO-UHFFFAOYSA-N,CCOC(=S)SSC(=S)OCC,0.657
IEJXVRYNEISIKR-UHFFFAOYSA-N,Nc1cc(Cl)c(N=C2NCCN2)c(Cl)c1,0.996
HRYZWHHZPQKTII-UHFFFAOYSA-N,CCCl,1.0
FWCVZAQENIZVMY-UHFFFAOYSA-N,CC(C)n1nccc1-c1ncccc1COc1cccc(O)c1C=O,0.423
SNFOERUNNSHUGP-ZXZARUISSA-N,O=[N+]([O-])OC[C@H](O[N+](=O)[O-])[C@@H](CO[N+](=O)[O-])O[N+](=O)[O-],1.0
VHFGEBVPHAGQPI-LXKZPTCJSA-N,CN[C@H](CC(C)C)C(=O)N[C@H]1C(=O)N[C@@H](CC(N)=O)C(=O)N[C@H]2C(=O)N[C@H]3C(=O)N[C@H](C(=O)N[C@H](C(=O)O)c4cc(O)cc(O)c4-c4cc3ccc4O)[C@H](O[C@H]3C[C@](C)(N)[C@@H](O)[C@H](C)O3)c3ccc(c(Cl)c3)Oc3cc2cc(c3O[C@@H]2O[C@H](CO)[C@@H](O)[C@H](O)[C@H]2O[C@H]2C[C@](C)(NCc3ccc(-c4ccc(Cl)cc4)cc3)[C@@H](O)[C@H](C)O2)Oc2ccc(cc2Cl)[C@H]1O,1.0
MQJKPEGWNLWLTK-UHFFFAOYSA-N,Nc1ccc(S(=O)(=O)c2ccc(N)cc2)cc1,0.979
SFZCNBIFKDRMGX-UHFFFAOYSA-N,FS(F)(F)(F)(F)F,1.0
MQLRYUCJDNBWMV-GHXIOONMSA-N,CO/N=C(\C(=O)N[C@@H]1C(=O)N2C(C(=O)O)=C(C)CS[C@H]12)c1csc(N)n1,1.0
JHOHXJYRVSLQCB-AMESULRKSA-N,CN(C)[C@@H]1C(=O)C(C(N)=O)C(=O)[C@@]2(O)C(=O)C3C(=O)c4c(O)ccc(Cl)c4[C@@H](O)[C@H]3C[C@@H]12,1.0
ZDXPYRJPNDTMRX-VKHMYHEASA-N,NC(=O)CC[C@H](N)C(=O)O,1.0
MJIHNNLFOKEZEW-UHFFFAOYSA-N,Cc1c(OCC(F)(F)F)ccnc1C[S+]([O-])c1nc2ccccc2[nH]1,0.035
DSSYKIVIOFKYAU-XCBNKYQSSA-N,CC1(C)[C@@H]2CC[C@@]1(C)C(=O)C2,0.948
NIQCNGHVCWTJSM-UHFFFAOYSA-N,COC(=O)c1ccccc1C(=O)OC,0.033
FAIIFDPAEUKBEP-UHFFFAOYSA-N,COC(=O)C1=C(C#N)NC(C)=C(C(=O)OC(C)C)C1c1cccc([N+](=O)[O-])c1,0.181
WIIZWVCIJKGZOK-RKDXNWHRSA-N,O=C(N[C@H](CO)[C@H](O)c1ccc([N+](=O)[O-])cc1)C(Cl)Cl,1.0
UNJFKXSSGBWRBZ-BJCIPQKHSA-N,Nc1nc(/C(=C/CC(=O)O)C(=O)N[C@@H]2C(=O)N3C(C(=O)O)=CCS[C@H]23)cs1,1.0
NMKSAYKQLCHXDK-UHFFFAOYSA-N,CC(NCCC(c1ccccc1)c1ccccc1)c1ccccc1,0.28
RYMZZMVNJRMUDD-HGQWONQESA-N,CCC(C)(C)C(=O)O[C@H]1C[C@@H](C)C=C2C=C[C@H](C)[C@H](CC[C@@H]3C[C@@H](O)CC(=O)O3)[C@H]21,0.359
BJYLYJCXYAMOFT-RSFVBTMBSA-N,C=C1/C(=C\C=C2/CCC[C@]3(C)[C@@H]([C@H](C)CC[C@@H](O)C(C)C)CC[C@@H]23)C[C@@H](O)C[C@@H]1O,0.197
UXNXMBYCBRBRFD-UHFFFAOYSA-N,N#Cc1cccc(C(NCC2CC2)c2ccc(F)c(NC(=O)c3cc(C(F)(F)F)nn3-c3cccc(CN)c3)c2)c1,0.171
QSKQVZWVLOIIEV-NSHDSACASA-N,C[C@H]1CNCCCN1S(=O)(=O)c1cccc2cncc(F)c12,0.122
LKCWBDHBTVXHDL-RMDFUYIESA-N,NCC[C@H](O)C(=O)N[C@@H]1C[C@H](N)[C@@H](O[C@H]2O[C@H](CN)[C@@H](O)[C@H](O)[C@H]2O)[C@H](O)[C@H]1O[C@H]1O[C@H](CO)[C@@H](O)[C@H](N)[C@H]1O,1.0
ASKZRYGFUPSJPN-UHFFFAOYSA-N,Cc1cn2nc(-c3cc(=O)n4cc(N5CCNC6(CC6)C5)ccc4n3)cc(C)c2n1,0.942
IZTQOLKUZKXIRV-YRVFCXMDSA-N,CSCC[C@H](NC(=O)[C@H](Cc1ccc(OS(=O)(=O)O)cc1)NC(=O)[C@@H](N)CC(=O)O)C(=O)NCC(=O)N[C@@H](Cc1c[nH]c2ccccc12)C(=O)N[C@@H](CCSC)C(=O)N[C@@H](CC(=O)O)C(=O)N[C@@H](Cc1ccccc1)C(N)=O,1.0
UFIVBRCCIRTJTN-UHFFFAOYSA-N,N#CC(CCN1CCC(C(=O)O)(c2ccccc2)CC1)(c1ccccc1)c1ccccc1,0.918
GVEAYVLWDAFXET-XGHATYIMSA-N,CC(=O)O[C@H]1C[C@@H]2CC[C@@H]3[C@H](CC[C@@]4(C)[C@H]3C[C@H]([N+]3(C)CCCCC3)[C@@H]4OC(C)=O)[C@@]2(C)C[C@@H]1[N+]1(C)CCCCC1,1.0
KEJXLQUPYHWCNM-UHFFFAOYSA-N,CCCOC(=O)Cc1ccc(OCC(=O)N(CC)CC)c(OC)c1,0.002
WBGKWQHBNHJJPZ-LECWWXJVSA-N,CC1(C)O[C@@H]2C[C@H]3[C@@H]4CCC5=CC(=O)C=C[C@]5(C)[C@H]4[C@@H](O)C[C@]3(C)[C@]2(C(=O)CO)O1,0.999
AVOLMBLBETYQHX-UHFFFAOYSA-N,C=C(CC)C(=O)c1ccc(OCC(=O)O)c(Cl)c1Cl,1.0
VPPJLAIAVCUEMN-GFCCVEGCSA-N,COC[C@@H](NC(C)=O)C(=O)NCc1ccccc1,1.0
MTZBBNMLMNBNJL-UHFFFAOYSA-N,Cc1cccc(C)c1NC(=O)c1cc(S(N)(=O)=O)c(Cl)cc1O,1.0
HXWLAJVUJSVENX-HFIFKADTSA-N,COC(=O)[C@H]1[C@@H](c2ccc([123I])cc2)C[C@@H]2CC[C@H]1N2CCCF,0.706
BKYKPTRYDKTTJY-UHFFFAOYSA-N,NS(=O)(=O)c1cc2c(cc1Cl)NC(CC1CCCC1)NS2(=O)=O,1.0
LSLYOANBFKQKPT-UHFFFAOYSA-N,CC(Cc1ccc(O)cc1)NCC(O)c1cc(O)cc(O)c1,1.0
GGXICVAJURFBLW-CEYXHVGTSA-N,CC(C)OC(=O)CCC/C=C\C[C@@H]1[C@@H](CC[C@@H](O)CCc2ccccc2)[C@H](O)C[C@@H]1O,0.753
NZDASSHFKWDBBU-KVMCETHSSA-N,CC1(C)S[C@@H]2[C@H](NC(=O)C(C(=O)Oc3ccccc3)c3ccccc3)C(=O)N2[C@H]1C(=O)O,1.0
IDCHQQSVJAAUQQ-UHFFFAOYSA-N,CCN(CC)CCc1nc(-c2ccccc2)no1,0.0
NIVZHWNOUVJHKV-UHFFFAOYSA-N,C/N=C(\NC)NCc1ccccc1,0.994
LBXHRAWDUMTPSE-UHFFFAOYSA-N,CC1CCCC(C)N1NC(=O)c1ccc(Cl)c(S(N)(=O)=O)c1,1.0
RRJQTGHQFYTZOW-ILWKUFEGSA-N,COc1ccc2c3c1O[C@H]1C(OC(C)=O)=CC[C@H]4[C@@H](C2)N(C)CC[C@]314,0.145
NPOAOTPXWNWTSH-UHFFFAOYSA-N,CC(O)(CC(=O)O)CC(=O)O,1.0
XPOQHMRABVBWPR-ZDUSSCGKSA-N,O=C1Nc2ccc(Cl)cc2[C@@](C#CC2CC2)(C(F)(F)F)O1,0.992
JFIOVJDNOJYLKP-UHFFFAOYSA-N,Oc1c(Cl)cc(Cl)cc1Sc1cc(Cl)cc(Cl)c1O,0.922
ZBMZVLHSJCTVON-UHFFFAOYSA-N,CC(C)NCC(O)c1ccc(NS(C)(=O)=O)cc1,1.0
OJLOPKGSLYJEMD-URPKTTJQSA-N,CCCCC(C)(O)C/C=C/[C@H]1[C@H](O)CC(=O)[C@@H]1CCCCCCC(=O)OC,0.648
ONWXNHPOAGOMTG-UHFFFAOYSA-N,CCCCC1(COC(=O)CCC(=O)O)C(=O)N(c2ccccc2)N(c2ccccc2)C1=O,0.126
KXNPVXPOPUZYGB-IOVMHBDKSA-N,CC1CNc2c(cccc2S(=O)(=O)N[C@@H](CCCNC(=N)N)C(=O)N2CC[C@@H](C)C[C@@H]2C(=O)O)C1,1.0
TZRXHJWUDPFEEY-UHFFFAOYSA-N,O=[N+]([O-])OCC(CO[N+](=O)[O-])(CO[N+](=O)[O-])CO[N+](=O)[O-],1.0
LEZWWPYKPKIXLL-UHFFFAOYSA-N,Clc1ccc(COC(Cn2ccnc2)c2ccc(Cl)cc2Cl)cc1,0.874
UQGKUQLKSCSZGY-UHFFFAOYSA-N,CCCc1nc(C(C)(C)O)c(C(=O)OCc2oc(=O)oc2C)n1Cc1ccc(-c2ccccc2-c2nnn[nH]2)cc1,1.0
GXPHKUHSUJUWKP-UHFFFAOYSA-N,Cc1c(C)c2c(c(C)c1O)CCC(C)(COc1ccc(CC3SC(=O)NC3=O)cc1)O2,0.093
OPXLLQIJSORQAM-UHFFFAOYSA-N,COC(=O)Nc1nc2cc(C(=O)c3ccccc3)ccc2[nH]1,0.116
NAKSIOUBFDBTSW-ITMZJIMRSA-N,C=C(CCCCCCCCCCCCCCCc1nnn[nH]1)NS(=O)(=O)CCCC(=O)NCCOCCOCC(=O)N[C@@H](CCC(=O)N[C@@H](CCC(=O)NCCOCCOCC(=O)N[C@@H](CCCCNC(=O)CSC[C@H](N)C(=O)O)C(N)=O)C(=O)O)C(=O)O,1.0
UUTKICFRNVKFRG-WDSKDSINSA-N,O=C1CC[C@@H](C(=O)N2CSC[C@H]2C(=O)O)N1,1.0
BVCKFLJARNKCSS-DWPRYXJFSA-N,CO[C@@]1(NC(=O)C(C(=O)O)c2ccsc2)C(=O)N2[C@@H](C(=O)O)C(C)(C)S[C@@H]21,1.0
YZMCKZRAOLZXAZ-UHFFFAOYSA-N,Cc1cc(NS(=O)(=O)c2ccc(N)cc2)nc(C)n1,1.0
NGBFQHCMQULJNZ-UHFFFAOYSA-N,Cc1cccc(Nc2ccncc2S(=O)(=O)NC(=O)NC(C)C)c1,0.878
RZJQGNCSTQAWON-UHFFFAOYSA-N,CS(=O)(=O)c1ccc(C2=C(c3ccccc3)C(=O)OC2)cc1,0.207
RCUDFXMNPQNBDU-VOTSOKGWSA-N,COc1cc(/C=C/C(=O)N2CCN(CC(=O)N3CCCC3)CC2)cc(OC)c1OC,0.862
JWCSIUVGFCSJCK-CAVRMKNVSA-N,CO[C@@]1(NC(=O)C(C(=O)O)c2ccc(O)cc2)C(=O)N2C(C(=O)O)=C(CSc3nnnn3C)CO[C@@H]21,1.0
GBFLZEXEOZUWRN-VKHMYHEASA-N,N[C@@H](CSCC(=O)O)C(=O)O,1.0
ARHWPKZXBHOEEE-UHFFFAOYSA-N,C=CCOc1ccc(CC(=O)O)cc1Cl,1.0
CXBMCYHAMVGWJQ-UHFFFAOYSA-N,CC(C)=CC1C(C(=O)OCN2C(=O)C3=C(CCCC3)C2=O)C1(C)C,0.035
QIALRBLEEWJACW-INIZCTEOSA-N,CC(=O)O[C@H]1Cc2ccccc2N(C(N)=O)c2ccccc21,0.397
PNCPYILNMDWPEY-QGZVFWFLSA-N,C[C@H](Cc1cc2c(c(C(N)=O)c1)N(CCCO)CC2)NCCOc1ccccc1OCC(F)(F)F,0.782
FLWFHHFTIRLFPV-UHFFFAOYSA-N,CCCCC(C(=O)O)C(=O)N(Nc1ccccc1)c1ccccc1,0.541
JJCQSGDBDPYCEO-XVZSLQNASA-N,NC[C@@H]1CC[C@@H](N)[C@@H](O[C@H]2[C@H](O)[C@@H](O[C@H]3O[C@H](CO)[C@@H](O)[C@H](N)[C@H]3O)[C@H](N)C[C@@H]2N)O1,1.0
BMPDWHIDQYTSHX-AWEZNQCLSA-N,NC(=O)N1c2ccccc2C[C@H](O)c2ccccc21,0.398
XDAOLTSRNUSPPH-XMMPIXPASA-N,C[C@]1(COc2ccc(N3CCC(Oc4ccc(OC(F)(F)F)cc4)CC3)cc2)Cn2cc([N+](=O)[O-])nc2O1,0.764
UBWXUGDQUBIEIZ-QNTYDACNSA-N,C[C@]12CC[C@H]3[C@@H](CCC4=CC(=O)CC[C@@H]43)[C@@H]1CC[C@@H]2OC(=O)CCc1ccccc1,0.189
IAKHMKGGTNLKSZ-INIZCTEOSA-N,COc1cc2c(c(OC)c1OC)-c1ccc(OC)c(=O)cc1[C@@H](NC(C)=O)CC2,0.768
XACKNLSZYYIACO-DJLDLDEBSA-N,CCc1cn([C@H]2C[C@H](O)[C@@H](CO)O2)c(=O)[nH]c1=O,1.0
HDDSHPAODJUKPD-UHFFFAOYSA-N,COC(=O)Nc1nc2cc(Sc3ccccc3)ccc2[nH]1,0.393
SMNOERSLNYGGOU-UHFFFAOYSA-N,CN(CC1(C)CCCO1)S(=O)(=O)c1ccc(Cl)c(S(N)(=O)=O)c1,1.0
ANEBWFXPVPTEET-UHFFFAOYSA-N,COC(=O)C1=C(C)NC(C)=C(C(=O)OCCN2CCN(C(c3ccccc3)c3ccccc3)CC2)C1c1cccc([N+](=O)[O-])c1,0.051
GUHPRPJDBZHYCJ-UHFFFAOYSA-N,CC(C(=O)O)c1ccc(C(=O)c2ccccc2)s1,0.999
AOMXMOCNKJTRQP-UHFFFAOYSA-N,CONC(=O)Nc1ccc(-c2sc3c(c2CN(C)C)c(=O)n(-c2ccc(OC)nn2)c(=O)n3Cc2c(F)cccc2F)cc1,0.337
RUDATBOHQWOJDD-UZVSRGJWSA-N,C[C@H](CCC(=O)O)[C@H]1CC[C@H]2[C@@H]3[C@@H](O)C[C@@H]4C[C@H](O)CC[C@]4(C)[C@H]3CC[C@]12C,0.383
XTULMSXFIHGYFS-VLSRWLAYSA-N,C[C@@H]1C[C@H]2[C@@H]3C[C@H](F)C4=CC(=O)C=C[C@]4(C)[C@@]3(F)[C@@H](O)C[C@]2(C)[C@@]1(OC(=O)c1ccco1)C(=O)SCF,0.873
HFXKQSZZZPGLKQ-UHFFFAOYSA-N,CNC(C)CC1CCCC1,0.026
VLYWMPOKSSWJAL-UHFFFAOYSA-N,COc1ccc(NS(=O)(=O)c2ccc(N)cc2)nn1,1.0
DBGIVFWFUFKIQN-UHFFFAOYSA-N,CCNC(C)Cc1cccc(C(F)(F)F)c1,0.256
VABCILAOYCMVPS-UHFFFAOYSA-N,CC(=O)CC(c1ccc([N+](=O)[O-])cc1)c1c(O)c2ccccc2oc1=O,0.445
CIDUJQMULVCIBT-MQDUPKMGSA-N,CCN[C@@H]1C[C@H](N)[C@@H](O[C@H]2OC(CN)=CC[C@H]2N)[C@H](O)[C@H]1O[C@H]1OC[C@](C)(O)[C@H](NC)[C@H]1O,1.0
LGYTZKPVOAIUKX-UHFFFAOYSA-N,CC(=O)CCC1C(=O)N(c2ccccc2)N(c2ccccc2)C1=O,0.014
CJCSPKMFHVPWAR-JTQLQIEISA-N,C[C@](N)(Cc1ccc(O)c(O)c1)C(=O)O,1.0
GPNHMOZDMYNCPO-PDUMRIMRSA-N,CCC(=O)O[C@]1(C(=O)CO)CC[C@H]2[C@@H]3CCC4=CC(=O)CC[C@]4(C)[C@H]3CC[C@@]21C,0.377
XPIJWUTXQAGSLK-UHFFFAOYSA-N,CNc1ncc(-c2ccc3c(=O)c(C(=O)O)cn(C4CC4)c3c2C)cc1C,1.0
WKSAUQYGYAYLPV-UHFFFAOYSA-N,CCc1nc(N)nc(N)c1-c1ccc(Cl)cc1,0.028
REQCZEXYDRLIBE-UHFFFAOYSA-N,CCN(CC)CCNC(=O)c1ccc(N)cc1,0.994
CTPOHARTNNSRSR-APJZLKAGSA-N,CC#CCC(C)[C@H](O)/C=C/[C@@H]1[C@H]2c3cccc(CCCC(=O)O)c3O[C@H]2C[C@H]1O,0.831
