smiles,inchikey
COc1ccc(-c2cc(=S)ss2)cc1,KYLIZBIRMBGUOP-UHFFFAOYSA-N
NC(=O)OCC(O)c1ccccc1,OCSOHUROTFFTFO-UHFFFAOYSA-N
CCOCCN(Cc1ccc(CN(CCOCC)C(=O)C(Cl)Cl)cc1)C(=O)C(Cl)Cl,MSJLJWCAEPENBL-UHFFFAOYSA-N
Clc1cc(Cl)c2c(c1)CCc1ccccc1C2n1ccnc1,MPTJIDOGFUQSQH-UHFFFAOYSA-N
C[C@]12C=CC(=O)C=C1CC[C@@H]1[C@@H]2CC[C@]2(C)[C@@H](OC3=CCCC3)CC[C@@H]12,IUVKMZGDUIUOCP-BTNSXGMBSA-N
O=C1OC(c2ccc(O)c(S(=O)(=O)O)c2)(c2ccc(O)c(S(=O)(=O)O)c2)c2c(Br)c(Br)c(Br)c(Br)c21,OHTXTCNTQJFRIG-UHFFFAOYSA-N
CO[C@H]1[C@H]([C@@]2(C)O[C@@H]2CC=C(C)C)[C@]2(CC[C@H]1OC(=O)/C=C/C=C/C=C/C=C/C(=O)O)CO2,NGGMYCMLYOUNGM-CSDLUJIJSA-N
C=COC=C,QYKIQEUNHZKYBP-UHFFFAOYSA-N
CCOC(=O)/C(=C/c1ncc([N+](=O)[O-])n1C)C(C)=O,GCHKUUOPYMFGEY-VMPITWQZSA-N
CC(C)CCC[C@@H](C)[C@H]1CC[C@H]2[C@@H]3CC=C4C[C@@H](O)CC[C@]4(C[131I])[C@H]3CC[C@@]21C,FIOAEFCJGZJUPW-ODFYUTSGSA-N
CCCC(=O)Nc1c(I)cc(I)c(CC(CC)C(=O)O)c1I,YMOXVLQZFAUUKI-UHFFFAOYSA-N
CCN(CC)C(=O)N[C@H]1C[C@@H]2c3cccc4[nH]cc(c34)C[C@H]2N(C)C1,JOAHPSVPXZTVEP-YXJHDRRASA-N
O=C1CCC(=O)N1,KZNICNPSHKQLFF-UHFFFAOYSA-N
CCOC(=O)CCCCCCCCC(C)c1ccc(I)cc1,LAYLQVBQIBQVLL-UHFFFAOYSA-N
CNC(=O)CNC(=O)c1c(I)c(NC(C)=O)c(I)c(C(=O)O)c1I,HHFIATHHSBFCBY-UHFFFAOYSA-N
CCCCNCC(=O)Nc1c(C)cccc1Cl,VWYQKFLLGRBICZ-UHFFFAOYSA-N
CN1[C@H]2CC[C@@H]1C[C@H](OC(=O)C(O)c1ccccc1)C2,ZTVIKZXZYLEVOL-MCOXGKPRSA-N
C/C(=C(/OCCOc1ccc(Cl)cc1)c1ccc(Cl)cc1Cl)n1ccnc1,JMFOSJNGKJCTMJ-ZHZULCJRSA-N
Clc1ccc(C(Cn2ccnc2)OCc2ccc(Sc3ccccc3)cc2)c(Cl)c1,ZCJYUTQZBAIHBS-UHFFFAOYSA-N
CN(C(=O)C(Cl)Cl)c1ccc(O)cc1,GZZZSOOGQLOEOB-UHFFFAOYSA-N
CCCC[C@@H](O)/C=C(C)/C=C/C=C/C(=O)N1CCCC1=O,ZYPGADGCNXOUJP-CXVPHVKISA-N
CCN1CCC[C@H]1CNC(=O)c1c(OC)ccc([123I])c1O,CANPFCFJURGKAX-SCBSARHOSA-N
CCCCC[C@@H](O)[C@H]1C(=O)O[C@H](C)[C@@H](O)/C=C/C=C/C=C/C=C/C=C(\C)[C@@H](O)[C@H](O)[C@H](O)C[C@H](O)C[C@H](O)C[C@H](O)C[C@H](O)C[C@@H]1O,AGJUUQSLGVCRQA-SWOUQTJZSA-N
CCOC(=O)C1(c2ccccc2)CCN(CCC(O)c2ccccc2)CC1,IPOPQVVNCFQFRK-UHFFFAOYSA-N
CC1=CC[C@H](C(C)(C)O)C[C@@H]1O,OMDMTHRBGUBUCO-IUCAKERBSA-N
Nc1c(I)cc(I)c(C(=O)N(CCC(=O)O)c2ccccc2)c1I,FJYJNLIEGUTPIJ-UHFFFAOYSA-N
CC(=O)O[C@@H](C)C(=O)[C@@]1(O)CC[C@H]2[C@@H]3CCC4=CC(=O)C=C[C@]4(C)[C@@]3(F)[C@@H](O)C[C@@]21C,HHPZZKDXAFJLOH-QZIXMDIESA-N
CC(=O)NCc1c(I)c(NC(C)=O)c(I)c(C(=O)O)c1I,VVDGWALACJEJKG-UHFFFAOYSA-N
Oc1c(I)cc(I)c2cccnc12,UXZFQZANDVDGMM-UHFFFAOYSA-N
CCOC(=O)CSCCC1NC(C(=O)O)CS1,IKOCLISPVJZJEA-UHFFFAOYSA-N
CC(SC(=O)c1cccs1)C(=O)NCC(=O)O,JNYSEDHQJCOWQU-UHFFFAOYSA-N
OCCOc1ccc(Cl)cc1,GEGSSUSEWOHAFE-UHFFFAOYSA-N
CCOC(CN1CCN(CC(C)C(=O)c2ccccc2)CC1)c1ccccc1,BSHWLCACYCVCJE-UHFFFAOYSA-N
CC(=O)[C@H]1CC[C@H]2[C@@H]3CC[C@H]4C[C@H](O)CC[C@]4(C)[C@H]3C(=O)C[C@]12C,DUHUCHOQIDJXAT-OLVMNOGESA-N
Oc1c(Br)cc(Br)c2cccnc12,ZDASUJMDVPTNTF-UHFFFAOYSA-N
CCCCCCc1ccc(O)cc1O,WFJIVOKAWHGMBH-UHFFFAOYSA-N
CCCOC(=O)c1sc(C(=O)OCCC)c(O)c1O,GUFHWUFYAOUKTI-UHFFFAOYSA-N
CC1=CC(=O)[C@H]2C[C@@H]1C2(C)C,DCSCXTJOXBUFGB-JGVFFNPUSA-N
OC(CNc1ccccn1)c1ccccc1,ZEAJXCPGHPJVNP-UHFFFAOYSA-N
O=C(C(Cl)Cl)N(CCO)Cc1ccc(Oc2ccc([N+](=O)[O-])cc2)cc1,ODCUSWJXZDHLKV-UHFFFAOYSA-N
CCOC(=O)/C=C1\SC(N2CCCCC2)C(=O)N1CC,UAXYBJSAPFTPNB-KHPPLWFESA-N
OCC1COC(CI)O1,NEIPZWZQHXCYDV-UHFFFAOYSA-N
CCOC(=O)c1ccc(O)cc1,NUVBSKCKDOMJSU-UHFFFAOYSA-N
Cc1nc2ccccc2n1Cc1ccc(Cl)cc1,WNAQOLSMVPFGTE-UHFFFAOYSA-N
O=C(CCOCCOCCOCCOCCC(=O)Nc1c(I)cc(I)c(C(=O)O)c1I)Nc1c(I)cc(I)c(C(=O)O)c1I,WWVAPFRKZMUPHZ-UHFFFAOYSA-N
COc1cc(S(=O)(=O)O)ccc1O,QDRCGSIKAHSALR-UHFFFAOYSA-N
CSCC1CN(/N=C/c2ccc([N+](=O)[O-])o2)C(=O)O1,SRQKTCXJCCHINN-NYYWCZLTSA-N
C=C1C[C@H]2[C@@H]3CCC4=CC(=O)C=C[C@]4(C)[C@@]3(F)[C@@H](O)C[C@]2(C)[C@@]1(O)C(=O)CO,YVHXHNGGPURVOS-SBTDHBFYSA-N
CC1(C)OC2(C)C(O)CC1CC2O,JSNQSLSBBZFGBM-UHFFFAOYSA-N
CCC(Cc1c(I)cc(I)c(N)c1I)C(=O)O,OIRFJRBSRORBCM-UHFFFAOYSA-N
C[C@@H]1C[C@H]2[C@@H]3C[C@H](F)C4=CC(=O)C=C[C@]4(C)[C@@]3(F)[C@@H](O)C[C@]2(C)[C@@]1(O)C(=O)CO,WXURHACBFYSXBI-GQKYHHCASA-N
NC(=O)OCCCc1ccccc1,CAMYKONBWHRPDD-UHFFFAOYSA-N
CC(=O)Nc1c(I)cc(I)c(C(=O)O)c1I,GNOGSFBXBWBTIG-UHFFFAOYSA-N
CCC(C)(C)c1ccc(CC(C)CN2C[C@H](C)O[C@H](C)C2)cc1,MQHLMHIZUIDKOO-AYHJJNSGSA-N
CC(=O)N(CC(C)C(=O)O)c1c(I)cc(I)c(N)c1I,GSVQIUGOUKJHRC-UHFFFAOYSA-N
IC(I)I,OKJPEAGHQZHRQV-UHFFFAOYSA-N
CCCCC(CC)C1NC(=O)N(SC(Cl)(Cl)Cl)C1=O,VOGJJBHRUDVEFM-UHFFFAOYSA-N
C[C@]12C[C@H](O)[C@H]3[C@@H](C=C(Cl)C4=CC(=O)C=C[C@@]43C)[C@@H]1CC[C@]2(O)C(=O)CO,YTJIBEDMAQUYSZ-FDNPDPBUSA-N
CN(C(=O)CC(=O)N(C)c1c(I)c(C(=O)NC(CO)C(O)CO)c(I)c(C(=O)NC(CO)C(O)CO)c1I)c1c(I)c(C(=O)NC(CO)C(O)CO)c(I)c(C(=O)NC(CO)C(O)CO)c1I,XUHXFSYUBXNTHU-UHFFFAOYSA-N
O=S1(=O)OC(c2ccc(O)cc2)(c2ccc(O)cc2)c2ccccc21,BELBBZDIHDAJOR-UHFFFAOYSA-N
CS(=O)(=O)NC(=O)CCC/C=C\C[C@H]1C(=O)C[C@@H](O)[C@@H]1/C=C/[C@@H](O)COc1ccccc1,UQZVCDCIMBLVNR-TWYODKAFSA-N
CCC1=C(C[C@H]2NCCc3cc(OC)c(OC)cc32)C[C@H]2c3cc(OC)c(OC)cc3CCN2C1,XXLZPUYGHQWHRN-RPBOFIJWSA-N
CCC1CN2CCC1CC2[C@H](O)c1ccnc2ccc(OC)cc12,LJOQGZACKSYWCH-WGFDLZGGSA-N
S=C1SCN(Cc2ccccc2)CN1Cc1ccccc1,QFVAWNPSRQWSDU-UHFFFAOYSA-N
CN(C)c1ccc(O)cc1,JVVRCYWZTJLJSG-UHFFFAOYSA-N
CCC(=O)O[C@]1(C(=O)COC(C)=O)CC[C@H]2[C@@H]3CCC4=CC(=O)CC[C@]4(C)[C@H]3[C@@H](O)C[C@@]21C,MFBMYAOAMQLLPK-FZNHGJLXSA-N
C[C@]12CCC(=O)C=C1CC[C@@H]1[C@@H]2[C@@H](O)C[C@]2(C=O)[C@@H](C(=O)CO)CC[C@@H]12,PQSUYGKTWSAVDQ-ZVIOFETBSA-N
O=C(N/N=C/c1ccc([N+](=O)[O-])o1)c1ccc(O)cc1,YCWSUKQGVSGXJO-NTUHNPAUSA-N
C[N+](C)(C)CCOCC[18F],XUUGOSKUEDWDAS-COJKEBBMSA-N
Cn1c([N+](=O)[O-])cnc1/C=C/c1ccnc(N)n1,LHIALLMPKJMSIQ-NSCUHMNNSA-N
O=C(Oc1ccccc1)c1ccccc1O,ZQBAKBUEJOMQEX-UHFFFAOYSA-N
O=S(=O)(O)CI,RDFJFVXMRYVOAC-UHFFFAOYSA-N
OC(CI)CI,DNKPFCQEGBJJTE-UHFFFAOYSA-N
CC(=O)N[C@H]([C@@H](O)CC(=O)C(=O)O)[C@@H](O)[C@H](O)[C@H](O)CO,KBGAYAKRZNYFFG-BOHATCBPSA-N
CC(=O)NC1CCSC1=O,NRFJZTXWLKPZAV-UHFFFAOYSA-N
CCCO,BDERNNFJNOPAEC-UHFFFAOYSA-N
C=C(Br)CC1(C(C)C)C(=O)NC(=O)N(C)C1=O,WGMASVSHOSNKMF-UHFFFAOYSA-N
O=c1[nH]sc2cc(Cl)ccc12,POPOYOKQQAEISW-UHFFFAOYSA-N
CCOCCN(Cc1ccc(Oc2ccc([N+](=O)[O-])cc2)cc1)C(=O)C(Cl)Cl,QTRALMGDQMIVFF-UHFFFAOYSA-N
CN(C)c1ccc(C(O)(c2ccc(N(C)C)cc2)c2ccc(N(C)C)cc2)cc1,QFVDKARCPMTZCS-UHFFFAOYSA-N
CSCC[C@H](NC(=O)[C@H](CO)NC(=O)[C@H](Cc1ccc(O)cc1)NC(=O)CCN)C(=O)N[C@@H](CCC(=O)O)C(=O)N[C@@H](Cc1c[nH]cn1)C(=O)N[C@@H](Cc1ccccc1)C(=O)N[C@@H](CCCNC(=N)N)C(=O)N[C@@H](Cc1c[nH]c2ccccc12)C(=O)NCC(=O)N[C@@H](CCCCN)C(=O)N1CCC[C@H]1C(=O)N[C@H](C(=O)NCC(=O)N[C@@H](CCCCN)C(=O)N[C@@H](CCCCN)C(=O)N[C@@H](CCCCN)C(=O)NCCCCN)C(C)C,DIDCGVRALANKIU-OTEFFYEFSA-N
COCC(O)CN(C(C)=O)c1c(I)c(C(=O)NCC(O)CO)c(I)c(C(=O)NCC(O)CO)c1I,IUNJANQVIJDFTQ-UHFFFAOYSA-N
Nc1c2ccccc2nc2ccccc12,XJGFWWJLMVZSIG-UHFFFAOYSA-N
CC(=O)O[C@H]1CC[C@H]2[C@@H]3CC[C@H]4CC(=O)C=C(C)[C@]4(C)[C@H]3CC[C@]12C,PGAUJQOPTMSERF-QWQRBHLCSA-N
CCCOC(=O)Cn1cc(I)c(=O)c(I)c1,ROSXARVHJNYYDO-UHFFFAOYSA-N
CC(C)CCC[C@@H](C)[C@H]1CC[C@H]2[C@@H]3C[C@@H](CI)C4=C(CC[C@H](O)C4)[C@H]3CC[C@@]21C,QJHZPCLORSPENH-YVJYXHLXSA-N
O=C1OC2(c3ccccc31)c1cc(Br)c(O)c(Br)c1Oc1c2cc(Br)c(O)c1Br,DBZJJPROPLPMSN-UHFFFAOYSA-N
OC(CCN1CCCCC1)(c1ccccc1)c1ccccc1,RQXCLMGKHJWMOA-UHFFFAOYSA-N
CCC(C(=O)O)C1(O)CCCCC1,NIVFTEMPSCMWDE-UHFFFAOYSA-N
O=C(O)CCC(=O)Nc1ccc(S(=O)(=O)Nc2nccs2)cc1,SKVLYVHULOWXTD-UHFFFAOYSA-N
CN1C[C@H](CNC(=O)OCc2ccccc2)C[C@@H]2c3cccc4c3c(cn4C)C[C@H]21,WZHJKEUHNJHDLS-QTGUNEKASA-N
CCC(=O)O[C@]1(C(=O)COC(C)=O)CC[C@H]2[C@@H]3C[C@H](C)C4=CC(=O)C=C[C@]4(C)[C@H]3[C@@H](O)C[C@@]21C,DALKLAYLIPSCQL-YPYQNWSCSA-N
O=C(O)Cc1cc(I)c(Oc2ccc(O)c(I)c2)c(I)c1,UOWZUVNAGUAEQC-UHFFFAOYSA-N
N=C(N)NN=C1C=CC(=NNC(N)=S)C=C1,MLMFUKWWZIZRHX-UHFFFAOYSA-N
ClC=C(Cl)Cl,XSTXAVWGXDQKEL-UHFFFAOYSA-N
CC(C)(C)CC(C)(C)c1ccc(OCCOCC[N+](C)(C)Cc2ccccc2)cc1,SIYLLGKDQZGJHK-UHFFFAOYSA-N
O=C(O)c1ccc(NC(=O)[C@H](Cc2ccc(O)cc2)NC(=O)c2ccccc2)cc1,SPPTWHFVYKCNNK-FQEVSTJZSA-N
CNC(=S)NCO,JLMHZVYLAQPMOZ-UHFFFAOYSA-N
CCN(CC)CCOC(=O)c1cccc(-c2ccccc2)c1O,HLDCSYXMVXILQC-UHFFFAOYSA-N
C[C@@H]1C[C@H]2[C@@H]3C[C@H](F)C4=CC(=O)C(Cl)=C[C@]4(C)[C@@]3(F)[C@@H](O)C[C@]2(C)[C@@]1(O)C(=O)CO,GGXMRPUKBWXVHE-MIHLVHIWSA-N
C[C@]12CC[C@@H]3[C@H]4CCC(=O)C(=O)C4CC[C@H]3[C@@H]1CC[C@@H]2OC(=O)CCC1CCCC1,HTNIWVLUZVMSEC-ZDMUHYFLSA-N
O=C(Nc1ncc([N+](=O)[O-])s1)c1cccs1,ZLOXYEZYWCTXHU-UHFFFAOYSA-N
C[C@]12C[C@H](Cl)[C@@]3(Cl)[C@@H](C[C@H](F)C4=CC(=O)C=C[C@@]43C)[C@@H]1C[C@@H](O)[C@]2(O)C(=O)CO,VTWKPILBIUBMDS-OTJLYDAYSA-N
C=CCN1CC[C@]23c4c5ccc(O)c4O[C@H]2[C@@H](O)C=C[C@H]3[C@H]1C5,UIQMVEYFGZJHCZ-SSTWWWIQSA-N
CCCCOCC(CN1C(=O)NC(=O)C(CC)(c2ccccc2)C1=O)OC(N)=O,QHZQILHUJDRDAI-UHFFFAOYSA-N
O=C(COCC(=O)Nc1c(I)cc(I)c(C(=O)O)c1I)Nc1c(I)cc(I)c(C(=O)O)c1I,FZDZULUFHNDEDJ-UHFFFAOYSA-N
O=c1c(I)cn(CC(O)CO)cc1I,TZADDXVKYWMEHX-UHFFFAOYSA-N
Clc1ccc(C(Cn2ccnc2)OCc2c(Cl)cccc2Cl)c(Cl)c1,MPIPASJGOJYODL-UHFFFAOYSA-N
CNC(=O)c1cccnc1,ZYVXHFWBYUDDBM-UHFFFAOYSA-N
O=[N+]([O-])c1c(Cl)cccc1-c1c[nH]cc1Cl,QJBZDBLBQWFTPZ-UHFFFAOYSA-N
CCCCOC(=O)C(=O)[C@H]1[C@H](C)C[C@H]2[C@@H]3C[C@H](F)C4=CC(=O)C=C[C@]4(C)[C@H]3[C@@H](O)C[C@@]21C,XWTIDFOGTCVGQB-FHIVUSPVSA-N
CC(=O)OCC(=O)[C@H]1[C@H](C)C[C@H]2[C@@H]3C[C@H](F)C4=CC(=O)C=C[C@]4(C)[C@@]3(Cl)[C@@H](O)C[C@@]21C,ARPLCFGLEYFDCN-CDACMRRYSA-N
Cc1c(Br)cc(Br)c(O)c1Br,QKHROXOPRBWBDD-UHFFFAOYSA-N
O/N=C/c1cc[n+](COC[n+]2ccc(/C=N/O)cc2)cc1,HIGRLDNHDGYWQJ-UHFFFAOYSA-P
Cc1ccccc1OCC(O)CO,JWDYCNIAQWPBHD-UHFFFAOYSA-N
O=C(Nc1ccc(Cl)cc1)c1cc(Br)ccc1O,QBSGXIBYUQJHMJ-UHFFFAOYSA-N
CSCC[C@H](NC(=O)[C@H](Cc1c[nH]c2ccccc12)NC(=O)CCNC(=O)OC(C)(C)C)C(=O)N[C@@H](CC(=O)O)C(=O)N[C@@H](Cc1ccccc1)C(N)=O,NEYNJQRKHLUJRU-DZUOILHNSA-N
O=C(COCCOCCOCC(=O)Nc1c(I)cc(I)c(C(=O)O)c1I)Nc1c(I)cc(I)c(C(=O)O)c1I,JXMIBUGMYLQZGO-UHFFFAOYSA-N
NCCC[C@H](NC(=O)[C@@H]1CCCN1C(=O)[C@@H]1CSSC[C@H](N)C(=O)N[C@@H](Cc2ccc(O)cc2)C(=O)N[C@@H](Cc2ccccc2)C(=O)N[C@@H](CCC(N)=O)C(=O)N[C@@H](CC(N)=O)C(=O)N1)C(=O)NCC(N)=O,MUNMIGOEDGHVLE-LGYYRGKSSA-N
O=C(O)c1ccccc1C(=O)Nc1ccc(S(=O)(=O)Nc2nccs2)cc1,PBMSWVPMRUJMPE-UHFFFAOYSA-N
CC(=O)N(CC(O)CO)c1c(I)c(C(=O)NCCO)c(I)c(C(=O)NCC(O)CO)c1I,UUMLTINZBQPNGF-UHFFFAOYSA-N
C[C@@H]1C[C@H]2[C@@H]3C[C@H](F)C4=CC(=O)C=C[C@]4(C)[C@@]3(F)[C@@H](O)C[C@]2(C)[C@@]1(O)C(=O)COC(=O)C(C)(C)C,JWRMHDSINXPDHB-OJAGFMMFSA-N
C=CC[N@@+]12CC[C@@]34c5ccccc5N5/C=C6/[C@H]7C[C@H]8[C@@]9(CC[N@@+]8(CC=C)C/C7=C/CO)c7ccccc7N(/C=C(/[C@@H](C[C@@H]31)/C(=C\CO)C2)[C@H]54)[C@@H]69,MUQUYTSLDVKIOF-CHJKCJHBSA-N
CN(CCCCCCN(C)C(=O)Oc1ccc[n+](C)c1)C(=O)Oc1ccc[n+](C)c1,AHZBEVXBKNYXPU-UHFFFAOYSA-N
CC(C)(C)C(=O)OCC(=O)[C@H]1CC[C@H]2[C@@H]3CCC4=CC(=O)CC[C@]4(C)[C@H]3CC[C@]12C,VVOIQBFMTVCINR-WWMZEODYSA-N
CC(=O)OCC(=O)[C@@]1(O)[C@H](C)C[C@H]2[C@@H]3C[C@H](F)C4=CC(=O)C=C[C@]4(C)[C@H]3[C@@H](O)C[C@@]21C,HYRKAAMZBDSJFJ-LFDBJOOHSA-N
O=C(NCC(O)CO)c1c(I)c(C(=O)NCC(O)CO)c(I)c(N(CCO)C(=O)CO)c1I,AMDBBAQNWSUWGN-UHFFFAOYSA-N
CC(=O)O[C@H]1C[C@@H]2CC[C@@H]3[C@H](CC[C@@]4(C)[C@H]3C[C@H]([N+]3(C)CCCCC3)[C@@H]4OC(C)=O)[C@@]2(C)C[C@@H]1N1CCCCC1,BGSZAXLLHYERSY-XQIGCQGXSA-N
NC(CCCN1C(=O)NC(c2ccccc2)(c2ccccc2)C1=O)C(=O)O,PAJBBDCZSMDSFL-UHFFFAOYSA-N
CCOCC,RTZKZFJDLAIYFH-UHFFFAOYSA-N
CC1=C(C/C=C(\C)CCC[C@H](C)CCC[C@H](C)CCCC(C)C)C(=O)c2ccccc2C1=O,MBWXNTAXLNYFJB-NKFFZRIASA-N
CCN(CC)CC#CCOC(=O)C(O)(c1ccccc1)C1CCCCC1,XIQVNETUBQGFHX-UHFFFAOYSA-N
N=C(N)NS(=O)(=O)c1ccc(N)cc1,BRBKOPJOKNSWSG-UHFFFAOYSA-N
NC1=NCC2c3ccccc3Cc3ccccc3N12,WHWZLSFABNNENI-UHFFFAOYSA-N
Cc1cccc(C)c1NC(=O)C(C)N,BUJAGSGYPOAWEI-UHFFFAOYSA-N
CCNC(=O)CCC/C=C\C[C@H]1[C@@H](O)C[C@@H](O)[C@@H]1/C=C/[C@@H](O)CCc1ccccc1,AQOKCDNYWBIDND-FTOWTWDKSA-N
O=c1[nH]cnc2c1ncn2[C@H]1CC[C@@H](CO)O1,BXZVVICBKDXVGW-NKWVEPMBSA-N
O=C1CCC(N2C(=O)c3ccccc3C2=O)C(=O)N1,UEJJHQNACJXSKW-UHFFFAOYSA-N
CC(C)Cc1ccc(C(C)C(=O)NO)cc1,BYPIURIATSUHDW-UHFFFAOYSA-N
Cc1ccc(Cl)c(Nc2ccccc2C(=O)O)c1Cl,SBDNJUWAMKYJOX-UHFFFAOYSA-N
CN(C)CC/C=C1/c2ccccc2COc2ccc(CC(=O)O)cc21,JBIMVDZLSHOPLA-LSCVHKIXSA-N
CCN(CC)CCOC(=O)c1ccc(N)cc1,MFDFERRIHVXMIY-UHFFFAOYSA-N
Cc1c(F)c(N2CCNC(C)C2)cc2c1c(=O)c(C(=O)O)cn2C1CC1,AIJTTZAVMXIJGM-UHFFFAOYSA-N
C[C@@H]1CC[C@H]2[C@@H](C)[C@@H](O)O[C@@H]3O[C@]4(C)CC[C@@H]1[C@@]23OO4,BJDCWCLMFKKGEE-CMDXXVQNSA-N
CC(C)OP(=O)(F)OC(C)C,MUCZHBLJLSDCSD-UHFFFAOYSA-N
CC(C)CNCCOC(=O)c1cccc(N)c1,BXMFKNRZTLNAFY-UHFFFAOYSA-N
C[N+](C)(C)CCOC[18F],TYUACEBEGBGGMO-JZRMKITLSA-N
C/C(=C(\CCOC(=O)C(C)C)SS/C(CCOC(=O)C(C)C)=C(/C)N(C=O)Cc1cnc(C)nc1N)N(C=O)Cc1cnc(C)nc1N,CKHJPWQVLKHBIH-ZDSKVHJSSA-N
O=C(Nc1c(Br)cc(Br)cc1CN[C@H]1CC[C@H](O)CC1)c1cccs1,SSLHKNBKUBAHJY-HDJSIYSDSA-N
O=C1C(=O)c2ncccc2-c2cccnc21,VLPADTBFADIFKG-UHFFFAOYSA-N
Fc1ccc(C(c2ccccc2)(c2ccccc2F)n2ccnc2)cc1,QHMWCHQXCUNUAK-UHFFFAOYSA-N
CNC(=O)c1c(I)c(NC(=O)CCCCC(=O)Nc2c(I)c(C(=O)O)c(I)c(C(=O)NC)c2I)c(I)c(C(=O)O)c1I,SMQYOVYWPWASGU-UHFFFAOYSA-N
CN(C)C(=O)C(CC[N@+]1([O-])CC[C@@](O)(c2ccc(Cl)cc2)CC1)(c1ccccc1)c1ccccc1,KXVSBTJVTUVNPM-UKPNQBOSSA-N
O=C(N/N=C/C=C/c1ccc([N+](=O)[O-])o1)c1ccc([N+](=O)[O-])s1,IDUMOVRJNBNOTR-BIZLIJPVSA-N
COC(=O)[C@H]1[C@@H](c2ccc([124I])cc2)C[C@H]2CC[C@@H]1N2C,SIIICDNNMDMWCI-SRVHVDJVSA-N
Cc1cccc(N(C)C(=S)Oc2ccc3c(c2)C2CCC3C2)c1,CANCCLAKQQHLNK-UHFFFAOYSA-N
[N-]=[N+]=NCC(=O)N[C@H](CO)[C@H](O)c1ccc([N+](=O)[O-])cc1,SGRUZFCHLOFYHZ-MWLCHTKSSA-N
NCC(O)c1cccc(O)c1,LRCXRAABFLIVAI-UHFFFAOYSA-N
CCC(CO[N+](=O)[O-])(CO[N+](=O)[O-])CO[N+](=O)[O-],YZZCJYJBCUJISI-UHFFFAOYSA-N
Nc1ccncc1N,OYTKINVCDFNREN-UHFFFAOYSA-N
Nc1ccc(S(N)(=O)=O)cc1,FDDDEECHVMSUSB-UHFFFAOYSA-N
CC(=O)O[C@H]1CC[C@@]2(C)[C@@H](CC[C@]3(C)[C@@H]2C(=O)C=C2[C@@H]4C[C@@](C)(C(=O)O)CC[C@]4(C)CC[C@]23C)C1(C)C,FTQDJVZNPJRVPG-XWEVEMRCSA-N
II,PNDPGZBMCMUPRI-UHFFFAOYSA-N
CO[C@H]1O[C@H](COS(=O)(=O)O)[C@@H](O[C@@H]2O[C@@H](C(=O)O)[C@@H](O[C@H]3O[C@H](COS(=O)(=O)O)[C@@H](O[C@@H]4O[C@H](C(=O)O)[C@@H](O[C@H]5O[C@H](COS(=O)(=O)O)[C@@H](O)[C@H](O)[C@H]5NS(=O)(=O)O)[C@H](O)[C@H]4O)[C@H](OS(=O)(=O)O)[C@H]3NS(=O)(=O)O)[C@H](O)[C@H]2OS(=O)(=O)O)[C@H](O)[C@H]1NS(=O)(=O)O,KANJSNBRCNMZMV-ABRZTLGGSA-N
CNCC(=O)c1ccc(O)c(O)c1,PZMVOUYYNKPMSI-UHFFFAOYSA-N
CCc1ccc(CCOc2ccc(CC3SC(=O)NC3=O)cc2)nc1,HYAFETHFCAUJAY-UHFFFAOYSA-N
O=C1Nc2ccccc2C1(c1ccc(O)cc1)c1ccc(O)cc1,SJDACOMXKWHBOW-UHFFFAOYSA-N
CC(=O)Oc1c(C)cc(OCC(O)CNC(C)C)c(C)c1C,BQIPXWYNLPYNHW-UHFFFAOYSA-N
COc1ccc(-c2ccc3cc(C(=O)O)ccc3c2)cc1C12CC3CC(CC(C3)C1)C2,LZCDAPDGXCYOEH-UHFFFAOYSA-N
Nc1ncnc2c1ncn2[C@@H]1O[C@H](CO)[C@@H](O)[C@@H]1O,OIRDTQYFTABQOQ-UHTZMRCNSA-N
NCC1(CC(=O)O)CCCCC1,UGJMXCAKCUNAIE-UHFFFAOYSA-N
CN1CC(=O)N2[C@H](Cc3c([nH]c4ccccc34)[C@H]2c2ccc3c(c2)OCO3)C1=O,WOXKDUGGOYFFRN-IIBYNOLFSA-N
CCOC(=O)[C@H](CCc1ccccc1)N[C@H]1CS[C@H](c2cccs2)CN(CC(=O)O)C1=O,FIQOFIRCTOWDOW-BJLQDIEVSA-N
CCOc1cc(CC(=O)N[C@@H](CC(C)C)c2ccccc2N2CCCCC2)ccc1C(=O)O,FAEKWTJYAYMJKF-QHCPKHFHSA-N
CCOC(=O)C1=C(C)NC(C)=C(C(=O)OC)C1c1cccc([N+](=O)[O-])c1,PVHUJELLJLJGLN-UHFFFAOYSA-N
N=C(N)NCC1CCCCCCN1,ZCVAIGPGEINFCX-UHFFFAOYSA-N
Cc1nnc(SCC2=C(C(=O)O)N3C(=O)[C@@H](NC(=O)Cn4cnnn4)[C@H]3SC2)s1,MLYYVTUWGNIJIB-BXKDBHETSA-N
CC(C)C[C@H]1C(=O)N2CCC[C@H]2[C@]2(O)O[C@](NC(=O)[C@@H]3C=C4c5cccc6[nH]c(Br)c(c56)C[C@H]4N(C)C3)(C(C)C)C(=O)N12,OZVBMTJYIDMWIL-AYFBDAFISA-N
CC(C)=CCC/C(C)=C/CC/C(C)=C/CCC(=O)OC/C=C(\C)CCC=C(C)C,ZPACYDRSPFRDHO-ROBAGEODSA-N
OC(c1ccc(Cl)cc1)c1cc2ccccc2o1,KBFBRIPYVVGWRS-UHFFFAOYSA-N
O=c1[nH]c(=O)n([C@H]2C[C@H](O)[C@@H](CO)O2)cc1/C=C/Br,ODZBBRURCPAEIQ-PIXDULNESA-N
CCC(=O)OCC(=O)[C@@]1(OC(=O)CC)[C@@H](C)C[C@H]2[C@@H]3CCC4=CC(=O)C=C[C@]4(C)[C@@]3(Cl)[C@@H](O)C[C@@]21C,KUVIULQEHSCUHY-XYWKZLDCSA-N
CC(=O)NC[C@H]1CN(c2ccc(N3CCOCC3)c(F)c2)C(=O)O1,TYZROVQLWOKYKF-ZDUSSCGKSA-N
COc1ccc2c(c1)C(O)(CCCN(C)C)c1ccccc1S2,LAYVFLWAVIGDLK-UHFFFAOYSA-N
CCCCCCCCCCCCCCCC(=O)OC[C@H](COP(=O)([O-])OCC[N+](C)(C)C)OC(=O)CCCCCCCCCCCCCCC,KILNVBDSWZSGLL-KXQOOQHDSA-N
CCCSc1ccc2[nH]c(NC(=O)OC)nc2c1,HXHWSAZORRCQMX-UHFFFAOYSA-N
Cc1ccc(C(=O)c2cc(O)c(O)c([N+](=O)[O-])c2)cc1,MIQPIUSUKVNLNT-UHFFFAOYSA-N
c1ccc(C(Cc2noc(CCN3CCCCC3)n2)c2ccccc2)cc1,PXZDWASDNFWKSD-UHFFFAOYSA-N
O=[N+]([O-])O[C@H]1CO[C@H]2[C@@H]1OC[C@H]2O[N+](=O)[O-],MOYKHGMNXAOIAT-JGWLITMVSA-N
CC[C@H]1OC(=O)[C@@](C)(F)C(=O)[C@H](C)[C@@H](O[C@@H]2O[C@H](C)C[C@H](N(C)C)[C@H]2O)[C@](C)(OC)C[C@@H](C)C(=O)[C@H](C)[C@H]2N(CCCCn3cc(-c4cccc(N)c4)nn3)C(=O)O[C@]12C,IXXFZUPTQVDPPK-ZAWHAJPISA-N
NS(=O)(=O)c1cc(C(=O)O)c(NCc2ccco2)cc1Cl,ZZUFCTLCJUWOSV-UHFFFAOYSA-N
CO[C@H]1C[C@@H]2CC[C@@H](C)[C@@](O)(O2)C(=O)C(=O)N2CCCC[C@H]2C(=O)O[C@H]([C@H](C)C[C@@H]2CC[C@@H](OCCO)[C@H](OC)C2)CC(=O)[C@H](C)/C=C(\C)[C@@H](O)[C@@H](OC)C(=O)[C@H](C)C[C@H](C)/C=C/C=C/C=C/1C,HKVAMNSJSFKALM-GKUWKFKPSA-N
CC(=O)C(C#N)C(=O)Nc1ccc(C(F)(F)F)cc1,NABQBYDEMLGCEO-UHFFFAOYSA-N
CN(C)C(=O)Oc1cccc([N+](C)(C)C)c1,ALWKGYPQUAPLQC-UHFFFAOYSA-N
C[C@@H](O)[C@H]1C(=O)N2C(C(=O)O)=C(S[C@@H]3CN[C@H](C(=O)Nc4cccc(C(=O)O)c4)C3)[C@H](C)[C@H]12,JUZNIMUFDBIJCM-ANEDZVCMSA-N
CCOC(=O)[C@H](CCc1ccccc1)N[C@@H](C)C(=O)N(CC(=O)O)C1Cc2ccccc2C1,WOUOLAUOZXOLJQ-MBSDFSHPSA-N
CO/N=C(\C(=O)N[C@@H]1C(=O)N2C(C(=O)O)=C(Cn3nnc(C)n3)CS[C@H]12)c1csc(N)n1,XSPUSVIQHBDITA-RKYNPMAHSA-N
CC[C@H]1OC(=O)[C@H](C)[C@@H](O[C@H]2C[C@@](C)(OC)[C@@H](O)[C@H](C)O2)[C@H](C)[C@@H](O[C@@H]2O[C@H](C)C[C@H](N(C)C)[C@H]2O)[C@](C)(O)C[C@@H](C)/C(=N\OCOCCOC)[C@H](C)[C@@H](O)[C@]1(C)O,RXZBMPWDPOLZGW-XMRMVWPWSA-N
O=C(O)COC(=O)Cc1ccccc1Nc1c(Cl)cccc1Cl,MNIPYSSQXLZQLJ-UHFFFAOYSA-N
CC(C)Cc1ccc([C@H](C)C(=O)O)cc1,HEFNNWSXXWATRW-JTQLQIEISA-N
CCCCc1cc2ccccc2c(OCCN(C)C)n1,XNMYNYSCEJBRPZ-UHFFFAOYSA-N
NS(=O)(=O)c1cc(C(=O)O)cc(N2CCCC2)c1Oc1ccccc1,UJEWTUDSLQGTOA-UHFFFAOYSA-N
Cn1c(=O)c2c(ncn2CC2OCCO2)n(C)c1=O,HWXIGFIVGWUZAO-UHFFFAOYSA-N
CCCCCCCC(=O)CC[C@H]1[C@H](O)C[C@H](O)[C@@H]1C/C=C\CCCC(=O)O,TVHAZVBUYQMHBC-SNHXEXRGSA-N
CCN(CC)CCCN(c1ccccc1)C1Cc2ccccc2C1,NZLBHDRPUJLHCE-UHFFFAOYSA-N
Cc1ncc([N+](=O)[O-])n1CC(O)CCl,IPWKIXLWTCNBKN-UHFFFAOYSA-N
Cc1ccc(C(C)C)c(OCC2=NCCN2)c1,QRORCRWSRPKEHR-UHFFFAOYSA-N
Cc1cccc(Nc2ccccc2C(=O)O)c1C,HYYBABOKPJLUIN-UHFFFAOYSA-N
COc1ccc(CC(C)(C)NC[C@H](O)c2cc(O)cc3c2OCC(=O)N3)cc1,COUYJEVMBVSIHV-SFHVURJKSA-N
CC1COc2c(N3CCN(C)CC3)c(F)cc3c(=O)c(C(=O)O)cn1c23,GSDSWSVVBLHKDQ-UHFFFAOYSA-N
OCc1cccnc1,MVQVNTPHUGQQHK-UHFFFAOYSA-N
CCCCC1C(=O)N(c2ccccc2)N(c2ccccc2)C1=O,VYMDGNCVAMGZFE-UHFFFAOYSA-N
COc1ccc2c(O[C@@H]3C[C@H]4C(=O)N[C@]5(C(=O)NS(=O)(=O)C6CC6)C[C@H]5/C=C\CCCCN(C)C(=O)[C@@H]4C3)cc(-c3nc(C(C)C)cs3)nc2c1C,JTZZSQYMACOLNN-VDWJNHBNSA-N
NC(=O)c1cccnc1,DFPAKSUCGFBDDF-UHFFFAOYSA-N
C[C@@H](O)[C@H]1C(=O)N2C(C(=O)O)=C([C@H]3CCCO3)S[C@H]12,HGGAKXAHAYOLDJ-FHZUQPTBSA-N
Cc1ccc(C(=O)C(C)CN2CCCCC2)cc1,FSKFPVLPFLJRQB-UHFFFAOYSA-N
CC(C)c1ccc2oc3nc(N)c(C(=O)O)cc3c(=O)c2c1,SGRYPYWGNKJSDL-UHFFFAOYSA-N
N=C(N)c1ccc(CNC(=O)[C@@H]2CCN2C(=O)[C@H](NCC(=O)O)C2CCCCC2)cc1,DKWNMCUOEDMMIN-PKOBYXMFSA-N
C[C@]12CC[C@H]3[C@@H](CC=C4C[C@@H](O)CC[C@@]43C)[C@@H]1CC=C2c1cccnc1,GZOSMCIZMLWJML-VJLLXTKPSA-N
CCc1cc(/C(C)=N/OCc2ccc(C3CCCCC3)c(C(F)(F)F)c2)ccc1CN1CC(C(=O)O)C1,KIHYPELVXPAIDH-HNSNBQBZSA-N
CCCCOc1cc(C(=O)NCCN(CC)CC)c2ccccc2n1,PUFQVTATUTYEAL-UHFFFAOYSA-N
CC(=O)Nc1nnc(S(N)(=O)=O)s1,BZKPWHYZMXOIDC-UHFFFAOYSA-N
CN1CCN(CC(=O)N2c3ccccc3C(=O)Nc3cccnc32)CC1,RMHMFHUVIITRHF-UHFFFAOYSA-N
NCCCC[C@H](NC(=O)[C@@H]1CCCN1C(=O)[C@@H]1CSSC[C@H](NC(=O)CNC(=O)CNC(=O)CN)C(=O)N[C@@H](Cc2ccc(O)cc2)C(=O)N[C@@H](Cc2ccccc2)C(=O)N[C@@H](CCC(N)=O)C(=O)N[C@@H](CC(N)=O)C(=O)N1)C(=O)NCC(N)=O,BENFXAYNYRLAIU-QSVFAHTRSA-N
COc1ccc(Cl)cc1C(=O)NCCc1ccc(S(=O)(=O)NC(=O)NC2CCCCC2)cc1,ZNNLBTZKUZBEKO-UHFFFAOYSA-N
Cc1cc(=O)c(C(=O)N[C@@H](C(=O)N[C@@H]2C(=O)N3C(C(=O)O)=C(CSc4nnnn4C)CS[C@H]23)c2ccc(O)cc2)c[nH]1,PWAUCHMQEXVFJR-PMAPCBKXSA-N
COc1ccc(-n2nc(C(N)=O)c3c2C(=O)N(c2ccc(N4CCCCC4=O)cc2)CC3)cc1,QNZCBYKSOIHPEH-UHFFFAOYSA-N
NCCCC(=O)O,BTCSSZJGUNDROE-UHFFFAOYSA-N
CC(=O)O[C@H]1C[C@H](O[C@H]2[C@@H](O)C[C@H](O[C@H]3[C@@H](O)C[C@H](O[C@H]4CC[C@]5(C)[C@H]6C[C@@H](O)[C@]7(C)[C@@H](C8=CC(=O)OC8)CC[C@]7(O)[C@@H]6CC[C@@H]5C4)O[C@@H]3C)O[C@@H]2C)O[C@H](C)[C@H]1O,HWKJSYYYURVNQU-DXJNJSHLSA-N
CCC(=O)N(c1ccccc1)C1(C(=O)OC)CCN(CCC(=O)OC)CC1,ZTVQQQVZCWLTDF-UHFFFAOYSA-N
CCC1(C)CC(=O)NC1=O,HAPOVYFOVVWLRS-UHFFFAOYSA-N
Cc1cc(C(=O)NCCc2ccc(S(=O)(=O)NC(=O)NN3CCCCCC3)cc2)no1,ZKUDBRCEOBOWLF-UHFFFAOYSA-N
NC(=O)c1cnccn1,IPEHBUMCGVEMRF-UHFFFAOYSA-N
CCCCCCO[C@@H](C)c1cccc(-c2csc(NC(=O)c3cc(Cl)c(/C=C(\C)C(=O)O)c(Cl)c3)n2)c1OC,NOZIJMHMKORZBA-KJCUYJGMSA-N
CC(C)(C)S(=O)(=O)C[C@@H](Cc1ccccc1)C(=O)N[C@@H](Cc1c[nH]cn1)C(=O)N[C@@H](CC1CCCCC1)[C@@H](O)[C@@H](O)C1CC1,UXIGZRQVLGFTOU-VQXQMPIVSA-N
CCN[C@H]1CN(CCCOC)S(=O)(=O)c2sc(S(N)(=O)=O)cc21,HCRKCZRJWPKOAR-JTQLQIEISA-N
OC(CNCC(O)C1CCc2cc(F)ccc2O1)C1CCc2cc(F)ccc2O1,KOHIRBRYDXPAMZ-UHFFFAOYSA-N
Cc1cccc(C)c1NC(=O)CN1CCN(CCCC(c2ccc(F)cc2)c2ccc(F)cc2)CC1,ZBIAKUMOEKILTF-UHFFFAOYSA-N
CCOC(=O)[C@@H]1CC(=O)O[C@H](C)C/C=C/C=C/[C@H](O)[C@H](C)C[C@H](CC=O)[C@H](O[C@@H]2O[C@H](C)[C@@H](O[C@H]3C[C@@](C)(O)[C@@H](OC(=O)CC)[C@H](C)O3)[C@H](N(C)C)[C@H]2O)[C@H]1OC,NGNBWGMTPDSDCJ-QDFUUMMMSA-N
C[C@@H]1C[C@@H](OC(=O)c2cccnc2)CC(C)(C)C1,GQSGZTBDVNUIQS-DGCLKSJQSA-N
C(=C/c1ccccc1)\CN1CCN(C(c2ccccc2)c2ccccc2)CC1,DERZBLKQOCDDDZ-JLHYYAGUSA-N
CCOC(=O)O[C@]1(C(=O)COC(=O)CC)CC[C@H]2[C@@H]3CCC4=CC(=O)C=C[C@]4(C)[C@H]3[C@@H](O)C[C@@]21C,FNPXMHRZILFCKX-KAJVQRHHSA-N
CC(Cc1cccc(C(F)(F)F)c1)NCCOC(=O)c1ccccc1,CJAVTWRYCDNHSM-UHFFFAOYSA-N
CCOC(=O)COc1ccc2c(=O)cc(-c3ccccc3)oc2c1,ZVXBAHLOGZCFTP-UHFFFAOYSA-N
CNc1ccc(/C=C/c2ccc(OCCOCCOCC[18F])nc2)cc1,YNDIAUKFXKEXSV-CRYLGTRXSA-N
Cc1c(-c2ccccc2)oc2c(C(=O)OCCN3CCCCC3)cccc2c1=O,SPIUTQOUKAMGCX-UHFFFAOYSA-N
Cc1ccccc1N1CCN(CCc2nnc3n2CCCC3)CC1,RFWZESUMWJKKRN-UHFFFAOYSA-N
CC(C)(C)N1CCC(c2ccccc2)(c2ccccc2)CC1,QIHLUZAFSSMXHQ-UHFFFAOYSA-N
CC(=O)Oc1ccc(C2(c3ccc(OC(C)=O)cc3)Oc3ccccc3NC2=O)cc1,ZCBJDQBSLZREAA-UHFFFAOYSA-N
CCC(=O)OCC(=O)[C@@]1(OC(=O)CC)[C@@H](C)C[C@H]2[C@@H]3CCC4=CC(=O)C=C[C@]4(C)[C@@]3(F)[C@@H](O)C[C@@]21C,CIWBQSYVNNPZIQ-XYWKZLDCSA-N
Oc1ccc(CCCCNC[C@H](O)c2ccc(O)c(O)c2)cc1,IIRWWTKISYTTBL-SFHVURJKSA-N
CCn1cc(C(=O)O)c(=O)c2cc(F)c(N3CCNCC3)cc21,OGJPXUAPXNRGGI-UHFFFAOYSA-N
CC(=O)Oc1cccc2c1C(=O)c1c(OC(C)=O)cc(C(=O)O)cc1C2=O,TYNLGDBUJLVSMA-UHFFFAOYSA-N
NC(=O)OC[C@@H]1[C@H](NC(=O)/C(=N\OCC(=O)O)c2csc(N)n2)C(=O)N1S(=O)(=O)O,UIMOJFJSJSIGLV-JNHMLNOCSA-N
O=C1[C@H](CC[C@H](O)c2ccc(F)cc2)[C@@H](c2ccc(O)cc2)N1c1ccc(F)cc1,OLNTVTPDXPETLC-XPWALMASSA-N
CC(C)(C)c1cc(-c2cc(-c3ccc(C(=O)O)cc3)ccc2OCCO)ccc1N1CCCC1,MFBCDACCJCDGBA-UHFFFAOYSA-N
CC(C(=O)O)c1ccc(N2CC=CC2)c(Cl)c1,PIDSZXPFGCURGN-UHFFFAOYSA-N
Nc1nc(=O)[nH]cc1F,XRECTZIEBJDKEO-UHFFFAOYSA-N
CO[C@@]1(NC(=O)CSC(F)F)C(=O)N2C(C(=O)O)=C(CSc3nnnn3CCO)CO[C@@H]21,UHRBTBZOWWGKMK-DOMZBBRYSA-N
CC[C@H](C)[C@@H]1NC(=O)[C@H](Cc2ccc(O)cc2)NC(=O)CCSSC[C@H](C(=O)N2CCC[C@H]2C(=O)N[C@@H](CC(C)C)C(=O)NCC(N)=O)NC(=O)[C@H](CC(N)=O)NC(=O)[C@H](CCC(N)=O)NC1=O,GTYWGUNQAMYZPF-FAJKJHJLSA-N
CN1C(=O)CN=C(C2=CCCCC2)c2cc(Cl)ccc21,IQWYAQCHYZHJOS-UHFFFAOYSA-N
CN1C(=O)CCS(=O)(=O)C1c1ccc(Cl)cc1,WEQAYVWKMWHEJO-UHFFFAOYSA-N
FC(F)OC(F)(F)C(F)Cl,JPGQOUSTVILISH-UHFFFAOYSA-N
CC(=O)Nc1c(I)c(C(=O)O)c(I)c(C(=O)NCCO)c1I,OLAOYPRJVHUHCF-UHFFFAOYSA-N
OCc1ccc(Cl)cc1Cl,DBHODFSFBXJZNY-UHFFFAOYSA-N
CC[N+](CC)(CCNC(=O)C(=O)NCC[N+](CC)(CC)Cc1ccccc1Cl)Cc1ccccc1Cl,OMHBPUNFVFNHJK-UHFFFAOYSA-P
Oc1c(Cl)cc(Cl)c(Cl)c1Cc1c(O)c(Cl)cc(Cl)c1Cl,ACGUYXCXAPNIKK-UHFFFAOYSA-N
CSCC[C@H](NC(=O)[C@H](Cc1c[nH]c2ccccc12)NC(=O)CNC(=O)[C@@H](NC(=O)[C@H](Cc1ccc(OS(=O)(=O)O)cc1)NC(=O)[C@H](CC(=O)O)NC(=O)[C@H](CCC(N)=O)NC(=O)[C@@H]1CCC(=O)N1)[C@@H](C)O)C(=O)N[C@@H](CC(=O)O)C(=O)N[C@@H](Cc1ccccc1)C(N)=O,YRALAIOMGQZKOW-HYAOXDFASA-N
C=C[C@@H]1C[C@]1(NC(=O)[C@@H]1C[C@@H](Oc2ncc(OC)c3ccc(Cl)cc23)CN1C(=O)[C@@H](NC(=O)OC(C)(C)C)C(C)(C)C)C(=O)NS(=O)(=O)C1CC1,XRWSZZJLZRKHHD-WVWIJVSJSA-N
O=C(O)CSCC(=O)NC1CCSC1=O,QGFORSXNKQLDNO-UHFFFAOYSA-N
CC[C@@H](C(N)=O)N1CCCC1=O,HPHUVLMMVZITSG-LURJTMIESA-N
FC(F)OC(Cl)C(F)(F)F,PIWKPBJCKXDKJR-UHFFFAOYSA-N
CSc1ccc(OCc2ncc([N+](=O)[O-])n2C)cc1,MIWWSGDADVMLTG-UHFFFAOYSA-N
O=C(O)c1c(O)c(-c2ccccc2)nc2ccccc12,XAPRFLSJBSXESP-UHFFFAOYSA-N
Cc1cc2c(cc1S(N)(=O)=O)S(=O)(=O)CCC2,FNQQBFNIYODEMB-UHFFFAOYSA-N
Cc1ccc2c(-c3ccccc3)nc(=O)n(C(C)C)c2c1,JTIGKVIOEQASGT-UHFFFAOYSA-N
CC(C)(Oc1ccc(Cl)cc1)C(=O)OCCCOC(=O)C(C)(C)Oc1ccc(Cl)cc1,JLRNKCZRCMIVKA-UHFFFAOYSA-N
COc1cc(C(=O)NS(=O)(=O)c2ccccc2C)ccc1Cc1cn(C)c2ccc(NC(=O)OC3CCCC3)cc12,YEEZWCHGZNKEEK-UHFFFAOYSA-N
CN(C)C(=O)COC(=O)Cc1ccc(OC(=O)c2ccc(NC(=N)N)cc2)cc1,XASIMHXSUQUHLV-UHFFFAOYSA-N
COc1c(O[C@@H]2O[C@H](CO)[C@@H](O)[C@H](O)[C@H]2O)cc2c(c1OC)-c1ccc(SC)c(=O)cc1C(NC(C)=O)CC2,LEQAKWQJCITZNK-MSQQGMGVSA-N
CC1(C)S[C@@H]2[C@H](NC(=O)[C@H](N=[N+]=[N-])c3ccccc3)C(=O)N2[C@H]1C(=O)O,ODFHGIPNGIAMDK-NJBDSQKTSA-N
CC(C)NCC1CCc2cc(CO)c([N+](=O)[O-])cc2N1,XCGYUJZMCCFSRP-UHFFFAOYSA-N
CC(C)=CCC1C(=O)N(c2ccccc2)N(c2ccccc2)C1=O,RBBWCVQDXDFISW-UHFFFAOYSA-N
Nc1ccc(C(=O)NCC(=O)O)cc1,HSMNQINEKMPTIC-UHFFFAOYSA-N
N[C@@H](CCC(=O)N[C@@H](CS)C(=O)NCC(=O)O)C(=O)O,RWSXRVCMGQZWBV-WDSKDSINSA-N
CC(C)Oc1ccc(-c2nc(-c3cccc4c3CC[C@@H]4NCCO)no2)cc1C#N,XRVDGNKRPOAQTN-FQEVSTJZSA-N
CN(C)CCOCCOC(=O)N1c2ccccc2Sc2ccccc21,OOVJCSPCMCAXEX-UHFFFAOYSA-N
CCOc1ccc(C[C@H]2NC(=O)CCSSC[C@@H](C(=O)N3CCC[C@H]3C(=O)N[C@@H](CCCN)C(=O)NCC(N)=O)NC(=O)[C@H](CC(N)=O)NC(=O)[C@H]([C@@H](C)O)NC(=O)[C@H]([C@@H](C)CC)NC2=O)cc1,VWXRQYYUEIYXCZ-OBIMUBPZSA-N
Nc1cccc2c1C(=O)N(C1CCC(=O)NC1=O)C2=O,UVSMNLNDYGZFPF-UHFFFAOYSA-N
CO[C@@H]1[C@@H](O[C@@H]2O[C@H](C)[C@@H](O[C@H]3C[C@@](C)(O)[C@@H](OC(=O)CC(C)C)[C@H](C)O3)[C@H](N(C)C)[C@H]2O)[C@@H](CC=O)C[C@@H](C)[C@@H](O)/C=C/C=C/C[C@@H](C)OC(=O)C[C@H]1OC(C)=O,XJSFLOJWULLJQS-NGVXBBESSA-N
CC(C)/N=c1\cc2n(-c3ccc(Cl)cc3)c3ccccc3nc-2cc1Nc1ccc(Cl)cc1,WDQPAMHFFCXSNU-BGABXYSRSA-N
N=C(N)NCCCC[C@@H]1NC(=O)CCSSC[C@@H](C(N)=O)NC(=O)[C@@H]2CCCN2C(=O)[C@H](Cc2c[nH]c3ccccc23)NC(=O)[C@H](CC(=O)O)NC(=O)CNC1=O,CZKPOZZJODAYPZ-LROMGURASA-N
CC1=C(C(=O)O)N2C(=O)[C@@H](NC(=O)[C@H](N)c3ccc(O)cc3)[C@H]2SC1,BOEGTKLJZSQCCD-UEKVPHQBSA-N
Oc1ccc(O)cc1,QIGBRXMKCJKVMJ-UHFFFAOYSA-N
CC(=O)OCC(=O)[C@@]1(O)[C@@H](C)C[C@H]2[C@@H]3CCC4=CC(=O)C=C[C@]4(C)[C@@]3(F)[C@@H](O)C[C@@]21C,AKUJBENLRBOFTD-QZIXMDIESA-N
NC(=O)Cc1cccc(C(=O)c2ccccc2)c1N,QEFAQIPZVLVERP-UHFFFAOYSA-N
C[C@]12CC[C@H]3[C@@H](C=CC4=CC(=O)CC[C@@]43C)[C@@H]1CC[C@@]21CCC(=O)O1,UJVLDDZCTMKXJK-WNHSNXHDSA-N
CCNC(=O)/C=C(C)/C=C/C=C(C)/C=C/c1c(C)cc(OC)c(C)c1C,IYIYMCASGKQOCZ-DJRRULDNSA-N
CC(=O)[C@H]1CC[C@H]2[C@@H]3C[C@H](C)C4=CC(=O)CC[C@]4(C)[C@H]3[C@@H](O)C[C@]12C,GZENKSODFLBBHQ-ILSZZQPISA-N
CO[C@H]1/C=C/O[C@@]2(C)Oc3c(C)c(O)c4c(O)c(c(/C=N/N5CCN(C6CCCC6)CC5)c(O)c4c3C2=O)NC(=O)/C(C)=C\C=C\[C@H](C)[C@H](O)[C@@H](C)[C@@H](O)[C@@H](C)[C@H](OC(C)=O)[C@@H]1C,WDZCUPBHRAEYDL-GZAUEHORSA-N
Cc1cc(C)c(Nc2ccnc(Nc3ccc(C#N)cc3)n2)c(C)c1,ILAYIAGXTHKHNT-UHFFFAOYSA-N
Cc1cc(N2CCN([C@@H]3CN[C@H](C(=O)N4CCSC4)C3)CC2)n(-c2ccccc2)n1,WGRQANOPCQRCME-PMACEKPBSA-N
CN(C)[C@@H]1C(=O)C(C(=O)NCNCCCC[C@H](N)C(=O)O)C(=O)[C@@]2(O)C(=O)C3C(=O)c4c(O)cccc4[C@@](C)(O)[C@H]3C[C@@H]12,DZTKAWPWXGIREW-UINNQTPFSA-N
C[C@H]1O[C@@H](O[C@H]2[C@@H](O)C[C@H](O[C@H]3CC[C@]4(C)[C@H]5C[C@@H](O)[C@]6(C)[C@@H](C7=CC(=O)OC7)CC[C@]6(O)[C@@H]5CC[C@@H]4C3)O[C@@H]2C)C[C@H](O)[C@@H]1O[C@H]1C[C@H](O)[C@H](O[C@@H]2O[C@H](CO)[C@@H](O)[C@H](O)[C@H]2O)[C@@H](C)O1,OBATZBGFDSVCJD-LALPQLPRSA-N
CNCC(O)c1cc(OC)c(O)c(OC)c1,ZKGDBJAHIIXDDW-UHFFFAOYSA-N
Cc1cnc(C(=O)NCCc2ccc(S(=O)(=O)NC(=O)NC3CCCCC3)cc2)cn1,ZJJXGWJIGJFDTL-UHFFFAOYSA-N
CC(C)[C@@H](C)/C=C/[C@@H](C)[C@H]1CC[C@H]2/C(=C/C=C3\C[C@@H](O)CC[C@@H]3C)CCC[C@@]21C,ILYCWAKSDCYMBB-OPCMSESCSA-N
CN1CCN(c2c(F)cc3c(=O)c(C(=O)O)cn(CCF)c3c2F)CC1,XBJBPGROQZJDOJ-UHFFFAOYSA-N
C=CCN1Cc2ccccc2-c2ccccc2C1,NYGHGTMKALXFIA-UHFFFAOYSA-N
OCCSCCCCCCCCCCSCCO,WRCITXQNXAIKLR-UHFFFAOYSA-N
CCOC(=O)[C@H](CCc1ccccc1)N[C@@H](C)C(=O)N1[C@H](C(=O)O)C[C@@H]2CCC[C@@H]21,HDACQVRGBOVJII-JBDAPHQKSA-N
CC(C)C(=O)Nc1ccc([N+](=O)[O-])c(C(F)(F)F)c1,MKXKFYHWDHIYRV-UHFFFAOYSA-N
CN(C)CCOC(=O)C(c1ccccc1)C1(O)CCCC1,SKYSRIRYMSLOIN-UHFFFAOYSA-N
CCCCC[C@H](O)/C=C/[C@H]1[C@H](O)C[C@@H]2O/C(=C\CCCC(=O)O)C[C@@H]21,KAQKFAOMNZTLHT-OZUDYXHBSA-N
Nc1ccncc1,NUKYPUAOHBNCPY-UHFFFAOYSA-N
CCN1CCN(C(=O)N[C@@H](C(=O)N[C@]2(OC)C(=O)N3C(C(=O)O)=C(CSc4nnnn4C)CS[C@@H]32)[C@H](C)O)C(=O)C1=O,SMSRCGPDNDCXFR-CYWZMYCQSA-N
COP(=O)(OC)C(O)C(Cl)(Cl)Cl,NFACJZMKEDPNKN-UHFFFAOYSA-N
CC1(C)NC(=O)N(c2ccc([N+](=O)[O-])c(C(F)(F)F)c2)C1=O,XWXYUMMDTVBTOU-UHFFFAOYSA-N
CO[C@H]1[C@@H](O)C[C@H](O[C@H]2[C@@H](O)C[C@H](O[C@H]3[C@@H](O)C[C@H](O[C@H]4CC[C@]5(C)[C@H]6C[C@@H](O)[C@]7(C)[C@@H](C8=CC(=O)OC8)CC[C@]7(O)[C@@H]6CC[C@@H]5C4)O[C@@H]3C)O[C@@H]2C)O[C@@H]1C,IYJMSDVSVHDVGT-PEQKVOOWSA-N
COc1cc(F)c(-n2c(=O)[nH]c3csc(C(=O)O)c3c2=O)cc1OCc1c(OC)ccc(F)c1F,BMAAMIIYNNPHAB-UHFFFAOYSA-N
CC(=O)S[C@@H]1CC2=CC(=O)CC[C@]2(C)[C@H]2CC[C@@]3(C)[C@@H](CC[C@@]34CCC(=O)O4)[C@@H]21,LXMSZDCAJNLERA-ZHYRCANASA-N
CC1(C)S[C@@H]2[C@H](NC(=O)[C@H](N)c3ccccc3)C(=O)N2[C@H]1C(=O)OC1OC(=O)c2ccccc21,SOROUYSPFADXSN-SUWVAFIASA-N
CC(=O)N[C@@H](CS)C(=O)O,PWKSKIMOESPYIA-BYPYZUCNSA-N
C[C@H]1CN(c2c(F)c(N)c3c(=O)c(C(=O)O)cn(C4CC4)c3c2F)C[C@@H](C)N1,DZZWHBIBMUVIIW-DTORHVGOSA-N
C[C@@H]1O[C@@H](O[C@@H]2C=C3CC[C@@H]4[C@H](CC[C@]5(C)[C@@H](c6ccc(=O)oc6)CC[C@]45O)[C@@]3(C)CC2)[C@H](O)[C@H](O)[C@H]1O,MYEJFUXQJGHEQK-ALRJYLEOSA-N
NC[C@H]1O[C@H](O[C@@H]2[C@@H](N)C[C@@H](N)[C@H](O[C@H]3O[C@H](CO)[C@@H](O)[C@H](N)[C@H]3O)[C@H]2O)[C@H](N)[C@@H](O)[C@@H]1O,SKKLOUVUUNMCJE-FQSMHNGLSA-N
CC(=O)Oc1cc(C(F)(F)F)ccc1C(=O)O,RMWVZGDJPAKBDE-UHFFFAOYSA-N
C[C@]12CC[C@H]3[C@@H](CC[C@H]4NC(=O)C=C[C@]34C)[C@@H]1CC[C@@H]2C(=O)Nc1cc(C(F)(F)F)ccc1C(F)(F)F,JWJOTENAMICLJG-QWBYCMEYSA-N
CC[C@H](C)[C@H](NC(=O)[C@H](Cc1ccc(O)cc1)NC(=O)[C@@H](NC(=O)[C@H](CCCNC(=N)N)NC(=O)[C@@H](N)CC(=O)O)C(C)C)C(=O)N[C@@H](Cc1cnc[nH]1)C(=O)N1CCC[C@H]1C(=O)N[C@@H](Cc1ccccc1)C(=O)O,CZGUSIXMZVURDU-JZXHSEFVSA-N
CCOC(=O)[C@H](CCc1ccccc1)N[C@@H](C)C(=O)N1CCC[C@H]1C(=O)O,GBXSMTUPTTWBMN-XIRDDKMYSA-N
COc1ccc2c(=O)c3ccccc3oc2c1CN1CCCCC1,PYSOHOOUXFWCFF-UHFFFAOYSA-N
C[N+](C)(C)CC(=O)O,KWIUHFFTVRNATP-UHFFFAOYSA-O
O=C(Nc1nc(-c2cc(Cl)cs2)c(N2CCN(C3CCCCC3)CC2)s1)c1cnc(N2CCC(C(=O)O)CC2)c(Cl)c1,OFZJKCQENFPZBH-UHFFFAOYSA-N
CCCN1CCCC[C@H]1C(=O)Nc1c(C)cccc1C,ZKMNUMMKYBVTFN-HNNXBMFYSA-N
CCCCNC(=N)NC(=N)N,XSEUMFJMFFMCIU-UHFFFAOYSA-N
C=CC(N)CCC(=O)O,PJDFLNIOAUIZSL-UHFFFAOYSA-N
C[S+](CC[C@H](N)C(=O)[O-])C[C@H]1O[C@@H](n2cnc3c(N)ncnc32)[C@H](O)[C@@H]1O,MEFKEPWMEQBLKI-AIRLBKTGSA-N
O=C(Cn1cnnn1)N[C@@H]1C(=O)N2C(C(=O)O)=C(CSc3nncs3)CS[C@H]12,DZMVCVMFETWNIU-LDYMZIIASA-N
Cc1ccccc1C(=O)Nc1ccc(C(=O)N2CCCC(O)c3cc(Cl)ccc32)c(C)c1,GYHCTFXIZSNGJT-UHFFFAOYSA-N
OC[C@@H](O)CN1CCN(c2ccccc2)CC1,PTVWPYVOOKLBCG-ZDUSSCGKSA-N
CC1(C)C(C=C(Cl)Cl)C1C(=O)OC(C#N)c1cccc(Oc2ccccc2)c1,KAATUXNTWXVJKI-UHFFFAOYSA-N
O=C(O)c1cc(-c2ccccc2)nc2ccccc12,YTRMTPPVNRALON-UHFFFAOYSA-N
N#Cc1ccc(C(c2ccc(C#N)cc2)n2cncn2)cc1,HPJKCIUCZWXJDR-UHFFFAOYSA-N
C[C@@H](c1ncncc1F)[C@](O)(Cn1cncn1)c1ccc(F)cc1F,BCEHBSKCWLPMDN-MGPLVRAMSA-N
CN(C)[C@@H]1C(=O)C(C(=O)NCO)C(=O)[C@@]2(O)C(=O)C3C(=O)c4c(O)ccc(Cl)c4[C@@](C)(O)[C@H]3C[C@@H]12,MUESVNGNTIDASG-DOHCOTLASA-N
CS(=O)(=O)Nc1ccc([N+](=O)[O-])cc1Oc1ccccc1,HYWYRSMBCFDLJT-UHFFFAOYSA-N
COc1c(-c2ccc3cc(NS(C)(=O)=O)ccc3c2)cc(-n2ccc(=O)[nH]c2=O)cc1C(C)(C)C,NBRBXGKOEOGLOI-UHFFFAOYSA-N
CC(=O)N[C@@H](CCCNC(=N)N)C(=O)N[C@H]1CSSC[C@@H](C(N)=O)NC(=O)[C@H](Cc2c[nH]c3ccccc23)NC(=O)[C@H](CCCNC(=N)N)NC(=O)[C@@H](Cc2ccccc2)NC(=O)[C@H](Cc2c[nH]cn2)NC(=O)[C@@H](C)NC1=O,HDHDTKMUACZDAA-PHNIDTBTSA-N
O=C1CCc2cc(OCCCCc3nnnn3C3CCCCC3)ccc2N1,RRGUKTPIGVIEKM-UHFFFAOYSA-N
CCCCOc1ccc(CC(=O)NO)cc1,MXJWRABVEGLYDG-UHFFFAOYSA-N
CCn1cc(C(=O)O)c(=O)c2cc(F)c(N3CCNCC3)nc21,IDYZIJYBMGIQMJ-UHFFFAOYSA-N
CCCCOc1ccc(C(=O)CCN2CCCCC2)cc1,BZEWSEKUUPWQDQ-UHFFFAOYSA-N
[2H]C([2H])([2H])Oc1cc2c(cc1OC([2H])([2H])[2H])C1CC(=O)C(CC(C)C)CN1CC2,MKJIEFSOBYUXJB-LIJFRPJRSA-N
CC1CCc2c(N3CCC(O)CC3)c(F)cc3c(=O)c(C(=O)O)cn1c23,JYJTVFIEFKZWCJ-UHFFFAOYSA-N
CC(C(=O)O)c1ccc(C(=O)c2cccs2)cc1,MDKGKXOCJGEUJW-UHFFFAOYSA-N
C=C1/C(=C\C=C2/CCC[C@@]3(C)[C@H]2CC[C@@H]3[C@H](C)/C=C/[C@H](C)C(C)C)C[C@@H](O)C[C@@H]1O,HKXBNHCUPKIYDM-CGMHZMFXSA-N
CC(N)(Cc1ccc(O)c(O)c1)C(=O)O,CJCSPKMFHVPWAR-UHFFFAOYSA-N
CC[C@]12CCCN3CCc4c(n(c5ccccc45)[C@@](O)(C(=O)OC)C1)[C@@H]32,RXPRRQLKFXBCSJ-GIVPXCGWSA-N
C[C@H](NCc1ccc(OCc2cccc(F)c2)cc1)C(N)=O,NEMGRZFTLSKBAP-LBPRGKRZSA-N
CCC1=C(C)CN(C(=O)NCCc2ccc(S(=O)(=O)NC(=O)N[C@H]3CC[C@H](C)CC3)cc2)C1=O,WIGIZIANZCJQQY-RUCARUNLSA-N
CCCC[C@H](NC(=O)[C@H](CO)NC(=O)[C@H](Cc1ccc(O)cc1)NC(=O)[C@H](CO)NC(C)=O)C(=O)N[C@@H](CCC(=O)O)C(=O)N[C@@H](Cc1c[nH]cn1)C(=O)N[C@H](Cc1ccccc1)C(=O)N[C@@H](CCCNC(=N)N)C(=O)N[C@@H](Cc1c[nH]c2ccccc12)C(=O)NCC(=O)N[C@@H](CCCCN)C(=O)N1CCC[C@H]1C(=O)N[C@H](C(N)=O)C(C)C,UAHFGYDRQSXQEB-LEBBXHLNSA-N
CC(C)OC(=O)CCC/C=C\C[C@H]1[C@@H](O)C[C@@H](O)[C@@H]1/C=C/[C@@H](O)COc1cccc(C(F)(F)F)c1,MKPLKVHSHYCHOC-AHTXBMBWSA-N
Cc1ccn(-c2cc(Cl)ccc2[C@@H](Oc2cc(-c3ccc(C[C@H](N)C(=O)O)cc3)nc(N)n2)C(F)(F)F)n1,NCLGDOBQAWBXRA-PGRDOPGGSA-N
CCCCC1=NC2(CCCC2)C(=O)N1Cc1ccc(-c2ccccc2-c2nnn[nH]2)cc1,YOSHYTLCDANDAN-UHFFFAOYSA-N
CN1[C@@H]2CCC(C)(C)[C@H]1C[C@H](OC(=O)C(O)(c1cccs1)c1cccs1)C2,AMHPTVWBZSYFSS-BZUAXINKSA-N
CCCCc1ncc(/C=C(\Cc2cccs2)C(=O)O)n1Cc1ccc(C(=O)O)cc1,OROAFUQRIXKEMV-LDADJPATSA-N
Cc1cccc(C)c1OCC(C)N,VLPIATFUUWWMKC-UHFFFAOYSA-N
Cc1c(O)c(=O)ccn1C,TZXKOCQBRNJULO-UHFFFAOYSA-N
CCN(CCO)CCn1c(Cc2ccccc2)nc2c1c(=O)n(C)c(=O)n2C,VVUYEFBRTFASAH-UHFFFAOYSA-N
CC(C)(C)NCC(O)c1ccccc1Cl,YREYLAVBNPACJM-UHFFFAOYSA-N
O=C(OCCOCCN1CCCCC1)N1c2ccccc2Sc2cccnc21,DTVJXCOMJLLMAK-UHFFFAOYSA-N
C[C@@H](O)[C@H]1C(=O)N2C(C(=O)[O-])=C(SC3Cn4cnc[n+]4C3)[C@H](C)[C@H]12,MRMBZHPJVKCOMA-YJFSRANCSA-N
Cc1ccc(-c2ccc(C)cn2)nc1,PTRATZCAGVBFIQ-UHFFFAOYSA-N
CC(C)CN(C[C@@H](O)[C@H](Cc1ccccc1)NC(=O)O[C@H]1CCOC1)S(=O)(=O)c1ccc(N)cc1,YMARZQAQMVYCKC-OEMFJLHTSA-N
O=C1CN(/N=C/c2ccc([N+](=O)[O-])o2)C(=O)N1CO,UIDWQGRXEVDFCA-XCVCLJGOSA-N
CCN(CC)C(=O)N1CCN(C)CC1,RCKMWOKWVGPNJF-UHFFFAOYSA-N
CC(C)N1CCC(N(C(=O)Cc2ccccc2)c2ccc(Cl)cc2)CC1,XHOJAWVAWFHGHL-UHFFFAOYSA-N
Cc1onc(-c2ccccc2)c1-c1ccc(S(N)(=O)=O)cc1,LNPDTQAFDNKSHK-UHFFFAOYSA-N
Oc1cccc2cccnc12,MCJGNVYPOGVAJF-UHFFFAOYSA-N
CCN(CC)CCCC(C)Nc1c2ccc(Cl)cc2nc2ccc(OC)cc12,GPKJTRJOBQGKQK-UHFFFAOYSA-N
NC[C@H]1O[C@H](O[C@@H]2[C@@H](N)C[C@@H](N)[C@H](O[C@H]3O[C@H](CO)[C@@H](O)[C@H](N)[C@H]3O)[C@H]2O)[C@H](O)[C@@H](O)[C@@H]1O,SBUJHOSQTJFQJX-NOAMYHISSA-N
CN(C(=O)c1c(O)c2ccccc2n(C)c1=O)c1ccccc1,SGOOQMRIPALTEL-UHFFFAOYSA-N
Cc1nc(-c2ccc(OCC(C)C)c(C#N)c2)sc1C(=O)O,BQSJTQLCZDPROO-UHFFFAOYSA-N
CC(=O)NS(=O)(=O)c1ccc(N)cc1,SKIVFJLNDNKQPD-UHFFFAOYSA-N
CCOC(=O)C1(c2ccccc2)CCN(CCC(C#N)(c2ccccc2)c2ccccc2)CC1,HYPPXZBJBPSRLK-UHFFFAOYSA-N
CC(C)(N)Cc1ccccc1,DHHVAGZRUROJKS-UHFFFAOYSA-N
CCCCC[C@H](O)/C=C/[C@H]1[C@H](O)C[C@H](O)[C@@H]1C/C=C\CCCC(=O)O,PXGPLTODNUVGFL-YNNPMVKQSA-N
O=c1cccc2n1C[C@@H]1CNC[C@H]2C1,ANJTVLIZGCUXLD-DTWKUNHWSA-N
CCN(CCO)CCCC(C)Nc1ccnc2cc(Cl)ccc12,XXSMGPRMXLTPCZ-UHFFFAOYSA-N
C=CCN1C[C@H](C(=O)N(CCCN(C)C)C(=O)NCC)C[C@@H]2c3cccc4[nH]cc(c34)C[C@H]21,KORNTPPJEAJQIU-KJXAQDMKSA-N
Cc1cc(O)c(C2CC3CCC2(C)C3(C)C)cc1C,RNRHMQWZFJXKLZ-UHFFFAOYSA-N
CCC1(c2ccc(N)cc2)CCC(=O)NC1=O,ROBVIMPUHSLWNV-UHFFFAOYSA-N
CN[C@@H]1[C@H](O[C@H]2[C@H](O[C@@H]3[C@@H](NC(=N)N)[C@H](O)[C@@H](NC(=N)N)[C@H](O)[C@H]3O)O[C@@H](C)[C@]2(O)CO)O[C@@H](CO)[C@H](O)[C@H]1O,ASXBYYWOLISCLQ-HZYVHMACSA-N
N[C@@H](Cc1ccc(O)c(O)c1)C(=O)O,WTDRDQBEARUVNC-LURJTMIESA-N
CC(C)N1CCN(c2ccc(OC[C@H]3CO[C@](Cn4cncn4)(c4ccc(Cl)cc4Cl)O3)cc2)CC1,BLSQLHNBWJLIBQ-OZXSUGGESA-N
CSc1ccc(C(=O)c2[nH]c(=O)[nH]c2C)cc1,ZJKNESGOIKRXQY-UHFFFAOYSA-N
CC(O)Cn1cnc2c1c(=O)n(C)c(=O)n2C,KYHQZNGJUGFTGR-UHFFFAOYSA-N
COc1ccc(CCO[C@@H]2CCCC[C@H]2N2CC[C@@H](O)C2)cc1OC,VBHQKCBVWWUUKN-KZNAEPCWSA-N
CC1(C)O[C@@H]2CO[C@@]3(COS(N)(=O)=O)OC(C)(C)O[C@H]3[C@@H]2O1,KJADKKWYZYXHBB-XBWDGYHZSA-N
C[C@@H]1C[C@H]2[C@@H]3CCC4=CC(=O)C=C[C@]4(C)[C@@]3(F)[C@@H](O)C[C@]2(C)[C@@]1(O)C(=O)CO,UREBDLICKHMUKA-CXSFZGCWSA-N
NC(=O)N1C(=O)C(C(=O)c2cccs2)c2cc(Cl)ccc21,IGPDWKCUDHIIRL-UHFFFAOYSA-N
COCCOC(=O)C1=C(C)NC(C)=C(C(=O)OC/C=C/c2ccccc2)C1c1cccc([N+](=O)[O-])c1,KJEBULYHNRNJTE-DHZHZOJOSA-N
CC(C)Cn1cnc2c(N)nc3ccccc3c21,DOUYETYNHWVLEO-UHFFFAOYSA-N
FC(F)OC(F)C(F)(F)F,DPYMFVXJLLWWEU-UHFFFAOYSA-N
COc1ccc(C(=O)NCc2cccnc2)cc1C(=O)NCc1cccnc1,KYWCWBXGRWWINE-UHFFFAOYSA-N
CCOc1cc([C@@H](CS(C)(=O)=O)N2C(=O)c3cccc(NC(C)=O)c3C2=O)ccc1OC,IMOZEMNVLZVGJZ-QGZVFWFLSA-N
CCC[C@@H]1CC(=O)N([C@@H](CC)C(N)=O)C1,MSYKRHVOOPPJKU-BDAKNGLRSA-N
N#C/C(=C1/SC[C@@H](c2ccc(Cl)cc2Cl)S1)n1ccnc1,YTAOBBFIOAEMLL-REQDGWNSSA-N
O=C(O)COCCN1CCN(C(c2ccccc2)c2ccc(Cl)cc2)CC1,ZKLPARSLTMPFCP-UHFFFAOYSA-N
CNCCc1ccccn1,UUQMNUMQCIQDMZ-UHFFFAOYSA-N
C=CCc1ccccc1OCC(O)CNC(C)C,PAZJSJFMUHDSTF-UHFFFAOYSA-N
O=C(O)C1=C(CSc2nnnn2CS(=O)(=O)O)CS[C@@H]2[C@H](NC(=O)[C@H](O)c3ccccc3)C(=O)N12,DYAIAHUQIPBDIP-AXAPSJFSSA-N
C[C@H](O)[C@H](O)[C@H]1CNc2nc(N)[nH]c(=O)c2N1,FNKQXYHWGSIFBK-RPDRRWSUSA-N
O=C(O[C@H]1CN2CCC1CC2)N1CCc2ccccc2[C@@H]1c1ccccc1,FBOUYBDGKBSUES-VXKWHMMOSA-N
CC(=O)OCC(=O)[C@@]12OC(C)(C)O[C@@H]1C[C@H]1[C@@H]3C[C@H](F)C4=CC(=O)C=C[C@]4(C)[C@@]3(F)[C@@H](O)C[C@@]12C,WJOHZNCJWYWUJD-IUGZLZTKSA-N
CCCC(=O)c1c(O)cc(OC)c(CC2C(=O)C(C(=O)CCC)C(=O)C(C)(C)C2=O)c1O,PWLGMNLZBXENII-UHFFFAOYSA-N
CCC(=O)O[C@]1(C(=O)SCF)[C@H](C)C[C@H]2[C@@H]3C[C@H](F)C4=CC(=O)C=C[C@]4(C)[C@@]3(F)[C@@H](O)C[C@@]21C,WMWTYOKRWGGJOA-CENSZEJFSA-N
CN(CCCCCCCCCCN(C)C(=O)Oc1cccc([N+](C)(C)C)c1)C(=O)Oc1cccc([N+](C)(C)C)c1,RWZVPVOZTJJMNU-UHFFFAOYSA-N
Nc1ccc(C(=O)O)cc1,ALYNCZNDIQEVRV-UHFFFAOYSA-N
O=C(CCCCC(=O)Nc1c(I)cc(I)c(C(=O)O)c1I)Nc1c(I)cc(I)c(C(=O)O)c1I,FFINMCNLQNTKLU-UHFFFAOYSA-N
CC1CC(OC(=O)C(O)c2ccccc2)CC(C)(C)C1,WZHCOOQXZCIUNC-UHFFFAOYSA-N
CC(C)=CC1C(C(=O)OCc2cccc(Oc3ccccc3)c2)C1(C)C,SBNFWQZLDJGRLK-UHFFFAOYSA-N
COC(=O)C1=C(C)NC(C)=C(C(=O)OC)C1c1ccccc1[N+](=O)[O-],HYIMSNHJOBLJNT-UHFFFAOYSA-N
CCC[C@@H]1C[C@@H](C(=O)N[C@H]([C@@H](C)O)[C@H]2O[C@H](SC)[C@H](O)[C@@H](O)[C@H]2O)N(C)C1,OJMMVQQUTAEWLP-KIDUDLJLSA-N
C#CCN[C@@H]1CCc2ccccc21,RUOKEQAAGRXIBM-GFCCVEGCSA-N
CNC[C@@H]1CC[C@@H](N)[C@@H](O[C@@H]2[C@@H](N)C[C@@H](N)[C@H](O[C@H]3OC[C@](C)(O)[C@H](NC)[C@H]3O)[C@H]2O)O1,DNYGXMICFMACRA-XHEDQWPISA-N
CN1CCC(=C2c3ccccc3CC(=O)c3sccc32)CC1,ZCVMWBYGMWKGHF-UHFFFAOYSA-N
CCCNC(C)C(=O)Nc1c(C)csc1C(=O)OC,QTGIAADRBBLJGA-UHFFFAOYSA-N
Cc1oncc1C(=O)Nc1ccc(C(F)(F)F)cc1,VHOGYURTWQBHIL-UHFFFAOYSA-N
O=C1NC(c2ccccc2)(c2ccccc2)C(=O)N1COP(=O)(O)O,XWLUWCNOOVRFPX-UHFFFAOYSA-N
COc1cc(NC(C)CCCN)c2ncccc2c1,INDBQLZJXZLFIT-UHFFFAOYSA-N
CCN(CC)C(C)CN1c2ccccc2Sc2ccccc21,CDOZDBSBBXSXLB-UHFFFAOYSA-N
OC(CCN1CCCCC1)(c1ccccc1)C1CC2C=CC1C2,YSXKPIUOCJLQIE-UHFFFAOYSA-N
CC[C@H](C)[C@H](N)C1=N[C@H](C(=O)N[C@@H](CC(C)C)C(=O)N[C@H](CCC(=O)O)C(=O)N[C@H](C(=O)N[C@H]2CCCCNC(=O)[C@H](CC(N)=O)NC(=O)[C@@H](CC(=O)O)NC(=O)[C@H](Cc3cnc[nH]3)NC(=O)[C@@H](Cc3ccccc3)NC(=O)[C@H]([C@@H](C)CC)NC(=O)[C@@H](CCCN)NC2=O)[C@@H](C)CC)CS1,CLKOFPXJLQSYAH-ABRJDSQDSA-N
COc1cc(Nc2ncc(F)c(Nc3ccc4c(n3)N(COP(=O)(O)O)C(=O)C(C)(C)O4)n2)cc(OC)c1OC,GKDRMWXFWHEQQT-UHFFFAOYSA-N
CCC(CC)COC(=O)[C@H](C)N[P@](=O)(OC[C@H]1O[C@@](C#N)(c2ccc3c(N)ncnn23)[C@H](O)[C@@H]1O)Oc1ccccc1,RWWYLEGWBNMMLJ-YSOARWBDSA-N
CN1[C@H]2CC[C@@H]1C[C@H](OC(c1ccccc1)c1ccccc1)C2,GIJXKZJWITVLHI-PMOLBWCYSA-N
CCCCCCCCCCC[C@@H](C[C@@H]1OC(=O)[C@H]1CCCCCC)OC(=O)[C@H](CC(C)C)NC=O,AHLBNYSZXLDEJQ-FWEHEUNISA-N
N[C@H](C(=O)O)[C@H](O)c1ccc(O)c(O)c1,QXWYKJLNLSIPIN-JGVFFNPUSA-N
N#Cc1ccc([C@H]2CCc3cncn32)c(F)c1,USUZGMWDZDXMDG-CYBMUJFWSA-N
CO/N=C(\C(=O)N[C@@H]1C(=O)N2C(C(=O)O)=C(COC(N)=O)CS[C@H]12)c1ccco1,JFPVXVDWJQMJEE-IZRZKJBUSA-N
CC(Cc1ccccc1)NCc1ccccc1Cl,LRXXRIXDSAEIOR-UHFFFAOYSA-N
CCCCCCC(=O)OCC(COC(=O)CCCCCC)OC(=O)CCCCCC,PJHKBYALYHRYSK-UHFFFAOYSA-N
C=C[C@]1(C)C[C@@H](OC(=O)CS[C@H]2C[C@@H]3CC[C@H](C2)N3C)[C@]2(C)[C@H](C)CC[C@]3(CCC(=O)[C@H]32)[C@@H](C)[C@@H]1O,STZYTFJPGGDRJD-NHUWBDDWSA-N
C=C1CC[C@H](O)C/C1=C/C=C1\CCC[C@@]2(C)[C@H]1CC[C@@H]2[C@H](C)CCCC(C)C,QYSXJUFSXHHAJI-YRZJJWOYSA-N
CCC(CC)[C@H](NC(C)=O)[C@@H]1[C@H](O)[C@@H](C(=O)O)C[C@H]1NC(=N)N,XRQDFNLINLXZLB-CKIKVBCHSA-N
C[C@H](CS)C(=O)N1CCC[C@H]1C(=O)O,FAKRSMQSSFJEIM-RQJHMYQMSA-N
Oc1ccc(Cl)cc1Cc1cc(Cl)ccc1O,MDNWOSOZYLHTCG-UHFFFAOYSA-N
CC(C)C[C@H](NC(=O)[C@H](CCCCN)NC(=O)CNC(=O)[C@H](CC(C)C)NC(=O)[C@@H](NC(=O)[C@@H]1CCCCCC(=O)N[C@@H](CO)C(=O)N[C@@H](CC(N)=O)C(=O)N[C@@H](CC(C)C)C(=O)N[C@@H](CO)C(=O)N[C@@H]([C@@H](C)O)C(=O)N1)C(C)C)C(=O)N[C@@H](CO)C(=O)N[C@@H](CCC(N)=O)C(=O)N[C@@H](CCC(=O)O)C(=O)N[C@@H](CC(C)C)C(=O)N[C@@H](Cc1c[nH]cn1)C(=O)N[C@@H](CCCCN)C(=O)N[C@@H](CC(C)C)C(=O)N[C@@H](CCC(N)=O)C(=O)N[C@H](C(=O)N[C@@H](Cc1ccc(O)cc1)C(=O)N1CCC[C@H]1C(=O)N[C@@H](CCCNC(=N)N)C(=O)N[C@H](C(=O)N[C@@H](CC(=O)O)C(=O)N[C@H](C(=O)NCC(=O)N[C@@H](C)C(=O)NCC(=O)N[C@H](C(=O)N1CCC[C@H]1C(N)=O)[C@@H](C)O)C(C)C)[C@@H](C)O)[C@@H](C)O,DDPFHDCZUJFNAT-PZPWKVFESA-N
C[C@@H]1CCO[C@H]2Cn3cc(C(=O)NCc4ccc(F)cc4F)c(=O)c(O)c3C(=O)N21,RHWKPHLQXYSBKR-BMIGLBTASA-N
Cc1ccc2c(c1)[C@]13CCCC[C@@H]1[C@H](C2)N(C)CC3,KBEZZLAAKIIPFK-NJAFHUGGSA-N
CO[C@@H]1[C@H](C(=O)O)O[C@@H](O[C@@H]2[C@@H](NC(C)=O)[C@H](OC)O[C@H](CO)[C@@H]2OS(=O)(=O)O)[C@H](O)[C@H]1O,FPJHWYCPAOPVIV-VOZMEZHOSA-N
NC(=O)N1c2ccccc2CC(=O)c2ccccc21,CTRLABGOLIVAIY-UHFFFAOYSA-N
C[C@H](C(=O)O)c1ccc2oc(-c3ccc(F)cc3)nc2c1,ARPYQKTVRGFPIS-VIFPVBQESA-N
CCCCCCCCCCCCCCCCOCCCOP(=O)(O)CO[C@H](CO)Cn1ccc(N)nc1=O,WXJFKKQWPMNTIM-VWLOTQADSA-N
CNC1(c2ccccc2Cl)CCCCC1=O,YQEZLKZALYSWHR-UHFFFAOYSA-N
CCOC(=O)CN1CCN(C(=O)/C=C/c2cc(OC)c(OC)c(OC)c2)CC1,XDUOTWNXVDBCDY-VOTSOKGWSA-N
CCN1CCN(C(=O)N[C@@H](C(=O)N[C@@H]2C(=O)N3[C@@H](C(=O)O)C(C)(C)S[C@H]23)c2ccccc2)C(=O)C1=O,IVBHGBMCVLDMKU-GXNBUGAJSA-N
CCC(=O)[C@@]1(C)[C@H](C)C[C@H]2[C@@H]3CCC4=CC(=O)C=C[C@]4(C)[C@H]3[C@@H](O)C[C@@]21C,QTTRZHGPGKRAFB-OOKHYKNYSA-N
CN1C(CCl)Nc2cc(Cl)c(S(N)(=O)=O)cc2S1(=O)=O,CESYKOGBSMNBPD-UHFFFAOYSA-N
CCCCCCCCCC(=O)N[C@@H](Cc1c[nH]c2ccccc12)C(=O)N[C@@H](CC(N)=O)C(=O)N[C@@H](CC(=O)O)C(=O)N[C@@H]1C(=O)NCC(=O)N[C@@H](CCCN)C(=O)N[C@@H](CC(=O)O)C(=O)N[C@H](C)C(=O)N[C@@H](CC(=O)O)C(=O)NCC(=O)N[C@H](CO)C(=O)N[C@@H]([C@H](C)CC(=O)O)C(=O)N[C@@H](CC(=O)c2ccccc2N)C(=O)O[C@@H]1C,DOAKLVKFURWEDJ-RWDRXURGSA-N
Cc1ccc(C(=O)c2ccc(CC(=O)O)n2C)cc1,UPSPUYADGBWSHF-UHFFFAOYSA-N
CCOP(=O)(OCC)Oc1ccc([N+](=O)[O-])cc1,WYMSBXTXOHUIGT-UHFFFAOYSA-N
C=CCC1=C(C)C(OC(=O)[C@@H]2[C@@H](C=C(C)C)C2(C)C)CC1=O,ZCVAOQKBXKSDMS-AQYZNVCMSA-N
Cc1ccc(C)c(OCCCC(C)(C)C(=O)O)c1,HEMJJKBWTPKOJG-UHFFFAOYSA-N
COCCO[C@H]1[C@@H](O)[C@H](COP(=O)(O)S[C@H]2[C@H](COP(=O)(O)S[C@H]3[C@H](COP(=O)(O)S[C@H]4[C@H](COP(=O)(O)S[C@H]5[C@@H](OCCOC)[C@H](n6cnc7c(=O)[nH]c(N)nc76)O[C@@H]5COP(=O)(O)S[C@H]5C[C@H](n6cc(C)c(N)nc6=O)O[C@@H]5COP(=O)(O)S[C@H]5C[C@H](n6cc(C)c(=O)[nH]c6=O)O[C@@H]5COP(=O)(O)S[C@H]5C[C@H](n6cc(C)c(=O)[nH]c6=O)O[C@@H]5COP(=O)(O)S[C@H]5C[C@H](n6cc(C)c(N)nc6=O)O[C@@H]5COP(=O)(O)S[C@H]5C[C@H](n6cnc7c(=O)[nH]c(N)nc76)O[C@@H]5COP(=O)(O)S[C@H]5C[C@H](n6cc(C)c(=O)[nH]c6=O)O[C@@H]5COP(=O)(O)S[C@H]5C[C@H](n6cc(C)c(N)nc6=O)O[C@@H]5COP(=O)(O)S[C@H]5C[C@H](n6cc(C)c(=O)[nH]c6=O)O[C@@H]5COP(=O)(O)S[C@H]5C[C@H](n6cnc7c(=O)[nH]c(N)nc76)O[C@@H]5COP(=O)(O)S[C@H]5C[C@H](n6cnc7c(N)ncnc76)O[C@@H]5COP(=O)(O)S[C@H]5[C@@H](OCCOC)[C@H](n6cc(C)c(N)nc6=O)O[C@@H]5COP(=O)(O)S[C@H]5[C@@H](OCCOC)[C@H](n6cc(C)c(=O)[nH]c6=O)O[C@@H]5COP(=O)(O)S[C@H]5[C@@H](OCCOC)[C@H](n6cc(C)c(N)nc6=O)O[C@@H]5COP(=O)(O)S[C@H]5[C@@H](OCCOC)[C@H](n6cc(C)c(N)nc6=O)O[C@@H]5COP(=O)(O)S[C@H]5[C@@H](OCCOC)[C@H](n6cnc7c(=O)[nH]c(N)nc76)O[C@@H]5CO)O[C@H](n5cc(C)c(N)nc5=O)[C@H]4OCCOC)O[C@H](n4cnc5c(N)ncnc54)[C@H]3OCCOC)O[C@H](n3cc(C)c(N)nc3=O)[C@H]2OCCOC)O[C@@H]1n1cc(C)c(N)nc1=O,TZRFSLHOCZEXCC-HIVFKXHNSA-N
CC[C@H]1CN2CCC1C[C@@H]2[C@@H](O)c1ccnc2ccc(OC)cc12,LJOQGZACKSYWCH-NBGVHYBESA-N
OC[C@H]1NC[C@H](O)[C@@H](O)[C@H]1O,LXBIFEVIBLOUGU-DPYQTVNSSA-N
Nc1nc(CC(=O)Nc2ccc(CCNC[C@H](O)c3ccccc3)cc2)cs1,PBAPPPCECJKMCM-IBGZPJMESA-N
COC(C(=O)N[C@@H]1C(=O)N2[C@@H](C(=O)O)C(C)(C)S[C@H]12)c1ccc(Cl)c(Cl)c1,JKXQBIZCQJLVOS-GSNLGQFWSA-N
CCCCN1C[C@H](O)[C@@H](O)[C@H](O)[C@H]1CO,UQRORFVVSGFNRO-UTINFBMNSA-N
C[C@H](N)[C@@H](O)c1ccccc1,DLNKOYKMWOXYQA-IONNQARKSA-N
CC(=O)[C@@]1(O)CC[C@H]2[C@@H]3C[C@H](C)C4=CC(=O)C=C[C@]4(C)[C@@]3(F)[C@@H](O)C[C@@]21C,FAOZLTXFLGPHNG-KNAQIMQKSA-N
OC[C@H]1O[C@@H](c2ccc(F)c(Cc3cc4ccccc4s3)c2)[C@H](O)[C@@H](O)[C@@H]1O,AHFWIQIYAXSLBA-RQXATKFSSA-N
C[C@H]1[C@H](NC(=O)/C(=N\OC(C)(C)C(=O)O)c2csc(N)n2)C(=O)N1S(=O)(=O)O,WZPBZJONDBGPKJ-VEHQQRBSSA-N
CC/C(=C(/CC)c1ccc(OP(=O)(O)O)cc1)c1ccc(OP(=O)(O)O)cc1,NLORYLAYLIXTID-ISLYRVAYSA-N
OCCO,LYCAIKOWRPUZTN-UHFFFAOYSA-N
COc1cc2c(cc1OC)C1CC(=O)C(CC(C)C)CN1CC2,MKJIEFSOBYUXJB-UHFFFAOYSA-N
C[C@@H]1OC(=O)C[C@H](O)C[C@H](O)CC[C@@H](O)[C@H](O)C[C@H](O)C[C@]2(O)C[C@H](O)[C@@H](C(=O)O)[C@H](C[C@@H](O[C@@H]3O[C@H](C)[C@@H](O)[C@H](N)[C@@H]3O)/C=C/C=C/C=C/C=C/C=C/C=C/C=C/[C@H](C)[C@@H](O)[C@H]1C)O2,APKFDSVGJQXUKY-INPOYWNPSA-N
NS(=O)(=O)c1cc2c(cc1Cl)NCNS2(=O)=O,JZUFKLXOESDKRF-UHFFFAOYSA-N
COc1cc(C)c2c(Oc3cccc(C(F)(F)F)c3)c(OC)cc(NC(C)CCCN)c2n1,LBHLFPGPEGDCJG-UHFFFAOYSA-N
N[C@@H](Cc1cc(Br)c(O)c(Br)c1)C(=O)O,COESHZUDRKCEPA-ZETCQYMHSA-N
C[C@H]1N=C(N(C)C)N=C(N)N1,GFICWFZTBXUVIG-SCSAIBSYSA-N
CN1CC[C@]23c4c5ccc(OCCN6CCOCC6)c4O[C@H]2[C@@H](O)C=C[C@H]3[C@H]1C5,GPFAJKDEDBRFOS-FKQDBXSBSA-N
Nc1nc2c(ncn2CCC(CO)CO)c(=O)[nH]1,JNTOCHDNEULJHD-UHFFFAOYSA-N
CC(=O)OCC(=O)[C@@]1(O)CC[C@H]2[C@@H]3CCC4=CC(=O)CC[C@]4(C)[C@@]3(F)[C@@H](O)C[C@@]21C,SYWHXTATXSMDSB-GSLJADNHSA-N
CC(C)[C@H](NC(=O)[C@H](CCCNC(=N)N)NC(=O)[C@@H](N)CC(N)=O)C(=O)N[C@@H](Cc1ccc(O)cc1)C(=O)N[C@H](C(=O)N[C@@H](Cc1c[nH]cn1)C(=O)N1CCC[C@H]1C(=O)N[C@@H](Cc1ccccc1)C(=O)O)C(C)C,JYPVVOOBQVVUQV-CGHBYZBKSA-N
CN(C)C(=O)C(CCN1CCC(O)(c2ccc(Cl)cc2)CC1)(c1ccccc1)c1ccccc1,RDOIQAHITMMDAJ-UHFFFAOYSA-N
CC(C)C[C@H](CN)CC(=O)O,AYXYPKUFHZROOJ-ZETCQYMHSA-N
CCCCCCCCCCCCCC(=O)NCCCC[C@H](NC(=O)[C@@H]1CCCN1C(=O)[C@@H](NC(=O)[C@H](Cc1ccc(O)cc1)NC(=O)[C@H](Cc1ccccc1)NC(=O)[C@H](Cc1ccccc1)NC(=O)CNC(=O)[C@H](CCCNC(=N)N)NC(=O)[C@H](CCC(=O)O)NC(=O)CNC(=O)[C@@H]1CSSC[C@@H](C(=O)N[C@@H](CC(N)=O)C(=O)O)NC(=O)[C@H](Cc2ccc(O)cc2)NC(=O)[C@H](CC(N)=O)NC(=O)[C@H](CCC(=O)O)NC(=O)[C@H](CC(C)C)NC(=O)[C@H](CCC(N)=O)NC(=O)[C@H](Cc2ccc(O)cc2)NC(=O)[C@H](CC(C)C)NC(=O)[C@H](CO)NC(=O)[C@@H]2CSSC[C@H](NC(=O)[C@H](CCC(N)=O)NC(=O)[C@H](CCC(=O)O)NC(=O)[C@@H](NC(=O)[C@@H](NC(=O)CN)[C@@H](C)CC)C(C)C)C(=O)N[C@@H](CSSC[C@H](NC(=O)[C@H](CC(C)C)NC(=O)[C@H](Cc3c[nH]cn3)NC(=O)[C@H](CCC(N)=O)NC(=O)[C@H](CC(N)=O)NC(=O)[C@@H](NC(=O)[C@@H](N)Cc3ccccc3)C(C)C)C(=O)NCC(=O)N[C@@H](CO)C(=O)N[C@@H](Cc3c[nH]cn3)C(=O)N[C@@H](CC(C)C)C(=O)N[C@@H](C(C)C)C(=O)N[C@@H](CCC(=O)O)C(=O)N[C@@H](C)C(=O)N[C@@H](CC(C)C)C(=O)N[C@@H](Cc3ccc(O)cc3)C(=O)N[C@@H](CC(C)C)C(=O)N[C@@H](C(C)C)C(=O)N1)C(=O)N[C@@H]([C@@H](C)O)C(=O)N[C@@H](CO)C(=O)N[C@@H]([C@@H](C)CC)C(=O)N2)[C@@H](C)O)C(=O)O,UGOZVNFCFYTPAZ-IOXYNQHNSA-N
COc1ccc(CN(C(=O)[C@@H](N)Cc2c(C)cc(C(N)=O)cc2C)[C@@H](C)c2ncc(-c3ccccc3)[nH]2)cc1C(=O)O,QFNHIDANIVGXPE-FNZWTVRRSA-N
CCCCCCCCCCNCCN[C@@]1(C)C[C@H](O[C@H]2[C@H](Oc3c4cc5cc3Oc3ccc(cc3Cl)[C@@H](O)[C@@H](NC(=O)[C@@H](CC(C)C)NC)C(=O)N[C@@H](CC(N)=O)C(=O)N[C@H]5C(=O)N[C@H]3C(=O)N[C@H](C(=O)N[C@H](C(=O)O)c5cc(O)c(CNCP(=O)(O)O)c(O)c5-c5cc3ccc5O)[C@H](O)c3ccc(c(Cl)c3)O4)O[C@H](CO)[C@@H](O)[C@@H]2O)O[C@@H](C)[C@H]1O,ONUMZHGUFYIKPM-MXNFEBESSA-N
OC(CCN1CCCC1)(c1ccccc1)C1CCCCC1,WYDUSKDSKCASEF-UHFFFAOYSA-N
O=C1c2ccccc2C(=O)C1c1ccc(F)cc1,NASXCEITKQITLD-UHFFFAOYSA-N
C[C@H](O)C(=O)Nc1c(I)c(C(=O)NC(CO)CO)c(I)c(C(=O)NC(CO)CO)c1I,XQZXYNRDCRIARQ-LURJTMIESA-N
N=C(N)N1CCc2ccccc2C1,JWPGJSVJDAJRLW-UHFFFAOYSA-N
CCCN(CCC)S(=O)(=O)c1ccc(C(=O)O)cc1,DBABZHXKTCFAPX-UHFFFAOYSA-N
CNc1ccc(/C=C/c2ccc(OCCOCCOCC[18F])cc2)cc1,NCWZOASIUQVOFA-FWZJPQCDSA-N
C[C@H]1COc2c(N3CCN(C)CC3)c(F)cc3c(=O)c(C(=O)O)cn1c23,GSDSWSVVBLHKDQ-JTQLQIEISA-N
O=C(NCN1CCOCC1)c1cnccn1,GVTLAVKAVSKBKK-UHFFFAOYSA-N
NCCCCCC(=O)O,SLXKOJJOQWFEFD-UHFFFAOYSA-N
NS(=O)(=O)c1cc2c(cc1Cl)NC(C1CC3C=CC1C3)NS2(=O)=O,BOCUKUHCLICSIY-UHFFFAOYSA-N
Clc1ccc(C(Cn2ccnc2)OCc2csc3c(Cl)cccc23)c(Cl)c1,JLGKQTAYUIMGRK-UHFFFAOYSA-N
CCC(=O)N(c1ccccc1)C1(COC)CCN(CCn2nnn(CC)c2=O)CC1,IDBPHNDTYPBSNI-UHFFFAOYSA-N
CC(C)COCC(CN(Cc1ccccc1)c1ccccc1)N1CCCC1,UIEATEWHFDRYRU-UHFFFAOYSA-N
CCS(=O)(=O)CCn1c([N+](=O)[O-])cnc1C,HJLSLZFTEKNLFI-UHFFFAOYSA-N
CC(C)(Oc1ccc(Cl)cc1)C(=O)OCCCOC(=O)c1cccnc1,AYJVGKWCGIYEAK-UHFFFAOYSA-N
CC(=O)c1ccc(S(=O)(=O)NC(=O)NC2CCCCC2)cc1,VGZSUPCWNCWDAN-UHFFFAOYSA-N
C=C[C@@H]1C[C@]1(NC(=O)[C@@H]1C[C@@H](Oc2cc(-c3csc(NC(=O)C(C)C)n3)nc3c(Br)c(OC)ccc23)CN1C(=O)[C@@H](NC(=O)OC1CCCC1)C(C)(C)C)C(=O)O,LLGDPTDZOVKFDU-XUHJSTDZSA-N
Cc1ccc(C(C)C)cc2c(C)ccc1-2,FWKQNCXZGNBPFD-UHFFFAOYSA-N
CCOC(=O)[C@H](CCc1ccccc1)N[C@@H](C)C(=O)N1CC2(C[C@H]1C(=O)O)SCCS2,HRWCVUIFMSZDJS-SZMVWBNQSA-N
Cc1ccc(Cl)c(OCC(O)CNC(C)(C)C)c1,HQIRNZOQPUAHHV-UHFFFAOYSA-N
Nc1nc(-n2cc(C(=O)O)c(=O)c3cc(F)c(N4CC(O)C4)c(Cl)c32)c(F)cc1F,DYDCPNMLZGFQTM-UHFFFAOYSA-N
N[C@]1(C(=O)O)C[C@@H]([18F])C1,NTEDWGYJNHZKQW-DGMDOPGDSA-N
CN(C)CCOCC(=O)NC12CC3CC(CC(C3)C1)C2,UXQDWARBDDDTKG-UHFFFAOYSA-N
O=C1CCCC(=O)C1C(=O)c1ccc(C(F)(F)F)cc1[N+](=O)[O-],OUBCNLGXQFSTLU-UHFFFAOYSA-N
NCCCNCCSP(=O)(O)O,JKOQGQFVAUAYPM-UHFFFAOYSA-N
CN(C)C(=O)Oc1cc(OC(=O)N(C)C)cc(C(O)CNC(C)(C)C)c1,ANZXOIAKUNOVQU-UHFFFAOYSA-N
C[N+](C)(C)C[C@H](O)CC(=O)[O-],PHIQHXFUZVPYII-ZCFIWIBFSA-N
CCCCCCCCCCCCCCCC(=O)N[C@@H](CCC(=O)NCCCC[C@H](NC(=O)[C@H](C)NC(=O)[C@H](C)NC(=O)[C@H](CCC(N)=O)NC(=O)CNC(=O)[C@H](CCC(=O)O)NC(=O)[C@H](CC(C)C)NC(=O)[C@H](Cc1ccc(O)cc1)NC(=O)[C@H](CO)NC(=O)[C@H](CO)NC(=O)[C@@H](NC(=O)[C@H](CC(=O)O)NC(=O)[C@H](CO)NC(=O)[C@@H](NC(=O)[C@H](Cc1ccccc1)NC(=O)[C@@H](NC(=O)CNC(=O)[C@H](CCC(=O)O)NC(=O)[C@H](C)NC(=O)[C@@H](N)Cc1cnc[nH]1)[C@@H](C)O)[C@@H](C)O)C(C)C)C(=O)N[C@@H](CCC(=O)O)C(=O)N[C@@H](Cc1ccccc1)C(=O)N[C@H](C(=O)N[C@@H](C)C(=O)N[C@@H](Cc1c[nH]c2ccccc12)C(=O)N[C@@H](CC(C)C)C(=O)N[C@H](C(=O)N[C@@H](CCCNC(=N)N)C(=O)NCC(=O)N[C@@H](CCCNC(=N)N)C(=O)NCC(=O)O)C(C)C)[C@@H](C)CC)C(=O)O,YSDQQAXHVYUZIW-QCIJIYAXSA-N
OCCN1C[C@H](O)[C@@H](O)[C@H](O)[C@H]1CO,IBAQFPQHRJAVAV-ULAWRXDQSA-N
COC(=O)[C@@H](N)Cc1ccc(O)c(O)c1,XBBDACCLCFWBSI-ZETCQYMHSA-N
C[C@]12C[C@H](O)[C@H]3[C@@H](CCC4=CC(=O)C=C[C@@]43C)[C@@H]1CC[C@]2(O)C(=O)CO,OIGNJSKKLXVSLS-VWUMJDOOSA-N
CC(Cc1ccccc1)NCCCCl,XXVROGAVTTXONC-UHFFFAOYSA-N
CCCCC(F)(F)[C@@]1(O)CC[C@H]2[C@@H](CC(=O)[C@@H]2CCCCCCC(=O)O)O1,WGFOBBZOWHGYQH-MXHNKVEKSA-N
CCOC(=O)[C@H](CCc1ccccc1)N[C@@H](C)C(=O)N1Cc2cc(OC)c(OC)cc2C[C@H]1C(=O)O,UWWDHYUMIORJTA-HSQYWUDLSA-N
NCC[C@H](O)C(=O)N[C@@H]1C[C@H](N)[C@@H](O[C@H]2O[C@H](CN)CC[C@H]2N)[C@H](O)[C@H]1O[C@H]1O[C@H](CO)[C@@H](O)[C@H](N)[C@H]1O,MKKYBZZTJQGVCD-XTCKQBCOSA-N
O=C1c2ccccc2C(=O)C1c1ccccc1,NFBAXHOPROOJAW-UHFFFAOYSA-N
CC(C)NCC(O)COc1cccc2[nH]ccc12,JZQKKSLKJUAGIC-UHFFFAOYSA-N
CO/N=C(\C(=O)N[C@@H]1C(=O)N2C(C(=O)O)=C(COC(C)=O)CS[C@H]12)c1csc(N)n1,GPRBEKHLDVQUJE-QSWIMTSFSA-N
COc1cccc(N2CCN(C3=Nc4c(F)cccc4[C@H](CC(=O)O)N3c3cc(C(F)(F)F)ccc3OC)CC2)c1,FWYSMLBETOMXAG-QHCPKHFHSA-N
CCc1oc2ccccc2c1C(=O)c1cc(I)c(O)c(I)c1,CZCHIEJNWPNBDE-UHFFFAOYSA-N
CCCc1c2oc(C(=O)O)cc(=O)c2cc2c(=O)cc(C(=O)O)n(CC)c12,RQTOOFIXOKYGAN-UHFFFAOYSA-N
Cc1cc2nc3c(=O)[nH]c(=O)nc-3n(C[C@H](O)[C@H](O)[C@H](O)CO)c2cc1C,AUNGANRZJHBGPY-SCRDCRAPSA-N
FC(F)(F)C(F)(F)C(F)(F)C(F)(F)C(F)(F)F,NJCBUSHGCBERSK-UHFFFAOYSA-N
COc1cc2c(cc1Cc1cccc(Cl)c1F)c(=O)c(C(=O)O)cn2[C@H](CO)C(C)C,JUZYLCPPVHEVSV-LJQANCHMSA-N
C=C[C@]1(C)C[C@@H](OC(=O)CS[C@@H]2CC[C@@H](N)C[C@H]2O)[C@]2(C)[C@H](C)CC[C@]3(CCC(=O)[C@H]32)[C@@H](C)[C@@H]1O,KPVIXBKIJXZQJX-FCEONZPQSA-N
OCC(O)CN1CCN(c2ccccc2)CC1,PTVWPYVOOKLBCG-UHFFFAOYSA-N
O=P(O)(O)C(Sc1ccc(Cl)cc1)P(=O)(O)O,DKJJVAGXPKPDRL-UHFFFAOYSA-N
COc1ccc2c(c1)c(CC(=O)NO)c(C)n2C(=O)c1ccc(Cl)cc1,AJRNYCDWNITGHF-UHFFFAOYSA-N
CN[C@H]1C(=O)N[C@@H]2Cc3ccc(cc3)Oc3cc4cc(c3O[C@@H]3O[C@H](C(=O)O)[C@@H](O)[C@H](O)[C@H]3NC(=O)CCCCCCCCC(C)C)Oc3ccc(cc3Cl)[C@@H](O)[C@@H]3NC(=O)[C@H](NC(=O)[C@@H]4NC(=O)[C@@H](NC2=O)c2cc(cc(O)c2Cl)Oc2cc1ccc2O)c1ccc(O)c(c1)-c1c(O[C@H]2O[C@H](CO)[C@@H](O)[C@H](O)[C@@H]2O)cc(O)cc1[C@@H](C(=O)NCCCN(C)C)NC3=O,KGPGQDLTDHGEGT-SZUNQUCBSA-N
CCCC(=O)O[C@]1(C(=O)COC(C)=O)CC[C@H]2[C@@H]3C[C@H](F)C4=CC(=O)C=C[C@]4(C)[C@@]3(F)[C@@H](O)C[C@@]21C,WYQPLTPSGFELIB-JTQPXKBDSA-N
CCCN(CCC)C(=O)C(CCC(=O)O)NC(=O)c1ccccc1,DGMKFQYCZXERLX-UHFFFAOYSA-N
CC(C)(C)OC[C@@H]1C(=O)NCCN1C(=O)C[C@H](N)Cc1cc(F)c(F)cc1F,LCDDAGSJHKEABN-MLGOLLRUSA-N
Cc1c(Cl)c(C)[n+]([O-])c(Cl)c1-c1noc(-c2cc(O)c(O)c([N+](=O)[O-])c2)n1,ASOADIZOVZTJSR-UHFFFAOYSA-N
CC(=O)OCC(=O)[C@@]12OC(C)(C)O[C@@H]1C[C@H]1[C@@H]3CC(C=O)=C4C=C(OCCCl)CC[C@]4(C)[C@@]3(F)[C@@H](O)C[C@@]12C,QNXUUBBKHBYRFW-QWAPGEGQSA-N
COC(=O)OCOc1c2n(ccc1=O)N([C@@H]1c3ccccc3SCc3c1ccc(F)c3F)[C@@H]1COCCN1C2=O,RZVPBGBYGMDSBG-GGAORHGYSA-N
Oc1ccc(C(O)CNCCCCCCNCC(O)c2ccc(O)c(O)c2)cc1O,OXLZNBCNGJWPRV-UHFFFAOYSA-N
N#C[C@@H]1CCCN1C(=O)CNC12CC3CC(CC(O)(C3)C1)C2,SYOKIDBDQMKNDQ-XWTIBIIYSA-N
CC[C@H](C)[C@@H]1NC(=O)[C@H](Cc2ccc(OC)cc2)NC(=O)CCCSC[C@@H](C(=O)N2CCC[C@H]2C(=O)N[C@@H](CC(C)C)C(=O)NCC(N)=O)NC(=O)[C@H](CC(N)=O)NC(=O)[C@H](CCC(N)=O)NC1=O,NSTRIRCPWQHTIA-DTRKZRJBSA-N
CC(=O)OCOC(=O)[C@@H]1N2C(=O)[C@@H](NC(=O)Cc3ccccc3)[C@H]2SC1(C)C,NLOOMWLTUVBWAW-HLLBOEOZSA-N
CCCCCCn1c(=O)c2c(ncn2C)n(C)c1=O,MRWQRJMESRRJJB-UHFFFAOYSA-N
CS(=O)(=O)c1ccc2c(c1)N(CCCN1CCC(C(N)=O)CC1)c1ccccc1S2,BQDBKDMTIJBJLA-UHFFFAOYSA-N
CCOC(=O)c1ncn2c1CN(C)C(=O)c1cc(F)ccc1-2,OFBIFZUFASYYRE-UHFFFAOYSA-N
O=C(CCCl)NCc1ccccc1,JPYQFYIEOUVJDU-UHFFFAOYSA-N
Cc1cn([C@H]2C=C[C@@H](CO)O2)c(=O)[nH]c1=O,XNKLLVCARDGLGL-JGVFFNPUSA-N
CC(C)(C#N)c1cc(Cn2cncn2)cc(C(C)(C)C#N)c1,YBBLVLTVTVSKRW-UHFFFAOYSA-N
Cc1ccnc(NC(=O)C(C)c2cccc(C(=O)c3ccccc3)c2)c1,ASFKKFRSMGBFRO-UHFFFAOYSA-N
CC12CCC(CC1)C(C)(C)O2,WEEGYLXZBRQIMU-UHFFFAOYSA-N
CN1Cc2c(Cl)cc(Cl)cc2[C@H](c2cccc(S(=O)(=O)NCCOCCOCCNC(=O)NCCCCNC(=O)NCCOCCOCCNS(=O)(=O)c3cccc([C@@H]4CN(C)Cc5c(Cl)cc(Cl)cc54)c3)c2)C1,DNHPDWGIXIMXSA-CXNSMIOJSA-N
O=c1[nH]c(=O)n([C@H]2C[C@H](O)[C@@H](CO)O2)cc1C(F)(F)F,VSQQQLOSPVPRAZ-RRKCRQDMSA-N
Cc1cc(NS(=O)(=O)c2ccc(N)cc2)no1,JLKIGFTWXXRPMT-UHFFFAOYSA-N
Clc1ccc(CSC(Cn2ccnc2)c2ccc(Cl)cc2Cl)cc1,AFNXATANNDIXLG-UHFFFAOYSA-N
CNC(=O)c1nnc(NC(=O)C2CC2)cc1Nc1cccc(-c2ncn(C)n2)c1OC,BZZKEPGENYLQSC-UHFFFAOYSA-N
CCCC1O[C@@H]2C[C@H]3[C@@H]4CCC5=CC(=O)C=C[C@]5(C)[C@H]4[C@@H](O)C[C@]3(C)[C@]2(C(=O)CO)O1,VOVIALXJUBGFJZ-KWVAZRHASA-N
CC[C@H]1OC(=O)[C@H](C)C(=O)[C@H](C)[C@@H](O[C@@H]2O[C@H](C)C[C@H](N(C)C)[C@H]2O)[C@](C)(OC)C[C@@H](C)C(=O)[C@H](C)[C@H]2N(CCCCn3cnc(-c4cccnc4)c3)C(=O)O[C@]12C,LJVAJPDWBABPEJ-PNUFFHFMSA-N
Cc1ccc(Nc2c(F)cccc2Cl)c(CC(=O)O)c1,KHPKQFYUPIUARC-UHFFFAOYSA-N
Cc1onc(-c2ccccc2)c1C(=O)N[C@@H]1C(=O)N2[C@@H](C(=O)O)C(C)(C)S[C@H]12,UWYHMGVUTGAWSP-JKIFEVAISA-N
CC(=O)N[C@H](Cc1ccc2ccccc2c1)C(=O)N[C@H](Cc1ccc(Cl)cc1)C(=O)N[C@H](Cc1cccnc1)C(=O)N[C@@H](CO)C(=O)N[C@@H](Cc1ccc(NC(=O)[C@@H]2CC(=O)NC(=O)N2)cc1)C(=O)N[C@H](Cc1ccc(NC(N)=O)cc1)C(=O)N[C@@H](CC(C)C)C(=O)N[C@@H](CCCCNC(C)C)C(=O)N1CCC[C@H]1C(=O)N[C@H](C)C(N)=O,MEUCPCLKGZSHTA-XYAYPHGZSA-N
CC(C)OC(=O)C(C)(C)Oc1ccc(C(=O)c2ccc(Cl)cc2)cc1,YMTINGFKWWXKFG-UHFFFAOYSA-N
Clc1ccc(CCC(Cn2ccnc2)Sc2c(Cl)cccc2Cl)cc1,SWLMUYACZKCSHZ-UHFFFAOYSA-N
CO[C@H]1/C=C/O[C@@]2(C)Oc3c(C)c(O)c4c(O)c(c(/C=N/N5CCN(C)CC5)c(O)c4c3C2=O)NC(=O)/C(C)=C\C=C\[C@H](C)[C@H](O)[C@@H](C)[C@@H](O)[C@@H](C)[C@H](OC(C)=O)[C@@H]1C,JQXXHWHPUNPDRT-WLSIYKJHSA-N
CCC[C@@H]1C[C@@H](C(=O)N[C@H]([C@H](C)Cl)[C@H]2O[C@H](SC)[C@H](O)[C@@H](O)[C@H]2O)N(C)C1,KDLRVYVGXIQJDK-AWPVFWJPSA-N
NC(=O)c1nc(F)c[nH]c1=O,ZCGNOVWYSGBHAU-UHFFFAOYSA-N
NNC(=O)c1ccncc1,QRXWMOHMRWLFEY-UHFFFAOYSA-N
CCOC(=O)[C@H](CCc1ccccc1)N[C@@H](C)C(=O)N1C(=O)N(C)C[C@H]1C(=O)O,KLZWOWYOHUKJIG-BPUTZDHNSA-N
CCCCC[C@H](O)/C=C/[C@H]1[C@H](O)CC(=O)[C@@H]1CCCCCCC(=O)O,GMVPRGQOIOIIMI-DWKJAMRDSA-N
CC(C)c1nc(CN(C)C(=O)N[C@H](C(=O)N[C@@H](Cc2ccccc2)C[C@H](O)[C@H](Cc2ccccc2)NC(=O)OCc2cncs2)C(C)C)cs1,NCDNCNXCDXHOMX-XGKFQTDJSA-N
CCCCCCOC(=O)CCC(=O)CN,RYQOILLJDKPETL-UHFFFAOYSA-N
O=C(NC[C@H]1CN(c2ccc(N3CCOCC3=O)cc2)C(=O)O1)c1ccc(Cl)s1,KGFYHTZWPPHNLQ-AWEZNQCLSA-N
Clc1ccc(CO/N=C(\Cn2ccnc2)c2ccc(Cl)cc2Cl)c(Cl)c1,QRJJEGAJXVEBNE-HKOYGPOVSA-N
C#CCN(C)Cc1ccccc1,DPWPWRLQFGFJFI-UHFFFAOYSA-N
O=c1oc2cc(O)ccc2s1,SLYPOVJCSQHITR-UHFFFAOYSA-N
[C-]#[O+],UGFAIRIUMAVXCW-UHFFFAOYSA-N
CCCN(CCC)CCc1cccc2c1CC(=O)N2,UHSKFQJFRQCDBE-UHFFFAOYSA-N
N[C@@H](CC(=O)N1CCc2c(nc(C(F)(F)F)nc2C(F)(F)F)C1)CN1CC(F)(F)CCC1=O,ZWPRRQZNBDYKLH-VIFPVBQESA-N
O=C(C[S+]([O-])Cc1ccco1)NC/C=C\COc1cc(CN2CCCCC2)ccn1,KMZQAVXSMUKBPD-DJWKRKHSSA-N
CO[C@H]1O[C@@H]2O[C@@]3(C)CC[C@H]4[C@H](C)CC[C@@H]([C@H]1C)[C@]42OO3,SXYIRMFQILZOAM-HVNFFKDJSA-N
Cc1cn[nH]c1,RIKMMFOAQPJVMX-UHFFFAOYSA-N
Cc1ccc(-c2ncc(Cl)cc2-c2ccc(S(C)(=O)=O)cc2)cn1,MNJVRJDLRVPLFE-UHFFFAOYSA-N
CC(=O)N[C@H](CSSC[C@H](N)C(=O)O)C(=O)N[C@H](C)C(=O)N[C@H](CCCNC(=N)N)C(=O)N[C@H](CCCNC(=N)N)C(=O)N[C@H](CCCNC(=N)N)C(=O)N[C@H](C)C(=O)N[C@H](CCCNC(=N)N)C(N)=O,ANIAZGVDEUQPRI-ZJQCGQFWSA-N
CC1=NN(c2ccccc2)C(=O)C1,QELUYTUMUWHWMC-UHFFFAOYSA-N
OC[C@H]1O[C@](O)(CO)[C@@H](O)[C@@H]1O,RFSUNEUAIZKAJO-ARQDHWQXSA-N
COc1cc(CNC(=O)CCCC/C=C\C(C)C)ccc1O,YKPUWZUDDOIDPM-VURMDHGXSA-N
Cc1nc2c([nH]1)-c1ccccc1N(C(=O)c1ccc(NC(=O)c3ccccc3-c3ccccc3)cc1)CC2,IKENVDNFQMCRTR-UHFFFAOYSA-N
NNc1cc2c(nn1)CCN(C(=O)c1ccccc1)C2,ALAXZYHFVBSJKZ-UHFFFAOYSA-N
CC(C)C[C@@H](NC(=O)[C@@H](Cc1ccccc1)NC(=O)[C@H](N)Cc1ccccc1)C(=O)N[C@H](CCCCN)C(=O)N1CCC(N)(C(=O)O)CC1,FWMNVWWHGCHHJJ-SKKKGAJSSA-N
CO[C@H]1C[C@H](O[C@@H]2[C@@H](C)C(=O)O[C@H](C)[C@H](C)[C@H](O)[C@@H](C)C(=O)[C@]3(CO3)C[C@H](C)[C@H](O[C@@H]3O[C@H](C)C[C@H](N(C)C)[C@H]3O)[C@H]2C)O[C@@H](C)[C@@H]1O,RZPAKFUAFGMUPI-QESOVKLGSA-N
CN(CC(O)CO)C(=O)c1c(I)c(NC(=O)C(CO)CO)c(I)c(C(=O)N(C)CC(O)CO)c1I,YLPBXIKWXNRACS-UHFFFAOYSA-N
Cc1cc(C2CCCCC2)n(O)c(=O)c1,SCKYRAXSEDYPSA-UHFFFAOYSA-N
COc1cccc(-c2c(C)n(Cc3c(F)cccc3C(F)(F)F)c(=O)n(C[C@H](NCCCC(=O)O)c3ccccc3)c2=O)c1F,HEAUOKZIVMZVQL-VWLOTQADSA-N
CN1CCCC(n2nc(Cc3ccc(Cl)cc3)c3ccccc3c2=O)CC1,MBUVEWMHONZEQD-UHFFFAOYSA-N
CC1(C)S[C@@H]2[C@H](NC(=O)[C@H](N)C3=CCC=CC3)C(=O)N2[C@H]1C(=O)O,RPBAFSBGYDKNRG-NJBDSQKTSA-N
CC(C)OC(=O)CCC/C=C\C[C@H]1[C@@H](O)C[C@@H](O)[C@@H]1/C=C/C(F)(F)COc1ccccc1,WSNODXPBBALQOF-VEJSHDCNSA-N
Cc1ccnc(NS(=O)(=O)c2ccc(N)cc2)n1,QPPBRPIAZZHUNT-UHFFFAOYSA-N
C[C@]12COC(=O)C[C@@H]1CC[C@@H]1[C@@H]2CC[C@@]2(C)[C@H]1CC[C@]2(C)O,QSLJIVKCVHQPLV-PEMPUTJUSA-N
CC(C)(C)NC[C@H](O)COc1cccc2c1CCCC2=O,IXHBTMCLRNMKHZ-LBPRGKRZSA-N
Cc1nc(C)c2c(n1)N(Cc1ccc(-c3ccccc3-c3nnn[nH]3)cc1)C(=O)CC2,ADXGNEYLLLSOAR-UHFFFAOYSA-N
COc1ccc2[nH]c([S@@+]([O-])Cc3ncc(C)c(OC)c3C)nc2c1,SUBDBMMJDZJVOS-DEOSSOPVSA-N
CCN(CC)CCOCCOC(=O)C1(c2ccccc2)CCCC1,CFJMRBQWBDQYMK-UHFFFAOYSA-N
CC1(C)O[C@@H]2C[C@H]3[C@@H]4C[C@H](F)C5=CC(=O)CC[C@]5(C)[C@H]4[C@@H](O)C[C@]3(C)[C@]2(C(=O)CO)O1,POPFMWWJOGLOIF-XWCQMRHXSA-N
CCOC(=O)[C@H](CCc1ccccc1)N[C@H]1CCCN2CCC[C@@H](C(=O)O)N2C1=O,HHHKFGXWKKUNCY-FHWLQOOXSA-N
N=C1NCC[C@H]([C@@H]2NC(=O)/C(=C/NC(N)=O)NC(=O)[C@H](CO)NC(=O)[C@H](CO)NC(=O)[C@@H](NC(=O)C[C@@H](N)[C@H](O)CCN)CNC2=O)N1,HPWIIERXAFODPP-GHBBWTPBSA-N
C[C@@H](OC[C@@]1(c2ccccc2)CC[C@]2(CCC(=O)N2)CN1)c1cc(C(F)(F)F)cc(C(F)(F)F)c1,FIVSJYGQAIEMOC-ZGNKEGEESA-N
[C],HZVOZRGWRWCICA-UHFFFAOYSA-N
CC(C)[C@H](N)C(=O)OCC(CO)OCn1cnc2c(=O)[nH]c(N)nc21,WPVFJKSGQUFQAP-GKAPJAKFSA-N
Oc1ccccc1,ISWSIDIOOBJBQZ-UHFFFAOYSA-N
N=C(N)NC(=N)N1CCOCC1,KJHOZAZQWVKILO-UHFFFAOYSA-N
CC(C)[C@@]1(NC(=O)[C@@H]2C[C@@H]3c4cccc5[nH]cc(c45)C[C@H]3N(C)C2)O[C@@]2(O)[C@@H]3CCCN3C(=O)[C@H](Cc3ccccc3)N2C1=O,DEQITUUQPICUMR-HJPBWRTMSA-N
Nc1nc(=O)n([C@H]2C[C@H](O)[C@@H](CO)O2)cc1I,WEVJJMPVVFNAHZ-RRKCRQDMSA-N
c1ccc([C@H]2CN3CCSC3=N2)cc1,HLFSDGLLUJUHTE-SNVBAGLBSA-N
CN1C(=O)CC(c2ccccc2)C1=O,WLWFNJKHKGIJNW-UHFFFAOYSA-N
CCN[C@H]1C[C@H](C)S(=O)(=O)c2sc(S(N)(=O)=O)cc21,IAVUPMFITXYVAF-XPUUQOCRSA-N
CC[C@H](C)C(=O)O[C@H]1C[C@H](O)C=C2C=C[C@H](C)[C@H](CC[C@@H](O)C[C@@H](O)CC(=O)O)[C@H]21,TUZYXOIXSAXUGO-PZAWKZKUSA-N
Clc1cccc(Cl)c1NC1=NCCN1,GJSURZIOUXUGAL-UHFFFAOYSA-N
CN(C)CCCOC1(Cc2ccccc2)CCCCCC1,FYJJXENSONZJRG-UHFFFAOYSA-N
COc1ccc2c(c1)c(CC(=O)OCC(=O)O)c(C)n2C(=O)c1ccc(Cl)cc1,FSQKKOOTNAMONP-UHFFFAOYSA-N
CC/C(=C(\c1ccccc1)c1ccc(OCCN(C)C)cc1)c1ccccc1,NKANXQFJJICGDU-QPLCGJKRSA-N
CC(C)CN(C[C@@H](O)[C@H](Cc1ccccc1)NC(=O)O[C@H]1CO[C@H]2OCC[C@@H]12)S(=O)(=O)c1ccc(N)cc1,CJBJHOAVZSMMDJ-HEXNFIEUSA-N
CCOc1nc2cccc(C(=O)OC(C)OC(=O)OC3CCCCC3)c2n1Cc1ccc(-c2ccccc2-c2nn[nH]n2)cc1,GHOSNRCGJFBJIB-UHFFFAOYSA-N
COC(CN1CCN(CC(O)C(OC)c2ccccc2)CC1)c1ccccc1,VSTNNAYSCJQCQI-UHFFFAOYSA-N
CC1=C(CC(=O)O)c2cc(F)ccc2/C1=C\c1ccc([S+](C)[O-])cc1,MLKXDPUZXIRXEP-MFOYZWKCSA-N
[N]=O,MWUXSHHQAYIFBG-UHFFFAOYSA-N
CCC(=O)C(CCN(C)C)(c1ccccc1)c1ccccc1,WCJFBSYALHQBSK-UHFFFAOYSA-N
CC(CN(C)C)C(C)(O)Cc1ccc(Cl)cc1,KVHHQGIIZCJATJ-UHFFFAOYSA-N
CCOC(=O)OC(C)OC(=O)[C@@H]1N2C(=O)[C@@H](NC(=O)[C@H](N)c3ccccc3)[C@H]2SC1(C)C,PFOLLRNADZZWEX-FFGRCDKISA-N
CCCC(C)(CCO[N+](=O)[O-])O[N+](=O)[O-],SNMKANWYFGWYCK-UHFFFAOYSA-N
CO/N=C(\C(=O)N[C@@H]1C(=O)N2C(C(=O)[O-])=C(C[n+]3cccc4c3CCC4)CS[C@H]12)c1csc(N)n1,DKOQGJHPHLTOJR-WHRDSVKCSA-N
CC(C)NC(=N)NC(=N)Nc1ccc(Cl)cc1,SSOLNOMRVKKSON-UHFFFAOYSA-N
CCO[C@H]1O[C@@H]2O[C@@]3(C)CC[C@H]4[C@H](C)CC[C@@H]([C@H]1C)[C@]42OO3,NLYNIRQVMRLPIQ-XQLAAWPRSA-N
CCN(CC)c1nc(NN)nc(N(CC)CC)n1,IRQOBYXMACIFKD-UHFFFAOYSA-N
CC(C)C[C@H](NC(=O)CNC(=O)[C@H](Cc1ccc(O)cc1)NC(=O)[C@H](CO)NC(=O)[C@H](Cc1c[nH]c2ccccc12)NC(=O)[C@H](Cc1cnc[nH]1)NC(=O)[C@@H]1CCC(=O)N1)C(=O)N[C@@H](CCCNC(=N)N)C(=O)N1CCC[C@H]1C(=O)NCC(N)=O,XLXSAKCOAKORKW-AQJXLSMYSA-N
CN1C(=O)/C(=N\NC(N)=S)c2ccccc21,DLGSOJOOYHWROO-WQLSENKSSA-N
CCn1cc(C(=O)O)c(=O)c2cnc(N3CCCC3)nc21,RCIMBBZXSXFZBV-UHFFFAOYSA-N
COc1cc(C(=O)NC2CCCNC2)cc(OC)c1OC,YSIITVVESCNIPR-UHFFFAOYSA-N
CC(C)c1cccc(C(C)C)c1O,OLBCVFGFOZPWHH-UHFFFAOYSA-N
CC(=O)N[C@@H](CC(=O)N[C@@H](CCC(=O)O)C(=O)O)C(=O)O,GUCKKCMJTSNWCU-BQBZGAKWSA-N
CC(C)(C)NCC(O)COc1cccc2c1C[C@H](O)[C@H](O)C2,VWPOSFSPZNDTMJ-UCWKZMIHSA-N
Nc1ccc(S(=O)(=O)Nc2nccs2)cc1,JNMRHUJNCSQMMB-UHFFFAOYSA-N
CCS(=O)(=O)N1CC(CC#N)(n2cc(-c3ncnc4[nH]ccc34)cn2)C1,XUZMWHLSFXCVMG-UHFFFAOYSA-N
C[C@@H]1O[C@@H](OC[C@H]2O[C@@H](Oc3c(-c4ccc(OCCO)c(OCCO)c4)oc4cc(OCCO)cc(O)c4c3=O)[C@H](O)[C@@H](O)[C@@H]2O)[C@H](O)[C@H](O)[C@H]1O,IYVFNTXFRYQLRP-VVSTWUKXSA-N
CON(C)Cc1ccc(O)c2c1C[C@H]1C[C@H]3[C@H](N(C)C)C(=O)C(C(N)=O)C(=O)[C@@]3(O)C(=O)C1C2=O,PCIMKOZUNSLDGD-RTWWDWJHSA-N
CCOC(=O)n1ccn(C)c1=S,CFOYWRHIYXMDOT-UHFFFAOYSA-N
CCCN(CCc1cccs1)[C@H]1CCc2c(O)cccc2C1,KFQYTPMOWPVWEJ-INIZCTEOSA-N
Cc1[nH]c(=O)c(C#N)cc1-c1ccncc1,PZRHRDRVRGEVNW-UHFFFAOYSA-N
COc1cc(C2Oc3cc([C@H]4Oc5cc(O)cc(O)c5C(=O)[C@@H]4O)ccc3OC2CO)ccc1O,SEBFKMXJBCUCAI-DBMPWETRSA-N
CN[C@H](CC(C)C)C(=O)N[C@H]1C(=O)N[C@@H](CC(N)=O)C(=O)N[C@H]2C(=O)N[C@H]3C(=O)N[C@H](C(=O)N[C@H](C(=O)O)c4cc(O)cc(O)c4-c4cc3ccc4O)[C@H](O)c3ccc(c(Cl)c3)Oc3cc2cc(c3O[C@@H]2O[C@H](CO)[C@@H](O)[C@H](O)[C@H]2O[C@H]2C[C@](C)(N)[C@H](O)[C@H](C)O2)Oc2ccc(cc2Cl)[C@H]1O,MYPYJXKWCTUITO-LYRMYLQWSA-N
O=C(c1ccc(F)cc1)C1CCN(CCn2c(=O)[nH]c3ccccc3c2=O)CC1,FPCCSQOGAWCVBH-UHFFFAOYSA-N
O=C(NC1CCN(CCc2c[nH]c3ccccc23)CC1)c1ccccc1,JXZZEXZZKAWDSP-UHFFFAOYSA-N
CC1(C)S[C@@H]2[C@H](NC(=O)[C@H](N)c3ccccc3)C(=O)N2[C@H]1C(=O)OCOC(=O)[C@@H]1N2C(=O)C[C@H]2S(=O)(=O)C1(C)C,OPYGFNJSCUDTBT-PMLPCWDUSA-N
NNc1nncc2ccccc12,RPTUSVTUFVMDQK-UHFFFAOYSA-N
CC(C)(O)C(Cl)(Cl)Cl,OSASVXMJTNOKOY-UHFFFAOYSA-N
C[C@@H](CO)NC(=O)[C@@H]1C=C2c3cccc4[nH]cc(c34)C[C@H]2N(C)C1,WVVSZNPYNCNODU-XTQGRXLLSA-N
C[C@@H]1C[C@H]2[C@@H]3CCC4=CC(=O)C=C[C@]4(C)[C@@]3(F)[C@@H](O)C[C@]2(C)[C@H]1C(=O)CO,VWVSBHGCDBMOOT-IIEHVVJPSA-N
O=C1CC[C@@](c2ccccc2)(C2CCN(Cc3ccccc3)CC2)C(=O)N1,LQQIVYSCPWCSSD-HSZRJFAPSA-N
CN(Cc1cc(Br)cc(Br)c1N)C1CCCCC1,OJGDCBLYJGHCIH-UHFFFAOYSA-N
Cc1ncc([N+](=O)[O-])n1CCO,VAOCPAMSLUNLGC-UHFFFAOYSA-N
Cc1onc(-c2c(Cl)cccc2Cl)c1C(=O)N[C@@H]1C(=O)N2[C@@H](C(=O)O)C(C)(C)S[C@H]12,YFAGHNZHGGCZAX-JKIFEVAISA-N
C/C=C/C[C@@H](C)[C@@H](O)[C@H]1C(=O)N[C@@H](CC)C(=O)N(C)CC(=O)N(C)[C@@H](CC(C)C)C(=O)N[C@@H](C(C)C)C(=O)N(C)[C@@H](CC(C)C)C(=O)N[C@@H](C)C(=O)N[C@H](C)C(=O)N(C)[C@@H](CC(C)C)C(=O)N(C)[C@@H](CC(C)C)C(=O)N(C)[C@@H](C(C)C)C(=O)N1C,PMATZTZNYRCHOR-CGLBZJNRSA-N
CC[C@H]1OC(=O)[C@H](C)[C@@H](O[C@H]2C[C@@](C)(OC)[C@@H](O)[C@H](C)O2)[C@H](C)[C@@H](O[C@@H]2O[C@H](C)C[C@H](N(C)C)[C@H]2O)[C@](C)(OC)C[C@@H](C)C(=O)[C@H](C)[C@@H](O)[C@]1(C)O,AGOYDEPGAOXOCK-KCBOHYOISA-N
O=C(CCC/C=C\C[C@H]1[C@@H](O)C[C@@H](O)[C@@H]1CC[C@@H](O)CCc1ccccc1)OCCCCO[N+](=O)[O-],LOVMMUBRQUFEAH-UIEAZXIASA-N
CC1=C(C)C(=O)C(C(CCCCCC(=O)O)c2ccccc2)=C(C)C1=O,ZBVKEHDGYSLCCC-UHFFFAOYSA-N
CC(=O)SCC(Cc1ccccc1)C(=O)NCC(=O)OCc1ccccc1,ODUOJXZPIYUATO-UHFFFAOYSA-N
CCCC(=O)O[C@H]1[C@H](C)O[C@@H](O[C@@H]2[C@@H](C)O[C@@H](O[C@@H]3[C@@H](OC)[C@H](O)CC(=O)O[C@H](C)C/C=C/C=C/[C@H](O)[C@H](C)C[C@@H]3CC=O)[C@H](O)[C@H]2N(C)C)C[C@@]1(C)OC(=O)CC,VYWWNRMSAPEJLS-MDWYKHENSA-N
CC(=O)O[C@H]1C[C@H](O[C@H]2[C@@H](O)C[C@H](O[C@H]3[C@@H](O)C[C@H](O[C@H]4CC[C@]5(C)[C@H]6CC[C@]7(C)[C@@H](C8=CC(=O)OC8)CC[C@]7(O)[C@@H]6CC[C@@H]5C4)O[C@@H]3C)O[C@@H]2C)O[C@H](C)[C@H]1O,HPMZBILYSWLILX-UMDUKNJSSA-N
CN(Cc1ccc(C(C)(C)C)cc1)Cc1cccc2ccccc12,ABJKWBDEJIDSJZ-UHFFFAOYSA-N
CC[C@@H]1CN(C(=O)NCC(F)(F)F)C[C@@H]1c1cnc2cnc3[nH]ccc3n12,WYQFJHHDOKWSHR-MNOVXSKESA-N
CCCN1CC(NS(=O)(=O)N(CC)CC)CC2Cc3c(O)cccc3CC21,GDFGTRDCCWFXTG-UHFFFAOYSA-N
Fc1ccc(C(c2ccc(F)cc2)N2CCN(C/C=C/c3ccccc3)CC2)cc1,SMANXXCATUTDDT-QPJJXVBHSA-N
CO[C@@H]1[C@@H](O[C@@H]2O[C@H](C)[C@@H](O[C@H]3C[C@@](C)(O)[C@@H](O)[C@H](C)O3)[C@H](N(C)C)[C@H]2O)[C@@H](CC=O)C[C@@H](C)[C@@H](O[C@H]2CC[C@H](N(C)C)[C@@H](C)O2)/C=C/C=C/C[C@@H](C)OC(=O)C[C@H]1O,ACTOXUHEUCPTEW-CEUOBAOPSA-N
CCN(CC)C(C)C(=O)c1ccccc1,XXEPPPIWZFICOJ-UHFFFAOYSA-N
CCCCCCCCCCCCCCCC(=O)OC[C@@H](NC(=O)C(Cl)Cl)[C@H](O)c1ccc([N+](=O)[O-])cc1,PXKHGMGELZGJQE-ILBGXUMGSA-N
N#Cc1cc(NC(=O)C(=O)O)c(Cl)c(NC(=O)C(=O)O)c1,RVGLGHVJXCETIO-UHFFFAOYSA-N
Cc1ccc(S(=O)(=O)NC(=O)NC2CCCCC2)cc1N,XXYTXQGCRQLRHA-UHFFFAOYSA-N
C=N[C@@H](C(=O)N[C@@H]1C(=O)N2[C@@H](C(=O)O)C(C)(C)S[C@H]12)c1ccccc1,FZECHKJQHUVANE-MCYUEQNJSA-N
CCCCC(CC)COC(=O)C=Cc1ccc(OC)cc1,YBGZDTIWKVFICR-UHFFFAOYSA-N
COc1ccc(CNc2nc(N3CCC[C@H]3CO)ncc2C(=O)NCc2ncccn2)cc1Cl,WEAJZXNPAWBCOA-INIZCTEOSA-N
Cc1ccc(=O)n(-c2ccccc2)c1,ISWRGOKTTBVCFA-UHFFFAOYSA-N
CCCSc1nc(N[C@@H]2C[C@H]2c2ccc(F)c(F)c2)c2nnn([C@@H]3C[C@H](OCCO)[C@@H](O)[C@H]3O)c2n1,OEKWJQXRCDYSHL-FNOIDJSQSA-N
CCCNS(=O)(=O)Nc1ncnc(OCCOc2ncc(Br)cn2)c1-c1ccc(Br)cc1,JGCMEBMXRHSZKX-UHFFFAOYSA-N
CC(=O)c1cc2cccc(OCC(O)CNC(C)C)c2o1,ZPQPDBIHYCBNIG-UHFFFAOYSA-N
C[C@H]1O[C@H](O[C@@H]2[C@@H](CO)O[C@H](O[C@@H]3[C@@H](CO)O[C@@H](O)[C@H](O)[C@H]3O)[C@H](O)[C@H]2O)[C@H](O)[C@@H](O)[C@@H]1N[C@H]1C=C(CO)[C@@H](O)[C@H](O)[C@H]1O,XUFXOAAUWZOOIT-SXARVLRPSA-N
C=C1/C(=C\C=C2/CCC[C@@]3(C)[C@H]2CC[C@@H]3[C@H](C)CCCC(C)(C)O)C[C@@H](O)C[C@@H]1O,GMRQFYUYWCNGIN-NKMMMXOESA-N
Cc1cn([C@H]2O[C@@H](CO)[C@H](O)[C@H]2F)c(=O)[nH]c1=O,GBBJCSTXCAQSSJ-XQXXSGGOSA-N
N=C(NO)N/N=C/c1c(Cl)cccc1Cl,QKIQJNNDIWGVEH-UUILKARUSA-N
c1ccc2[nH]c(-c3cscn3)nc2c1,WJCNZQLZVWNLKY-UHFFFAOYSA-N
N[C@@H](Cc1cc(O)c(O)cc1[18F])C(=O)O,PAXWQORCRCBOCU-RPDRGXCHSA-N
CC(C)(S)[C@@H](N)C(=O)O,VVNCNSJFMMFHPL-VKHMYHEASA-N
O=C(Cc1ccc(-c2ccc(OCCN3CCOCC3)cc2)cn1)NCc1ccccc1,HUNGUWOZPQBXGX-UHFFFAOYSA-N
Cc1cc(C(C)(C)C)cc(C)c1CC1=NCCN1,HUCJFAOMUPXHDK-UHFFFAOYSA-N
O=C(O)CCc1nc(-c2ccccc2)c(-c2ccccc2)o1,OFPXSFXSNFPTHF-UHFFFAOYSA-N
CC[C@H]1[C@H]2C[C@H]3[C@@H]4N(C)c5ccccc5[C@]45C[C@@H](C2[C@H]5OC(=O)CCl)N3[C@@H]1O,LAHDERDHXJFFJU-RVPOWFKMSA-N
NS(=O)(=O)c1cc2c(cc1Cl)N=CNS2(=O)=O,JBMKAUGHUNFTOL-UHFFFAOYSA-N
NC(=O)OC[C@@H](O)c1ccccc1Cl,OLBWFRRUHYQABZ-MRVPVSSYSA-N
CC[C@H](C)[C@H](NC(=O)[C@H](Cc1ccccc1)NC(=O)[C@H](CC(C)C)NC(=O)[C@H](CCCNC(=N)N)NC(=O)[C@@H](NC(=O)[C@H](C)NC(=O)[C@H](CCC(=O)O)NC(=O)[C@H](CCC(=O)O)NC(=O)[C@H](CCC(=O)O)NC(=O)[C@H](CCSC)NC(=O)[C@H](CCC(N)=O)NC(=O)[C@H](CCCCN)NC(=O)[C@H](CO)NC(=O)[C@H](CC(C)C)NC(=O)[C@H](CC(=O)O)NC(=O)[C@H](CO)NC(=O)[C@@H](NC(=O)[C@H](Cc1ccccc1)NC(=O)[C@@H](NC(=O)CNC(=O)[C@H](CCC(=O)O)NC(=O)CNC(=O)[C@@H](N)Cc1cnc[nH]1)[C@@H](C)O)[C@@H](C)O)C(C)C)C(=O)N[C@@H](CCC(=O)O)C(=O)N[C@@H](Cc1c[nH]c2ccccc12)C(=O)N[C@@H](CC(C)C)C(=O)N[C@@H](CCCCN)C(=O)N[C@@H](CC(N)=O)C(=O)NCC(=O)NCC(=O)N1CCC[C@H]1C(=O)N[C@@H](CO)C(=O)N[C@@H](CO)C(=O)NCC(=O)N[C@@H](C)C(=O)N1CCC[C@H]1C(=O)N1CCC[C@H]1C(=O)N1CCC[C@H]1C(=O)N[C@@H](CO)C(N)=O,HTQBXNHDCUEHJF-XWLPCZSASA-N
CCC1(c2ccccc2)C(=O)NCNC1=O,DQMZLTXERSFNPB-UHFFFAOYSA-N
CCN(CC)C(=O)c1cccnc1,NCYVXEGFNDZQCU-UHFFFAOYSA-N
FCOC(C(F)(F)F)C(F)(F)F,DFEYYRMXOJXZRJ-UHFFFAOYSA-N
CCOC(=O)COc1ccc2c(C)c(CCN(CC)CC)c(=O)oc2c1Cl,GYNNRVJJLAVVTQ-UHFFFAOYSA-N
O=c1oc2ccccc2c(O)c1C(CC(O)c1ccc(Cl)cc1)c1ccc(Cl)s1,WRGOVNKNTPWHLZ-UHFFFAOYSA-N
Clc1ccccc1C(c1ccccc1)(c1ccccc1)n1ccnc1,VNFPBHJOKIVQEB-UHFFFAOYSA-N
CCc1ccc(C(=O)C(C)CN2CCCCC2)cc1,SQUNAWUMZGQQJD-UHFFFAOYSA-N
CC(CCN1CCOCC1)OC(=O)C1(c2ccccc2)CCOCC1,RDEOYUSTRWNWLX-UHFFFAOYSA-N
CC(C)(C)C(=O)OCOC(=O)[C@@H]1N2C(=O)[C@@H](NC(=O)[C@H](N)c3ccccc3)[C@H]2SC1(C)C,ZEMIJUDPLILVNQ-ZXFNITATSA-N
Cc1cn([C@@H]2C[C@@H](O)[C@H](CO)O2)c(=O)[nH]c1=O,IQFYYKKMVGJFEH-CSMHCCOUSA-N
CCCCCCCCCC(=O)O[C@H]1CC[C@H]2[C@@H]3CCC4=CC(=O)CC[C@@H]4[C@H]3CC[C@]12C,JKWKMORAXJQQSR-MOPIKTETSA-N
CCCCCCCCCCCCCCCCOP(=O)([O-])OCC[N+](C)(C)C,PQLXHQMOHUQAKB-UHFFFAOYSA-N
CCCCN(CCN(CC)CC)C(=O)c1cccc2ccccc12,WWGZXRYELYWJBD-UHFFFAOYSA-N
O[C@@](Cn1cnnn1)(c1ccc(F)cc1F)C(F)(F)c1ccc(-c2ccc(OCC(F)(F)F)cc2)cn1,IDUYJRXRDSPPRC-NRFANRHFSA-N
CC[C@H](C)[C@H](N)C(=O)N[C@@H](CC(=O)O)C(=O)N[C@@H](CCC(N)=O)C(=O)N[C@@H](CCC(N)=O)C(=O)N[C@H](C(=O)N[C@@H](CC(C)C)C(=O)N[C@@H](CO)C(=O)N[C@@H](CCCNC(=N)N)C(=O)N[C@H](C(=O)N[C@@H](CCCCN)C(=O)N[C@@H](CC(C)C)C(=O)N[C@@H](CCC(=O)O)C(=O)N[C@H](C(=O)N[C@@H](CCCCN)C(=O)N[C@@H](CCCNC(=N)N)C(=O)N[C@@H](CS)C(=O)N[C@@H](CC(C)C)C(=O)O)[C@@H](C)CC)[C@@H](C)CC)C(C)C,BROGCIMRGWLMOO-SJPGHYFNSA-N
CC(C)C[C@H](NC(=O)CNC(=O)[C@H](CCC(N)=O)NC(=O)[C@H](CC(C)C)NC(=O)[C@H](CC(C)C)NC(=O)[C@H](CCCNC(=N)N)NC(=O)[C@H](CCC(N)=O)NC(=O)[C@H](CC(C)C)NC(=O)[C@H](CCCNC(=N)N)NC(=O)[C@H](C)NC(=O)CNC(=O)[C@H](CCC(=O)O)NC(=O)[C@H](CCCNC(=N)N)NC(=O)[C@H](CC(C)C)NC(=O)[C@H](CCCNC(=N)N)NC(=O)[C@H](CO)NC(=O)[C@H](CC(C)C)NC(=O)[C@H](CCC(=O)O)NC(=O)[C@H](CO)NC(=O)[C@@H](NC(=O)[C@H](Cc1ccccc1)NC(=O)[C@@H](NC(=O)CNC(=O)[C@H](CC(=O)O)NC(=O)[C@H](CO)NC(=O)[C@@H](N)Cc1cnc[nH]1)[C@@H](C)O)[C@@H](C)O)C(=O)N[C@H](C(N)=O)C(C)C,OWMZNFCDEHGFEP-NFBCVYDUSA-N
CCOC(=O)[C@H](CCc1ccccc1)N[C@@H](C)C(=O)N1[C@H](C(=O)O)C[C@H]2CCCC[C@@H]21,VXFJYXUZANRPDJ-WTNASJBWSA-N
CN/C(=N\CCSCc1nc[nH]c1C)NC#N,AQIXAKUUQRKLND-UHFFFAOYSA-N
COC(=O)CCc1ccc(OCC(O)CNC(C)C)cc1,AQNDDEOPVVGCPG-UHFFFAOYSA-N
Sc1ncnc2[nH]ncc12,PYAOPMWCFSVFOT-UHFFFAOYSA-N
CCCCC(=O)O[C@]1(C(=O)CO)CC[C@H]2[C@@H]3CCC4=CC(=O)CC[C@]4(C)[C@H]3[C@@H](O)C[C@@]21C,FZCHYNWYXKICIO-FZNHGJLXSA-N
CCCCc1oc2ccc(NS(C)(=O)=O)cc2c1C(=O)c1ccc(OCCCN(CCCC)CCCC)cc1,ZQTNQVWKHCQYLQ-UHFFFAOYSA-N
NC(=O)c1cc[n+](CC2=C(C(=O)[O-])N3C(=O)[C@@H](NC(=O)[C@@H](c4ccccc4)S(=O)(=O)O)[C@H]3SC2)cc1,SYLKGLMBLAAGSC-QLVMHMETSA-N
CN(CCN1CCC(OC(=O)Nc2ccccc2-c2ccccc2)CC1)C(=O)c1ccc(CN2CCC(C(N)=O)CC2)cc1,FYDWDCIFZSGNBU-UHFFFAOYSA-N
CCC1NC(=O)c2cc(S(N)(=O)=O)c(Cl)cc2N1,AGMMTXLNIQSRCG-UHFFFAOYSA-N
Nc1ccn(C[C@@H](CO)OCP(=O)(O)O)c(=O)n1,VWFCHDSQECPREK-LURJTMIESA-N
CC(=O)CCCCn1c(=O)c2c(ncn2C)n(C)c1=O,BYPFEZZEUUWMEJ-UHFFFAOYSA-N
COCCOC(=O)C1=C(C)NC(C)=C(C(=O)OC(C)C)C1c1cccc([N+](=O)[O-])c1,UIAGMCDKSXEBJQ-UHFFFAOYSA-N
CCOC(=O)C(C)(C)Oc1ccc(Cl)cc1,KNHUKKLJHYUCFP-UHFFFAOYSA-N
CCC[N+]12[C@H]3C[C@@]45c6ccccc6N(C)[C@H]4[C@@H]1C[C@@H]([C@H](CC)[C@H]2O)[C@H]3[C@H]5O,UAUHEPXILIZYCU-GSPNQRMKSA-N
Nc1c(Br)cc(Br)cc1CN[C@H]1CC[C@H](O)CC1,JBDGDEWWOUBZPM-XYPYZODXSA-N
Cc1cc(C)nc(NS(=O)(=O)c2ccc(N)cc2)n1,ASWVTGNCAZCNNR-UHFFFAOYSA-N
O=[N+]([O-])c1ccc(O)c2ncccc12,RJIWZDNTCBHXAL-UHFFFAOYSA-N
O=C(NC1CCN(CCCCC2(C(=O)NCC(F)(F)F)c3ccccc3-c3ccccc32)CC1)c1ccccc1-c1ccc(C(F)(F)F)cc1,MBBCVAKAJPKAKM-UHFFFAOYSA-N
CC(C)(C)NCC(O)COc1ccc(NC(=O)NC2CCCCC2)cc1,MXFWWQICDIZSOA-UHFFFAOYSA-N
CCOC(=O)C1=C(C)NC(C)=C(C(=O)OC)C1c1cccc(Cl)c1Cl,RZTAMFZIAATZDJ-UHFFFAOYSA-N
C=C1/C(=C\C=C2/CCC[C@@]3(C)[C@H]2CC[C@@H]3[C@H](C)/C=C/[C@@H](O)C2CC2)C[C@@H](O)C[C@@H]1O,LWQQLNNNIPYSNX-UROSTWAQSA-N
CC1=C(C(=O)O)N2C(=O)[C@@H](NC(=O)[C@H](N)C3=CCC=CC3)[C@H]2SC1,RDLPVSKMFDYCOR-UEKVPHQBSA-N
COc1cc(C(=O)c2ccc(Cl)cc2)cc(OC)c1OCCN1CCOCC1,KVCJCEKJKGLBOK-UHFFFAOYSA-N
COc1cc2c(N)nc(N3CCN(C(=O)OCC(C)(C)O)CC3)nc2c(OC)c1OC,YNZXWQJZEDLQEG-UHFFFAOYSA-N
C[C@@H]1C[C@H]2[C@@H]3C[C@H](F)C4=CC(=O)C=C[C@]4(C)[C@@]3(Cl)[C@@H](O)C[C@]2(C)[C@H]1C(=O)COC(=O)C(C)(C)C,SXYZQZLHAIHKKY-GSTUPEFVSA-N
CCC(NC(C)C)C(O)c1ccc(O)c2[nH]c(=O)ccc12,FKNXQNWAXFXVNW-UHFFFAOYSA-N
[13NH3],QGZKDVFQNNGYKY-BJUDXGSMSA-N
NCc1ccccc1CC(=O)N[C@@H]1C(=O)N2C(C(=O)O)=C(CSc3nnnn3CC(=O)O)CS[C@H]12,SLAYUXIURFNXPG-CRAIPNDOSA-N
CCC[C@@]1(CCc2ccccc2)CC(=O)C([C@H](CC)c2cccc(NS(=O)(=O)c3ccc(C(F)(F)F)cn3)c2)C(=O)O1,MYXACKZCYFKMTE-JETRDCLMSA-N
CCCC1C(=O)N2C(N(C)C)=Nc3ccc(C)cc3N2C1=O,MPHPHYZQRGLTBO-UHFFFAOYSA-N
CCC(=O)O[C@]1(C(=O)CCl)[C@@H](C)C[C@H]2[C@@H]3C[C@H](F)C4=CC(=O)C=C[C@]4(C)[C@@]3(F)[C@@H](O)C[C@@]21C,BDSYKGHYMJNPAB-LICBFIPMSA-N
COc1ccc(OC)c(C(O)CNC(=O)CN)c1,PTKSEFOSCHHMPD-UHFFFAOYSA-N
CCCCCCOC(=O)NC(=N)c1ccc(NCc2nc3cc(C(=O)N(CCC(=O)OCC)c4ccccn4)ccc3n2C)cc1,KSGXQBZTULBEEQ-UHFFFAOYSA-N
COc1ccc(NC(=O)c2ccc(C(=N)N(C)C)cc2)c(C(=O)Nc2ccc(Cl)cn2)c1,XHOLNRLADUSQLD-UHFFFAOYSA-N
COC(=O)[C@@H]1CC2=CC(=O)CC[C@]2(C)[C@@]23O[C@@H]2C[C@@]2(C)[C@@H](CC[C@@]24CCC(=O)O4)[C@H]13,JUKPWJGBANNWMW-VWBFHTRKSA-N
CCC(=O)O[C@]1(C(=O)CCl)[C@@H](C)C[C@H]2[C@@H]3CCC4=CC(=O)C=C[C@]4(C)[C@@]3(F)[C@@H](O)C[C@@]21C,CBGUOGMQLZIXBE-XGQKBEPLSA-N
O=[N+]([O-])c1cn2c(n1)OC[C@@H](OCc1ccc(OC(F)(F)F)cc1)C2,ZLHZLMOSPGACSZ-NSHDSACASA-N
CC(C[N+](C)(C)C)OC(N)=O,NZUPCNDJBJXXRF-UHFFFAOYSA-O
COc1ccccc1Oc1c(NS(=O)(=O)c2ccc(C(C)(C)C)cc2)nc(-c2ncccn2)nc1OCCO,GJPICJJJRGTNOD-UHFFFAOYSA-N
CN(CCOc1ccc(CC2SC(=O)NC2=O)cc1)c1ccccn1,YASAKCUCGLMORW-UHFFFAOYSA-N
O=C(O[C@H]1[C@H](OC(=O)c2cccnc2)[C@@H](OC(=O)c2cccnc2)[C@H](OC(=O)c2cccnc2)[C@@H](OC(=O)c2cccnc2)[C@H]1OC(=O)c1cccnc1)c1cccnc1,MFZCIDXOLLEMOO-GYSGTQPESA-N
CC[C@H](C)[C@H](NC(=O)[C@H](C)NC(=O)[C@@H](NC(=O)[C@H](CCC(N)=O)NC(=O)[C@@H]1CCCN1C(=O)[C@H](Cc1ccccc1)NC(=O)[C@@H](NC(=O)[C@H](Cc1c[nH]cn1)NC(=O)[C@H](Cc1ccccc1)NC(=O)[C@H](CCCCN)NC(=O)[C@H](CC(N)=O)NC(=O)[C@H](Cc1ccccc1)NC(=O)[C@H](CC(=O)O)NC(=O)[C@H](CCC(N)=O)NC(=O)[C@@H](NC(=O)[C@H](Cc1ccc(O)cc1)NC(=O)[C@@H](NC(=O)CNC(=O)[C@H](CC(C)C)NC(=O)[C@H](CCSC)NC(=O)[C@@H]1CSSC[C@H](N)C(=O)NCC(=O)N[C@@H](CC(N)=O)C(=O)N[C@@H](CC(C)C)C(=O)N[C@@H](CO)C(=O)N[C@@H]([C@@H](C)O)C(=O)N1)[C@@H](C)O)[C@@H](C)O)[C@@H](C)O)[C@@H](C)O)C(=O)NCC(=O)N[C@H](C(=O)NCC(=O)N[C@@H](C)C(=O)N1CCC[C@H]1C(N)=O)C(C)C,LDVRMNJZLWXJPL-JKQNMTHDSA-N
CO[C@@]1(NC(=O)C2SC(=C(C(N)=O)C(=O)O)S2)C(=O)N2C(C(=O)O)=C(CSc3nnnn3C)CS[C@@H]21,SRZNHPXWXCNNDU-RHBCBLIFSA-N
CCCC(=O)O[C@]1(C(=O)CCl)[C@H](C)C[C@@H]2[C@@H]3CCC4=CC(=O)C=C[C@]4(C)[C@]3(F)C(=O)C[C@@]21C,FBRAWBYQGRLCEK-RJFLZJKCSA-N
CN(CC(=O)O)C(=N)NP(=O)(O)O,DRBBFCLWYRJSJZ-UHFFFAOYSA-N
CC(=O)OCC(=O)[C@@]1(O)CC[C@H]2[C@@H]3CCC4=CC(=O)C=C[C@]4(C)[C@H]3[C@@H](O)C[C@@]21C,LRJOMUJRLNCICJ-JZYPGELDSA-N
CC[C@H](C)[C@H](NC(=O)[C@H](CC(C)C)NC(=O)[C@H](CO)NC(=O)[C@H](Cc1cnc[nH]1)NC(=O)[C@@H](NC(=O)[C@H](CC(C)C)NC(=O)[C@H](CO)NC(=O)[C@@H](NC(=O)[C@H](Cc1ccc(O)cc1)NC(C)=O)[C@@H](C)O)[C@@H](C)CC)C(=O)N[C@@H](CCC(=O)O)C(=O)N[C@@H](CCC(=O)O)C(=O)N[C@@H](CO)C(=O)N[C@@H](CCC(N)=O)C(=O)N[C@@H](CC(N)=O)C(=O)N[C@@H](CCC(N)=O)C(=O)N[C@@H](CCC(N)=O)C(=O)N[C@@H](CCC(=O)O)C(=O)N[C@@H](CCCCN)C(=O)N[C@@H](CC(N)=O)C(=O)N[C@@H](CCC(=O)O)C(=O)N[C@@H](CCC(N)=O)C(=O)N[C@@H](CCC(=O)O)C(=O)N[C@@H](CC(C)C)C(=O)N[C@@H](CC(C)C)C(=O)N[C@@H](CCC(=O)O)C(=O)N[C@@H](CC(C)C)C(=O)N[C@@H](CC(=O)O)C(=O)N[C@@H](CCCCN)C(=O)N[C@@H](Cc1c[nH]c2ccccc12)C(=O)N[C@@H](C)C(=O)N[C@@H](CO)C(=O)N[C@@H](CC(C)C)C(=O)N[C@@H](Cc1c[nH]c2ccccc12)C(=O)N[C@@H](CC(N)=O)C(=O)N[C@@H](Cc1c[nH]c2ccccc12)C(=O)N[C@@H](Cc1ccccc1)C(N)=O,PEASPLKKXBYDKL-FXEVSJAOSA-N
CC(=O)Oc1cc(C(C)C)c(OCCN(C)C)cc1C,VRYMTAVOXVTQEF-UHFFFAOYSA-N
COc1ccc2cc([C@H](C)C(=O)O)ccc2c1,CMWTZPSULFXXJA-VIFPVBQESA-N
OC[C@H]1O[C@H](O)[C@H](O)[C@@H](O)[C@H]1O,WQZGKKKJIJFFOK-PHYPRBDBSA-N
CCCCC(CC)CN1CN(CC(CC)CCCC)CC(C)(N)C1,DTOUUUZOYKYHEP-UHFFFAOYSA-N
CCOC(=O)c1cncn1[C@H](C)c1ccccc1,NPUKDXXFDDZOKR-LLVKDONJSA-N
CCCc1nn(C)c2c(=O)[nH]c(-c3cc(S(=O)(=O)N4CCN(C)CC4)ccc3OCC)nc12,BNRNXUUZRGQAQC-UHFFFAOYSA-N
[O-][n+]1cccc(/C(Cl)=N/OC[C@H](O)CN2CCCCC2)c1,SGEIEGAXKLMUIZ-XUVDNFPMSA-N
CC[C@H](C)[C@H](NC(=O)[C@H](Cc1ccccc1)NC(=O)[C@H](CC(=O)O)NC(=O)[C@H](CCCNC(=N)N)NC(=O)[C@H](C)NC(=O)[C@H](C)NC(=O)[C@H](CC(C)C)NC(=O)[C@H](CC(N)=O)NC(=O)[C@H](CC(=O)O)NC(=O)[C@H](CC(C)C)NC(=O)[C@@H](NC(=O)[C@@H](NC(=O)[C@H](CC(N)=O)NC(=O)[C@H](CCSC)NC(=O)[C@H](CCC(=O)O)NC(=O)[C@H](CC(=O)O)NC(=O)[C@H](CO)NC(=O)[C@H](Cc1ccccc1)NC(=O)[C@H](CO)NC(=O)CNC(=O)[C@H](CC(=O)O)NC(=O)CNC(=O)[C@@H](N)Cc1c[nH]cn1)[C@@H](C)O)[C@@H](C)CC)C(=O)N[C@@H](CC(N)=O)C(=O)N[C@@H](Cc1c[nH]c2ccccc12)C(=O)N[C@@H](CC(C)C)C(=O)N[C@H](C(=O)N[C@@H](CCC(N)=O)C(=O)N[C@H](C(=O)N[C@@H](CCCCN)C(=O)N[C@H](C(=O)N[C@H](C(=O)N[C@@H](CC(=O)O)C(=O)O)[C@@H](C)O)[C@@H](C)CC)[C@@H](C)O)[C@@H](C)CC,CILIXQOJUNDIDU-ASQIGDHWSA-N
CN(C)C(=O)CCCOC(=O)C(C)(C)Oc1ccc(Cl)cc1,CXQGFLBVUNUQIA-UHFFFAOYSA-N
FC(F)(F)C(F)(F)C(F)(F)C(F)(F)C(F)(F)C(F)(F)C(F)(F)C(F)(F)Br,WTWWXOGTJWMJHI-UHFFFAOYSA-N
Oc1cc(Cl)ccc1Oc1ccc(Cl)cc1Cl,XEFQLINVKFYRCS-UHFFFAOYSA-N
COc1cc(Cc2cnc(N)nc2N)cc(OC)c1Br,BFCRRLMMHNLSCP-UHFFFAOYSA-N
CCCCC[C@H](O)/C=C/[C@H]1[C@H](O)CC(=O)[C@@H]1C/C=C\CCCC(=O)O,XEYBRNLFEZDVAW-ARSRFYASSA-N
CC(=O)OCC(=O)[C@@]1(O)CC[C@H]2[C@@H]3CCC4=CC(=O)CC[C@]4(C)[C@H]3C(=O)C[C@@]21C,ITRJWOMZKQRYTA-RFZYENFJSA-N
CC(C(=O)O)c1ccc2c(c1)Cc1cccnc1O2,TVQZAMVBTVNYLA-UHFFFAOYSA-N
CO/N=C(\C(=O)N[C@@H]1C(=O)N2C(C(=O)O)=C(CSc3nc(C)c(CC(=O)O)s3)CS[C@H]12)c1csc(N)n1,XDZKBRJLTGRPSS-BGZQYGJUSA-N
CCn1cc(C(=O)O)c(=O)c2ccc(-c3ccncc3)cc21,XBPZXDSZHPDXQU-UHFFFAOYSA-N
CCN1CCN(C(=O)N[C@@H](C(=O)N[C@@H]2C(=O)N3C(C(=O)O)=C(CSc4nnnn4C)CS[C@H]23)c2ccc(O)cc2)C(=O)C1=O,GCFBRXLSHGKWDP-XCGNWRKASA-N
COC(=O)N[C@H](C(=O)N[C@@H](Cc1ccccc1)[C@@H](O)CN(Cc1ccc(-c2ccccn2)cc1)NC(=O)[C@@H](NC(=O)OC)C(C)(C)C)C(C)(C)C,AXRYRYVKAWYZBR-GASGPIRDSA-N
Cc1nnc(SCC2=C(C(=O)O)N3C(=O)[C@@H](NC(=O)Cn4cc(Cl)c(=O)c(Cl)c4)[C@H]3SC2)s1,VTLCNEGVSVJLDN-MLGOLLRUSA-N
CCCCOC(=O)c1ccccc1C(=O)OCCCC,DOIRQSBPFJWKBE-UHFFFAOYSA-N
Cc1cc2c(OCC(O)CNC(C)C)cccc2[nH]1,NXWGWUVGUSFQJC-UHFFFAOYSA-N
CC[C@H](C)[C@H](NC(=O)[C@H](CCC(=O)O)NC(=O)[C@H](CCC(=O)O)NC(=O)[C@H](Cc1ccccc1)NC(=O)[C@H](CC(=O)O)NC(=O)CNC(=O)[C@H](CC(N)=O)NC(=O)CNC(=O)CNC(=O)CNC(=O)CNC(=O)[C@@H]1CCCN1C(=O)[C@H](CCCNC(=N)N)NC(=O)[C@@H]1CCCN1C(=O)[C@H](N)Cc1ccccc1)C(=O)N1CCC[C@H]1C(=O)N[C@@H](CCC(=O)O)C(=O)N[C@@H](CCC(=O)O)C(=O)N[C@@H](Cc1ccc(O)cc1)C(=O)N[C@@H](CC(C)C)C(=O)O,OIRCOABEOLEUMC-GEJPAHFPSA-N
C=C1c2cccc(O)c2C(=O)C2C(=O)[C@]3(O)C(=O)C(C(N)=O)C(=O)[C@@H](N(C)C)[C@@H]3[C@@H](O)[C@H]12,QNJKSUYWBCNWFI-KCDYASHQSA-N
COC(=O)C1=C(C)NC(C)=C(C(=O)O[C@H]2CCN(Cc3ccccc3)C2)[C@H]1c1cccc([N+](=O)[O-])c1,VXMOONUMYLCFJD-DHLKQENFSA-N
CN1[C@H]2CC[C@@H]1C[C@H](OC(=O)c1c[nH]c3ccccc13)C2,ZNRGQMMCGHDTEI-ITGUQSILSA-N
Clc1ccc(C(Cn2ccnc2)OCc2ccsc2Cl)c(Cl)c1,QXHHHPZILQDDPS-UHFFFAOYSA-N
CCn1cc(C(=O)O)c(=O)c2cc(F)c(N3CCN(C)CC3)cc21,FHFYDNQZQSQIAI-UHFFFAOYSA-N
O=C(O)Cc1sc(-c2ccccc2)nc1-c1ccc(Cl)cc1,JIEKMACRVQTPRC-UHFFFAOYSA-N
Nc1ccc(S(=O)(=O)Nc2ccnn2-c2ccccc2)cc1,QWCJHSGMANYXCW-UHFFFAOYSA-N
CSCC[C@H](NC(=O)[C@H](CO)NC(=O)[C@H](Cc1ccc(O)cc1)NC(=O)[C@@H](N)CO)C(=O)N[C@@H](CCC(=O)O)C(=O)N[C@@H](Cc1c[nH]cn1)C(=O)N[C@@H](Cc1ccccc1)C(=O)N[C@@H](CCCNC(=N)N)C(=O)N[C@@H](Cc1c[nH]c2ccccc12)C(=O)NCC(=O)N[C@@H](CCCCN)C(=O)N1CCC[C@H]1C(=O)N[C@H](C(=O)NCC(=O)N[C@@H](CCCCN)C(=O)N[C@@H](CCCCN)C(=O)N[C@@H](CCCNC(=N)N)C(=O)N[C@@H](CCCNC(=N)N)C(=O)N1CCC[C@H]1C(=O)N[C@H](C(=O)N[C@@H](CCCCN)C(=O)N[C@H](C(=O)N[C@@H](Cc1ccc(O)cc1)C(=O)N1CCC[C@H]1C(=O)O)C(C)C)C(C)C)C(C)C,ZOEFCCMDUURGSE-SQKVDDBVSA-N
Cc1ncc(CO)c(CO)c1O,LXNHXLLTXMVWPM-UHFFFAOYSA-N
COc1cc(NS(=O)(=O)c2ccc(N)cc2)nc(C)n1,QKLSCPPJEVXONT-UHFFFAOYSA-N
Nc1cc(-c2ccncc2)c[nH]c1=O,RNLQIBCLLYYYFJ-UHFFFAOYSA-N
CCOc1ncc(C)c2c1[C@H](c1ccc(C#N)cc1OC)C(C(N)=O)=C(C)N2,BTBHLEZXCOBLCY-QGZVFWFLSA-N
OC[C@H]1O[C@@H](c2ccc(Cl)c(Cc3ccc(O[C@H]4CCOC4)cc3)c2)[C@H](O)[C@@H](O)[C@@H]1O,OBWASQILIWPZMG-QZMOQZSNSA-N
O=C1C=CC2C(=C1)Oc1cc(O)ccc1C21OC(=O)c2ccccc21,VDBJCDWTNCKRTF-UHFFFAOYSA-N
COCC(=O)Nc1c(I)c(C(=O)NCC(O)CO)c(I)c(C(=O)N(C)CC(O)CO)c1I,DGAIEPBNLOQYER-UHFFFAOYSA-N
COc1ccc2cc([C@H](C)C(=O)OCCCCO[N+](=O)[O-])ccc2c1,AKFJWRDCWYYTIG-ZDUSSCGKSA-N
N=C(N)c1ccc(OCCCOc2ccc(C(=N)N)cc2)cc1,WTFXJFJYEJZMFO-UHFFFAOYSA-N
O=c1oc2ccccc2c(O)c1Cc1c(O)c2ccccc2oc1=O,DOBMPNYZJYQDGZ-UHFFFAOYSA-N
Nc1ccc(/N=N/c2ccccc2)c(N)n1,QPFYXYFORQJZEC-FOCLMDBBSA-N
C[C@]12CC[C@@H]3c4ccc(O)cc4CC[C@H]3[C@@H]1C[C@@H]([18F])[C@@H]2O,KDLLNMRYZGUVMA-ZYMZXAKXSA-N
CC(=O)O[C@]1(C(C)=O)CC[C@H]2[C@@H]3C[C@H](C)C4=CC(=O)C=C[C@]4(C)[C@@]3(F)[C@@H](O)C[C@@]21C,YRFXGQHBPBMFHW-SBTZIJSASA-N
Cl[C@H]1[C@H](Cl)[C@@H](Cl)[C@@H](Cl)[C@H](Cl)[C@H]1Cl,JLYXXMFPNIAWKQ-GNIYUCBRSA-N
NC[C@H]1O[C@H](O[C@@H]2[C@@H](N)C[C@@H](N)[C@H](O)[C@H]2O[C@@H]2O[C@H](CO)[C@@H](O)[C@H]2O)[C@H](N)[C@@H](O)[C@@H]1O,NSKGQURZWSPSBC-VVPCINPTSA-N
C[C@H](CCC(=O)O)[C@H]1CC[C@H]2[C@@H]3CC[C@@H]4C[C@H](O)CC[C@]4(C)[C@H]3C[C@H](O)[C@@]21C,KXGVEGMKQFWNSR-LLQZFEROSA-N
COc1ccc(CCNCC(O)COc2cccc(C)c2)cc1OC,HXLAFSUPPDYFEO-UHFFFAOYSA-N
CCC1(CC)C(=O)NC(=O)N(C)C1=O,FWJKNZONDWOGMI-UHFFFAOYSA-N
C[n+]1ccccc1C=NO,JBKPUQTUERUYQE-UHFFFAOYSA-O
C[S+](C)[O-],IAZDPXIOMUYVGZ-UHFFFAOYSA-N
C[C@@H]1CN([C@H]2CC[C@](C#N)(c3ccc(F)cc3)CC2)CC[C@]1(C(=O)O)c1ccccc1,ZCGOMHNNNFPNMX-KYTRFIICSA-N
C[C@@H]1NC(=O)[C@@H]2CCCN2C(=O)[C@H](CC(N)=O)NC(=O)[C@@H]2CSSC[C@H](N)C(=O)N[C@H]3CSSC[C@H](NC1=O)C(=O)N[C@@H]([C@@H](C)O)C(=O)NCC(=O)N[C@H](C(=O)N[C@@H](Cc1ccc(O)cc1)C(=O)O)CSSC[C@H](NC(=O)[C@H](Cc1ccc(O)cc1)NC(=O)[C@H](CCC(=O)O)NC3=O)C(=O)N2,KXGCNMMJRFDFNR-WDRJZQOASA-N
CN1C(=O)OC(C)(C)C1=O,IRYJRGCIQBGHIV-UHFFFAOYSA-N
CC(CCc1ccccc1)NCC(O)c1ccc(O)c(C(N)=O)c1,SGUAFYQXFOLMHL-UHFFFAOYSA-N
CCn1cc(C(=O)O)c(=O)c2cc3c(cc21)OCO3,KYGZCKSPAKDVKC-UHFFFAOYSA-N
O=c1[nH]c(=O)n([C@H]2C[C@H](O)[C@@H](CO)O2)cc1I,XQFRJNBWHJMXHO-RRKCRQDMSA-N
CCC(=O)NS(=O)(=O)c1ccc(-c2c(-c3ccccc3)noc2C)cc1,TZRHLKRLEZJVIJ-UHFFFAOYSA-N
Cc1cc(N)c2ccccc2[n+]1CCCCCCCCCC[n+]1c(C)cc(N)c2ccccc21,PCSWXVJAIHCTMO-UHFFFAOYSA-P
CC(C)(C)NCC(O)COc1cccc2c1CCC(=O)N2,LWAFSWPYPHEXKX-UHFFFAOYSA-N
O=C1O[C@H]([C@@H](O)CO)C(=O)C1O,PJBQWWHYTVYMLO-LZUUPNLKSA-N
CCOc1ccc(Cc2cc([C@@H]3O[C@H](SC)[C@@H](O)[C@H](O)[C@H]3O)ccc2Cl)cc1,QKDRXGFQVGOQKS-CRSSMBPESA-N
CC(=O)NC(CC(C)C)C(=O)O,WXNXCEHXYPACJF-UHFFFAOYSA-N
NC(=O)c1cn(Cc2c(F)cccc2F)nn1,POGQSBRIGCQNEG-UHFFFAOYSA-N
CCCN1C[C@H](CSC)C[C@@H]2c3cccc4[nH]cc(c34)C[C@H]21,YEHCICAEULNIGD-MZMPZRCHSA-N
C[C@]12CC[C@H]3[C@@H](CCC4C(=O)C(=O)CC[C@@]43C)[C@@H]1CCC2=O,ZMEULISFKSVRLQ-AZXRADLDSA-N
O=C(Cc1ccc(-c2ccccc2)cc1)Nc1ccccn1,PWHROYKAGRUWDQ-UHFFFAOYSA-N
CCCC(=O)O[C@]1(C(=O)CO)CC[C@H]2[C@@H]3CCC4=CC(=O)CC[C@]4(C)[C@H]3[C@@H](O)C[C@@]21C,BMCQMVFGOVHVNG-TUFAYURCSA-N
CCC/N=C1\S/C(=C\c2ccc(OC[C@H](O)CO)c(Cl)c2)C(=O)N1c1ccccc1C,LPAUOXUZGSBGDU-STDDISTJSA-N
CO/N=C1\C[C@]2(C[C@@H]3C[C@@H](C/C=C(\C)C[C@@H](C)/C=C/C=C4\CO[C@@H]5[C@H](O)C(C)=C[C@@H](C(=O)O3)[C@]45O)O2)O[C@H](/C(C)=C/C(C)C)[C@H]1C,YZBLFMPOMVTDJY-LSGXYNIPSA-N
CC(C)(C)NCC(O)c1ccc(O)c(NC(N)=O)c1,KEMXXQOFIRIICG-UHFFFAOYSA-N
C[C@]12C[C@H](O)[C@@]3(F)[C@@H](CCC4=CC(=O)C=C[C@@]43C)[C@@H]1C[C@@H](O)[C@]2(O)C(=O)CO,GFNANZIMVAIWHM-OBYCQNJPSA-N
CCOC(=O)CN[C@@H](C(=O)N1CC[C@H]1C(=O)NCc1ccc(/C(N)=N\O)cc1)C1CCCCC1,ZXIBCJHYVWYIKI-PZJWPPBQSA-N
CC(C)(C)NCC(O)c1cc(Cl)c(N)c(Cl)c1,STJMRWALKKWQGH-UHFFFAOYSA-N
CCCCN1CCCCC1C(=O)Nc1c(C)cccc1C,LEBVLXFERQHONN-UHFFFAOYSA-N
NC[C@H]1CC[C@H](C(=O)O)CC1,GYDJEQRTZSCIOI-LJGSYFOKSA-N
CCCCC/C=C\C/C=C\C/C=C\CCCCC(=O)O,VZCCETWTMQHEPK-QNEBEIHSSA-N
O=C1C(CC[S+]([O-])c2ccccc2)C(=O)N(c2ccccc2)N1c1ccccc1,MBGGBVCUIVRRBF-UHFFFAOYSA-N
CC(S)C(=O)NCC(=O)O,YTGJWQPHMWSCST-UHFFFAOYSA-N
OC(c1cc(C(F)(F)F)nc2c(C(F)(F)F)cccc12)C1CCCCN1,XEEQGYMUWCZPDN-UHFFFAOYSA-N
Cn1nnc2ccc([C@H](c3ccc(Cl)cc3)n3cncn3)cc21,XLMPPFTZALNBFS-INIZCTEOSA-N
Cc1ccc(S(=O)(=O)NC(=O)N[C@H]2[C@H]3CC[C@@](C)([C@H]2O)C3(C)C)cc1,RMTYNAPTNBJHQI-LLDVTBCESA-N
C=C1CC[C@@]2(O)[C@H]3Cc4ccc(O)c5c4[C@@]2(CCN3CC2CC2)[C@H]1O5,WJBLNOPPDWQMCH-MBPVOVBZSA-N
O=C1c2c(O)cccc2Cc2cccc(O)c21,NUZWLKWWNNJHPT-UHFFFAOYSA-N
O=C(NCCO[N+](=O)[O-])c1cccnc1,LBHIOVVIQHSOQN-UHFFFAOYSA-N
CC(=O)N[C@H](Cc1ccc2ccccc2c1)C(=O)N[C@H](Cc1ccc(Cl)cc1)C(=O)N[C@H](Cc1cccnc1)C(=O)N[C@@H](CO)C(=O)N[C@@H](Cc1ccc(O)cc1)C(=O)N[C@H](CCCNC(N)=O)C(=O)N[C@@H](CC(C)C)C(=O)N[C@@H](CCCNC(=N)N)C(=O)N1CCC[C@H]1C(=O)N[C@H](C)C(N)=O,SBNPWPIBESPSIF-MHWMIDJBSA-N
Cc1noc(NS(=O)(=O)c2ccc(N)cc2)c1C,NHUHCSRWZMLRLA-UHFFFAOYSA-N
CC[C@H](C)[C@H](NC(=O)[C@H](CCC(=O)O)NC(=O)[C@H](CO)NC(=O)[C@@H](NC(=O)[C@@H](N)CO)C(C)C)C(=O)N[C@@H](CCC(N)=O)C(=O)N[C@@H](CC(C)C)C(=O)N[C@@H](CCSC)C(=O)N[C@@H](Cc1cnc[nH]1)C(=O)N[C@@H](CC(N)=O)C(=O)N[C@@H](CC(C)C)C(=O)NCC(=O)N[C@@H](CCCCN)C(=O)N[C@@H](Cc1cnc[nH]1)C(=O)N[C@@H](CC(C)C)C(=O)N[C@@H](CC(N)=O)C(=O)N[C@@H](CO)C(=O)N[C@@H](CCSC)C(=O)N[C@@H](CCC(=O)O)C(=O)N[C@@H](CCCNC(=N)N)C(=O)N[C@H](C(=O)N[C@@H](CCC(=O)O)C(=O)N[C@@H](Cc1c[nH]c2ccccc12)C(=O)N[C@@H](CC(C)C)C(=O)N[C@@H](CCCNC(=N)N)C(=O)N[C@@H](CCCCN)C(=O)N[C@@H](CCCCN)C(=O)N[C@@H](CC(C)C)C(=O)N[C@@H](CCC(N)=O)C(=O)N[C@@H](CC(=O)O)C(=O)N[C@H](C(=O)N[C@@H](Cc1cnc[nH]1)C(=O)N[C@@H](CC(N)=O)C(=O)N[C@@H](Cc1ccccc1)C(=O)O)C(C)C)C(C)C,OGBMKVWORPGQRR-UMXFMPSGSA-N
CC(C)(CO)[C@@H](O)C(=O)NCCCO,SNPLKNRPJHDVJA-ZETCQYMHSA-N
CC(O)(CS(=O)(=O)c1ccc(F)cc1)C(=O)Nc1ccc(C#N)c(C(F)(F)F)c1,LKJPYSCBVHEWIU-UHFFFAOYSA-N
CCOc1nc2cccc(C(=O)OCc3oc(=O)oc3C)c2n1Cc1ccc(-c2ccccc2-c2noc(=O)[nH]2)cc1,QJFSABGVXDWMIW-UHFFFAOYSA-N
C[C@@H]1C[C@H]2[C@@H]3CCC4=CC(=O)C=C[C@]4(C)[C@@]3(Cl)[C@@H](O)C[C@]2(C)[C@@]1(OC(=O)c1ccco1)C(=O)CCl,WOFMFGQZHJDGCX-ZULDAHANSA-N
[S],NINIDFKCEFEMDL-UHFFFAOYSA-N
Cc1c(OCC(F)(F)F)ccnc1C[S@@+]([O-])c1nc2ccccc2[nH]1,MJIHNNLFOKEZEW-RUZDIDTESA-N
CN(C)c1cc(NC(=O)CNC(C)(C)C)c(O)c2c1C[C@H]1C[C@H]3[C@H](N(C)C)C(=O)C(C(N)=O)C(=O)[C@@]3(O)C(=O)C1C2=O,CGZOGNUFXMNYEI-UDUHKTKDSA-N
Nc1nc2c(ncn2COCCO)c(=O)[nH]1,MKUXAQIIEYXACX-UHFFFAOYSA-N
CCOC(=O)[N-]c1c[n+](N2CCOCC2)no1,XLFWDASMENKTKL-UHFFFAOYSA-N
OC(CCN1CCCCC1)(c1ccccc1)C1CCCCC1,HWHLPVGTWGOCJO-UHFFFAOYSA-N
CCC(C)n1ncn(-c2ccc(N3CCN(c4ccc(OCC5COC(Cn6cncn6)(c6ccc(Cl)cc6Cl)O5)cc4)CC3)cc2)c1=O,VHVPQPYKVGDNFY-UHFFFAOYSA-N
O=C(O[C@@H]1C[C@@H]2C[C@H]3C[C@H](C1)N2CC3=O)c1c[nH]c2ccccc12,UKTAZPQNNNJVKR-KJGYPYNMSA-N
CC[C@@H]1[C@@H]2C[C@H](O)CC[C@]2(C)[C@H]2CC[C@@]3(C)[C@@H](CC[C@@H]3[C@H](C)CCC(=O)O)[C@@H]2[C@@H]1O,ZXERDUOLZKYMJM-ZWECCWDJSA-N
CC(CC(c1ccccc1)c1ccccc1)NC(C)(C)C,UISARWKNNNHPGI-UHFFFAOYSA-N
C=C1CC[C@H](O)C/C1=C/C=C1\CCC[C@@]2(C)[C@H]1CC[C@@H]2[C@H](C)/C=C/[C@H](C)C(C)C,MECHNRXZTMCUDQ-RKHKHRCZSA-N
COc1ccc2c(=O)c(C)c(-c3ccccc3)oc2c1CN(C)C,ZXFQRFXLFWWKLX-UHFFFAOYSA-N
Cc1nc(C(=O)NCC(=O)O)c(O)c2ccc(Oc3ccccc3)cc12,YOZBGTLTNGAVFU-UHFFFAOYSA-N
CNC(=C[N+](=O)[O-])NCCSCc1csc(CN(C)C)n1,SGXXNSQHWDMGGP-UHFFFAOYSA-N
COc1ccc(C[C@@H]2c3cc(OC)c(OC)cc3CC[N@+]2(C)CCC(=O)OCCCCCOC(=O)CC[N@@+]2(C)CCc3cc(OC)c(OC)cc3[C@H]2Cc2ccc(OC)c(OC)c2)cc1OC,YXSLJKQTIDHPOT-LJCJQEJUSA-N
NC(=O)N/N=C/c1ccc([N+](=O)[O-])o1,IAIWVQXQOWNYOU-FPYGCLRLSA-N
CC(Oc1c(Cl)cccc1Cl)C1=NCCN1,KSMAGQUYOIHWFS-UHFFFAOYSA-N
CCCOc1ccc(S(=O)(=O)NCCC2CCCN2C)cc1-c1nc2c(CCC)nn(C)c2c(=O)[nH]1,IYFNEFQTYQPVOC-UHFFFAOYSA-N
O=C(Nc1cccc2c(=O)cc(-c3nnn[nH]3)oc12)c1ccc(OCCCCc2ccccc2)cc1,NBQKINXMPLXUET-UHFFFAOYSA-N
NC(=O)N/N=C1\C=Cc2ccccc2C1=O,TZGBBMBARSFJBG-UKTHLTGXSA-N
CC[N+](CC)(CC)CCOc1cccc(OCC[N+](CC)(CC)CC)c1OCC[N+](CC)(CC)CC,OZLPUNFFCJDMJD-UHFFFAOYSA-N
O=C1OCCN1/N=C/c1ccc([N+](=O)[O-])o1,PLHJDBGFXBMTGZ-WEVVVXLNSA-N
CC(=O)OCC(=O)[C@H]1CC[C@H]2[C@@H]3CCC4=CC(=O)CC[C@]4(C)[C@H]3CC[C@]12C,VPGRYOFKCNULNK-ACXQXYJUSA-N
C[C@@H](O[C@H]1OCCN(Cc2n[nH]c(=O)[nH]2)[C@H]1c1ccc(F)cc1)c1cc(C(F)(F)F)cc(C(F)(F)F)c1,ATALOFNDEOCMKK-OITMNORJSA-N
CCCS(=O)(=O)N[C@H]1C[C@@H](N(C)c2ncnc3[nH]ccc23)C1,IUEWXNHSKRWHDY-PHIMTYICSA-N
O=C(OCCN1CCCCCC1)C(c1ccsc1)C1CCCCC1,MMNICIJVQJJHHF-UHFFFAOYSA-N
CCCCCCNC(=N)NC(=N)N,VAZJLPXFVQHDFB-UHFFFAOYSA-N
COc1cc(NS(=O)(=O)c2ccc(N)cc2)nc(OC)n1,ZZORFUFYDOWNEF-UHFFFAOYSA-N
OC1(c2ccc(Cl)cc2)c2ccccc2C2=NCCN21,ZPXSCAKFGYXMGA-UHFFFAOYSA-N
O=[N+]([O-])O[C@@H]1CO[C@@H]2[C@@H](O)CO[C@H]12,YWXYYJSYQOXTPL-SLPGGIOYSA-N
N=C(N)NCC1COc2ccccc2O1,HIUVKVDQFXDZHU-UHFFFAOYSA-N
C[C@@H]1C[C@H]2[C@@H]3CCC4=CC(=O)C=C[C@]4(C)C3=CC[C@]2(C)[C@H]1C(=O)CN1CCN(c2cc(N3CCCC3)nc(N3CCCC3)n2)CC1,RBKASMJPSJDQKY-RBFSKHHSSA-N
CCOC(=O)/C=C1\SC(N2CCCCC2)C(=O)N1C,ZCKKHYXUQFTBIK-KTKRTIGZSA-N
CC1=C(/C=C/C(C)=C/C=C/C(C)=C/CO)C(C)(C)CCC1,FPIPGXGPPPQFEQ-OVSJKPMPSA-N
CC(C(=O)O)c1ccc2oc(-c3ccc(Cl)cc3)nc2c1,MITFXPHMIHQXPI-UHFFFAOYSA-N
Clc1ccc(CCCOCCCN2CCCCC2)cc1,NNACHAUCXXVJSP-UHFFFAOYSA-N
NC(=O)c1ncn([C@@H]2O[C@H](CO)[C@@H](O)[C@H]2O)n1,IWUCXVSUMQZMFG-AFCXAGJDSA-N
CO[C@H]1/C=C/O[C@@]2(C)Oc3c(C)c(O)c4c(c3C2=O)C2=NC3(CCN(CC(C)C)CC3)NC2=C(NC(=O)/C(C)=C\C=C\[C@H](C)[C@H](O)[C@@H](C)[C@@H](O)[C@@H](C)[C@H](OC(C)=O)[C@@H]1C)C4=O,ATEBXHFBFRCZMA-VXTBVIBXSA-N
CCN(CC)C(=O)Nc1ccc(OCC(O)CNC(C)(C)C)c(C(C)=O)c1,JOATXPAWOHTVSZ-UHFFFAOYSA-N
CCCCCCCN(CC)CCCC(O)c1ccc(NS(C)(=O)=O)cc1,ALOBUEHUHMBRLE-UHFFFAOYSA-N
C[C@@H](O)[C@H]1C(=O)N2C(C(=O)OCOC(=O)C(C)(C)C)=C(SC3CN(C4=NCCS4)C3)[C@H](C)[C@H]12,SNUDIPVBUUXCDG-QHSBEEBCSA-N
CC[C@H](OC(C)=O)C(C[C@H](C)N(C)C)(c1ccccc1)c1ccccc1,XBMIVRRWGCYBTQ-AVRDEDQJSA-N
COc1ccc(OC)c(C(O)C(C)N)c1,WJAJPNHVVFWKKL-UHFFFAOYSA-N
Oc1ccc(C(O)C2CCCCN2)cc1O,IYMMESGOJVNCKV-UHFFFAOYSA-N
CO/N=C(\C(=O)N[C@@H]1C(=O)N2C(C(=O)[O-])=C(C[n+]3ccn4ncccc43)CS[C@H]12)c1nsc(N)n1,QDUIJCOKQCCXQY-WHJQOFBOSA-N
Clc1ccc2nsnc2c1NC1=NCCN1,XFYDIVBRZNQMJC-UHFFFAOYSA-N
C[N+](C)(C)NCCC(=O)[O-],PVBQYTCFVWZSJK-UHFFFAOYSA-N
CC12C=CC(C(=O)O[C@H]3CC[C@H]4[C@@H]5CCC6=CC(=O)CC[C@@H]6[C@H]5CC[C@]34C)(CC1)CC2,REACBNMPQDINOF-YBBIQVIJSA-N
CCOC(=S)SSC(=S)OCC,FVIGODVHAVLZOO-UHFFFAOYSA-N
Nc1cc(Cl)c(N=C2NCCN2)c(Cl)c1,IEJXVRYNEISIKR-UHFFFAOYSA-N
CCCl,HRYZWHHZPQKTII-UHFFFAOYSA-N
CC(C)n1nccc1-c1ncccc1COc1cccc(O)c1C=O,FWCVZAQENIZVMY-UHFFFAOYSA-N
O=[N+]([O-])OC[C@H](O[N+](=O)[O-])[C@@H](CO[N+](=O)[O-])O[N+](=O)[O-],SNFOERUNNSHUGP-ZXZARUISSA-N
CN[C@H](CC(C)C)C(=O)N[C@H]1C(=O)N[C@@H](CC(N)=O)C(=O)N[C@H]2C(=O)N[C@H]3C(=O)N[C@H](C(=O)N[C@H](C(=O)O)c4cc(O)cc(O)c4-c4cc3ccc4O)[C@H](O[C@H]3C[C@](C)(N)[C@@H](O)[C@H](C)O3)c3ccc(c(Cl)c3)Oc3cc2cc(c3O[C@@H]2O[C@H](CO)[C@@H](O)[C@H](O)[C@H]2O[C@H]2C[C@](C)(NCc3ccc(-c4ccc(Cl)cc4)cc3)[C@@H](O)[C@H](C)O2)Oc2ccc(cc2Cl)[C@H]1O,VHFGEBVPHAGQPI-LXKZPTCJSA-N
Nc1ccc(S(=O)(=O)c2ccc(N)cc2)cc1,MQJKPEGWNLWLTK-UHFFFAOYSA-N
FS(F)(F)(F)(F)F,SFZCNBIFKDRMGX-UHFFFAOYSA-N
CO/N=C(\C(=O)N[C@@H]1C(=O)N2C(C(=O)O)=C(C)CS[C@H]12)c1csc(N)n1,MQLRYUCJDNBWMV-GHXIOONMSA-N
CN(C)[C@@H]1C(=O)C(C(N)=O)C(=O)[C@@]2(O)C(=O)C3C(=O)c4c(O)ccc(Cl)c4[C@@H](O)[C@H]3C[C@@H]12,JHOHXJYRVSLQCB-AMESULRKSA-N
NC(=O)CC[C@H](N)C(=O)O,ZDXPYRJPNDTMRX-VKHMYHEASA-N
Cc1c(OCC(F)(F)F)ccnc1C[S+]([O-])c1nc2ccccc2[nH]1,MJIHNNLFOKEZEW-UHFFFAOYSA-N
CC1(C)[C@@H]2CC[C@@]1(C)C(=O)C2,DSSYKIVIOFKYAU-XCBNKYQSSA-N
COC(=O)c1ccccc1C(=O)OC,NIQCNGHVCWTJSM-UHFFFAOYSA-N
COC(=O)C1=C(C#N)NC(C)=C(C(=O)OC(C)C)C1c1cccc([N+](=O)[O-])c1,FAIIFDPAEUKBEP-UHFFFAOYSA-N
O=C(N[C@H](CO)[C@H](O)c1ccc([N+](=O)[O-])cc1)C(Cl)Cl,WIIZWVCIJKGZOK-RKDXNWHRSA-N
Nc1nc(/C(=C/CC(=O)O)C(=O)N[C@@H]2C(=O)N3C(C(=O)O)=CCS[C@H]23)cs1,UNJFKXSSGBWRBZ-BJCIPQKHSA-N
CC(NCCC(c1ccccc1)c1ccccc1)c1ccccc1,NMKSAYKQLCHXDK-UHFFFAOYSA-N
CCC(C)(C)C(=O)O[C@H]1C[C@@H](C)C=C2C=C[C@H](C)[C@H](CC[C@@H]3C[C@@H](O)CC(=O)O3)[C@H]21,RYMZZMVNJRMUDD-HGQWONQESA-N
C=C1/C(=C\C=C2/CCC[C@@]3(C)[C@H]2CC[C@@H]3[C@H](C)CC[C@@H](O)C(C)C)C[C@@H](O)C[C@@H]1O,BJYLYJCXYAMOFT-RSFVBTMBSA-N
N#Cc1cccc(C(NCC2CC2)c2ccc(F)c(NC(=O)c3cc(C(F)(F)F)nn3-c3cccc(CN)c3)c2)c1,UXNXMBYCBRBRFD-UHFFFAOYSA-N
C[C@H]1CNCCCN1S(=O)(=O)c1cccc2cncc(F)c12,QSKQVZWVLOIIEV-NSHDSACASA-N
NCC[C@H](O)C(=O)N[C@@H]1C[C@H](N)[C@@H](O[C@H]2O[C@H](CN)[C@@H](O)[C@H](O)[C@H]2O)[C@H](O)[C@H]1O[C@H]1O[C@H](CO)[C@@H](O)[C@H](N)[C@H]1O,LKCWBDHBTVXHDL-RMDFUYIESA-N
Cc1cn2nc(-c3cc(=O)n4cc(N5CCNC6(CC6)C5)ccc4n3)cc(C)c2n1,ASKZRYGFUPSJPN-UHFFFAOYSA-N
CSCC[C@H](NC(=O)[C@H](Cc1ccc(OS(=O)(=O)O)cc1)NC(=O)[C@@H](N)CC(=O)O)C(=O)NCC(=O)N[C@@H](Cc1c[nH]c2ccccc12)C(=O)N[C@@H](CCSC)C(=O)N[C@@H](CC(=O)O)C(=O)N[C@@H](Cc1ccccc1)C(N)=O,IZTQOLKUZKXIRV-YRVFCXMDSA-N
N#CC(CCN1CCC(C(=O)O)(c2ccccc2)CC1)(c1ccccc1)c1ccccc1,UFIVBRCCIRTJTN-UHFFFAOYSA-N
CC(=O)O[C@H]1C[C@@H]2CC[C@@H]3[C@H](CC[C@@]4(C)[C@H]3C[C@H]([N+]3(C)CCCCC3)[C@@H]4OC(C)=O)[C@@]2(C)C[C@@H]1[N+]1(C)CCCCC1,GVEAYVLWDAFXET-XGHATYIMSA-N
CCCOC(=O)Cc1ccc(OCC(=O)N(CC)CC)c(OC)c1,KEJXLQUPYHWCNM-UHFFFAOYSA-N
CC1(C)O[C@@H]2C[C@H]3[C@@H]4CCC5=CC(=O)C=C[C@]5(C)[C@H]4[C@@H](O)C[C@]3(C)[C@]2(C(=O)CO)O1,WBGKWQHBNHJJPZ-LECWWXJVSA-N
C=C(CC)C(=O)c1ccc(OCC(=O)O)c(Cl)c1Cl,AVOLMBLBETYQHX-UHFFFAOYSA-N
COC[C@@H](NC(C)=O)C(=O)NCc1ccccc1,VPPJLAIAVCUEMN-GFCCVEGCSA-N
Cc1cccc(C)c1NC(=O)c1cc(S(N)(=O)=O)c(Cl)cc1O,MTZBBNMLMNBNJL-UHFFFAOYSA-N
COC(=O)[C@H]1[C@@H](c2ccc([123I])cc2)C[C@@H]2CC[C@H]1N2CCCF,HXWLAJVUJSVENX-HFIFKADTSA-N
NS(=O)(=O)c1cc2c(cc1Cl)NC(CC1CCCC1)NS2(=O)=O,BKYKPTRYDKTTJY-UHFFFAOYSA-N
CC(Cc1ccc(O)cc1)NCC(O)c1cc(O)cc(O)c1,LSLYOANBFKQKPT-UHFFFAOYSA-N
CC(C)OC(=O)CCC/C=C\C[C@H]1[C@@H](O)C[C@@H](O)[C@@H]1CC[C@@H](O)CCc1ccccc1,GGXICVAJURFBLW-CEYXHVGTSA-N
CC1(C)S[C@@H]2[C@H](NC(=O)C(C(=O)Oc3ccccc3)c3ccccc3)C(=O)N2[C@H]1C(=O)O,NZDASSHFKWDBBU-KVMCETHSSA-N
CCN(CC)CCc1nc(-c2ccccc2)no1,IDCHQQSVJAAUQQ-UHFFFAOYSA-N
C/N=C(\NC)NCc1ccccc1,NIVZHWNOUVJHKV-UHFFFAOYSA-N
CC1CCCC(C)N1NC(=O)c1ccc(Cl)c(S(N)(=O)=O)c1,LBXHRAWDUMTPSE-UHFFFAOYSA-N
COc1ccc2c3c1O[C@H]1C(OC(C)=O)=CC[C@H]4[C@@H](C2)N(C)CC[C@]314,RRJQTGHQFYTZOW-ILWKUFEGSA-N
CC(O)(CC(=O)O)CC(=O)O,NPOAOTPXWNWTSH-UHFFFAOYSA-N
O=C1Nc2ccc(Cl)cc2[C@@](C#CC2CC2)(C(F)(F)F)O1,XPOQHMRABVBWPR-ZDUSSCGKSA-N
Oc1c(Cl)cc(Cl)cc1Sc1cc(Cl)cc(Cl)c1O,JFIOVJDNOJYLKP-UHFFFAOYSA-N
CC(C)NCC(O)c1ccc(NS(C)(=O)=O)cc1,ZBMZVLHSJCTVON-UHFFFAOYSA-N
CCCCC(C)(O)C/C=C/[C@H]1[C@H](O)CC(=O)[C@@H]1CCCCCCC(=O)OC,OJLOPKGSLYJEMD-URPKTTJQSA-N
CCCCC1(COC(=O)CCC(=O)O)C(=O)N(c2ccccc2)N(c2ccccc2)C1=O,ONWXNHPOAGOMTG-UHFFFAOYSA-N
CC1CNc2c(cccc2S(=O)(=O)N[C@@H](CCCNC(=N)N)C(=O)N2CC[C@@H](C)C[C@@H]2C(=O)O)C1,KXNPVXPOPUZYGB-IOVMHBDKSA-N
O=[N+]([O-])OCC(CO[N+](=O)[O-])(CO[N+](=O)[O-])CO[N+](=O)[O-],TZRXHJWUDPFEEY-UHFFFAOYSA-N
Clc1ccc(COC(Cn2ccnc2)c2ccc(Cl)cc2Cl)cc1,LEZWWPYKPKIXLL-UHFFFAOYSA-N
CCCc1nc(C(C)(C)O)c(C(=O)OCc2oc(=O)oc2C)n1Cc1ccc(-c2ccccc2-c2nnn[nH]2)cc1,UQGKUQLKSCSZGY-UHFFFAOYSA-N
Cc1c(C)c2c(c(C)c1O)CCC(C)(COc1ccc(CC3SC(=O)NC3=O)cc1)O2,GXPHKUHSUJUWKP-UHFFFAOYSA-N
COC(=O)Nc1nc2cc(C(=O)c3ccccc3)ccc2[nH]1,OPXLLQIJSORQAM-UHFFFAOYSA-N
C=C(CCCCCCCCCCCCCCCc1nnn[nH]1)NS(=O)(=O)CCCC(=O)NCCOCCOCC(=O)N[C@@H](CCC(=O)N[C@@H](CCC(=O)NCCOCCOCC(=O)N[C@@H](CCCCNC(=O)CSC[C@H](N)C(=O)O)C(N)=O)C(=O)O)C(=O)O,NAKSIOUBFDBTSW-ITMZJIMRSA-N
O=C1CC[C@@H](C(=O)N2CSC[C@H]2C(=O)O)N1,UUTKICFRNVKFRG-WDSKDSINSA-N
CO[C@@]1(NC(=O)C(C(=O)O)c2ccsc2)C(=O)N2[C@@H](C(=O)O)C(C)(C)S[C@@H]21,BVCKFLJARNKCSS-DWPRYXJFSA-N
Cc1cc(NS(=O)(=O)c2ccc(N)cc2)nc(C)n1,YZMCKZRAOLZXAZ-UHFFFAOYSA-N
Cc1cccc(Nc2ccncc2S(=O)(=O)NC(=O)NC(C)C)c1,NGBFQHCMQULJNZ-UHFFFAOYSA-N
CS(=O)(=O)c1ccc(C2=C(c3ccccc3)C(=O)OC2)cc1,RZJQGNCSTQAWON-UHFFFAOYSA-N
COc1cc(/C=C/C(=O)N2CCN(CC(=O)N3CCCC3)CC2)cc(OC)c1OC,RCUDFXMNPQNBDU-VOTSOKGWSA-N
CO[C@@]1(NC(=O)C(C(=O)O)c2ccc(O)cc2)C(=O)N2C(C(=O)O)=C(CSc3nnnn3C)CO[C@@H]21,JWCSIUVGFCSJCK-CAVRMKNVSA-N
N[C@@H](CSCC(=O)O)C(=O)O,GBFLZEXEOZUWRN-VKHMYHEASA-N
C=CCOc1ccc(CC(=O)O)cc1Cl,ARHWPKZXBHOEEE-UHFFFAOYSA-N
CC(C)=CC1C(C(=O)OCN2C(=O)C3=C(CCCC3)C2=O)C1(C)C,CXBMCYHAMVGWJQ-UHFFFAOYSA-N
CC(=O)O[C@H]1Cc2ccccc2N(C(N)=O)c2ccccc21,QIALRBLEEWJACW-INIZCTEOSA-N
C[C@H](Cc1cc2c(c(C(N)=O)c1)N(CCCO)CC2)NCCOc1ccccc1OCC(F)(F)F,PNCPYILNMDWPEY-QGZVFWFLSA-N
CCCCC(C(=O)O)C(=O)N(Nc1ccccc1)c1ccccc1,FLWFHHFTIRLFPV-UHFFFAOYSA-N
NC[C@@H]1CC[C@@H](N)[C@@H](O[C@@H]2[C@@H](N)C[C@@H](N)[C@H](O[C@H]3O[C@H](CO)[C@@H](O)[C@H](N)[C@H]3O)[C@H]2O)O1,JJCQSGDBDPYCEO-XVZSLQNASA-N
NC(=O)N1c2ccccc2C[C@H](O)c2ccccc21,BMPDWHIDQYTSHX-AWEZNQCLSA-N
C[C@]1(COc2ccc(N3CCC(Oc4ccc(OC(F)(F)F)cc4)CC3)cc2)Cn2cc([N+](=O)[O-])nc2O1,XDAOLTSRNUSPPH-XMMPIXPASA-N
C[C@]12CC[C@@H]3[C@H]4CCC(=O)C=C4CC[C@H]3[C@@H]1CC[C@@H]2OC(=O)CCc1ccccc1,UBWXUGDQUBIEIZ-QNTYDACNSA-N
COc1cc2c(c(OC)c1OC)-c1ccc(OC)c(=O)cc1[C@@H](NC(C)=O)CC2,IAKHMKGGTNLKSZ-INIZCTEOSA-N
CCc1cn([C@H]2C[C@H](O)[C@@H](CO)O2)c(=O)[nH]c1=O,XACKNLSZYYIACO-DJLDLDEBSA-N
COC(=O)Nc1nc2cc(Sc3ccccc3)ccc2[nH]1,HDDSHPAODJUKPD-UHFFFAOYSA-N
CN(CC1(C)CCCO1)S(=O)(=O)c1ccc(Cl)c(S(N)(=O)=O)c1,SMNOERSLNYGGOU-UHFFFAOYSA-N
COC(=O)C1=C(C)NC(C)=C(C(=O)OCCN2CCN(C(c3ccccc3)c3ccccc3)CC2)C1c1cccc([N+](=O)[O-])c1,ANEBWFXPVPTEET-UHFFFAOYSA-N
CC(C(=O)O)c1ccc(C(=O)c2ccccc2)s1,GUHPRPJDBZHYCJ-UHFFFAOYSA-N
CONC(=O)Nc1ccc(-c2sc3c(c2CN(C)C)c(=O)n(-c2ccc(OC)nn2)c(=O)n3Cc2c(F)cccc2F)cc1,AOMXMOCNKJTRQP-UHFFFAOYSA-N
C[C@H](CCC(=O)O)[C@H]1CC[C@H]2[C@@H]3[C@@H](O)C[C@@H]4C[C@H](O)CC[C@]4(C)[C@H]3CC[C@@]21C,RUDATBOHQWOJDD-UZVSRGJWSA-N
C[C@@H]1C[C@H]2[C@@H]3C[C@H](F)C4=CC(=O)C=C[C@]4(C)[C@@]3(F)[C@@H](O)C[C@]2(C)[C@@]1(OC(=O)c1ccco1)C(=O)SCF,XTULMSXFIHGYFS-VLSRWLAYSA-N
CNC(C)CC1CCCC1,HFXKQSZZZPGLKQ-UHFFFAOYSA-N
COc1ccc(NS(=O)(=O)c2ccc(N)cc2)nn1,VLYWMPOKSSWJAL-UHFFFAOYSA-N
CCNC(C)Cc1cccc(C(F)(F)F)c1,DBGIVFWFUFKIQN-UHFFFAOYSA-N
CC(=O)CC(c1ccc([N+](=O)[O-])cc1)c1c(O)c2ccccc2oc1=O,VABCILAOYCMVPS-UHFFFAOYSA-N
CCN[C@@H]1C[C@H](N)[C@@H](O[C@H]2OC(CN)=CC[C@H]2N)[C@H](O)[C@H]1O[C@H]1OC[C@](C)(O)[C@H](NC)[C@H]1O,CIDUJQMULVCIBT-MQDUPKMGSA-N
CC(=O)CCC1C(=O)N(c2ccccc2)N(c2ccccc2)C1=O,LGYTZKPVOAIUKX-UHFFFAOYSA-N
C[C@](N)(Cc1ccc(O)c(O)c1)C(=O)O,CJCSPKMFHVPWAR-JTQLQIEISA-N
CCC(=O)O[C@]1(C(=O)CO)CC[C@H]2[C@@H]3CCC4=CC(=O)CC[C@]4(C)[C@H]3CC[C@@]21C,GPNHMOZDMYNCPO-PDUMRIMRSA-N
CNc1ncc(-c2ccc3c(=O)c(C(=O)O)cn(C4CC4)c3c2C)cc1C,XPIJWUTXQAGSLK-UHFFFAOYSA-N
CCc1nc(N)nc(N)c1-c1ccc(Cl)cc1,WKSAUQYGYAYLPV-UHFFFAOYSA-N
CCN(CC)CCNC(=O)c1ccc(N)cc1,REQCZEXYDRLIBE-UHFFFAOYSA-N
CC#CCC(C)[C@H](O)/C=C/[C@@H]1[C@H]2c3cccc(CCCC(=O)O)c3O[C@H]2C[C@H]1O,CTPOHARTNNSRSR-APJZLKAGSA-N
